run,task,version,window,n_nodes,mean_novelty,h_spatial,h_fitness,breakthrough
20260723_204526_cvrp_v4_rep1,cvrp_aco,version4,1,10,0.3198496079229811,2.296307833764342,2.297250438999893,1
20260723_204526_cvrp_v4_rep1,cvrp_aco,version4,2,8,0.30920241325126474,2.076863437657563,2.0758091568127037,0
20260723_204526_cvrp_v4_rep1,cvrp_aco,version4,3,9,0.3061632458545135,2.1954688387533547,2.194708241414297,0
20260723_204526_cvrp_v4_rep1,cvrp_aco,version4,4,10,0.14420795909077935,2.300327676522303,2.2990267031570886,0
20260723_204526_cvrp_v4_rep1,cvrp_aco,version4,5,10,0.1526351663791536,2.296621834270454,2.295268903793892,0
20260723_204526_cvrp_v4_rep1,cvrp_aco,version4,6,9,0.10345765100615595,2.192854771604559,2.189899701767218,0
20260723_204526_cvrp_v4_rep1,cvrp_aco,version4,7,10,0.09332941418879695,2.2865387136078885,2.2851419337605523,0
20260723_204526_cvrp_v4_rep1,cvrp_aco,version4,8,9,0.1574269091387831,2.179620915543713,2.1770021635681585,0
20260723_204526_cvrp_v4_rep1,cvrp_aco,version4,9,10,0.07934492562629994,2.293364169942533,2.2924459025001296,0
20260723_204526_cvrp_v4_rep1,cvrp_aco,version4,10,10,0.07648979554129616,2.2960091944296432,2.2960226030499467,0
20260723_204526_cvrp_v4_rep1,cvrp_aco,version4,11,10,0.08573033845541998,2.294747522998905,2.2946857599842945,0
20260723_204526_cvrp_v4_rep1,cvrp_aco,version4,12,9,0.0967375612656993,2.1920272497258124,2.1922101284234543,0
20260723_204526_cvrp_v4_rep1,cvrp_aco,version4,13,9,0.04691216950141836,2.1934942054542366,2.193414434890356,0
20260723_204526_cvrp_v4_rep1,cvrp_aco,version4,14,8,0.08289077247358556,2.0724571918805137,2.0725399222333807,0
20260723_204526_cvrp_v4_rep1,cvrp_aco,version4,15,10,0.12783643743669798,2.2993143025237943,2.2997642413800023,1
20260723_204526_cvrp_v4_rep1,cvrp_aco,version4,16,9,0.07653062756371933,2.1849887786932705,2.1848531286093587,1
20260723_204526_cvrp_v4_rep1,cvrp_aco,version4,17,9,0.10175259264481396,2.192937010505162,2.192798371565095,0
20260723_204526_cvrp_v4_rep1,cvrp_aco,version4,18,9,0.08761634311495395,2.196777099842496,2.196774333987304,0
20260723_204526_cvrp_v4_rep1,cvrp_aco,version4,19,9,0.05937733625214428,2.179560294509038,2.1790346605394046,1
20260723_204526_cvrp_v4_rep1,cvrp_aco,version4,20,8,0.06483176838783938,2.076771448613317,2.076818566897291,0
20260723_204526_cvrp_v4_rep1,cvrp_aco,version4,21,9,0.08684433123463135,2.1862681734085943,2.1861612425581014,1
20260723_204526_cvrp_v4_rep1,cvrp_aco,version4,22,9,0.07518429113862411,2.1803084610338557,2.1803924392623735,0
20260723_204526_cvrp_v4_rep1,cvrp_aco,version4,23,10,0.08431196620986868,2.28453214973411,2.2831602381344993,1
20260723_204526_cvrp_v4_rep1,cvrp_aco,version4,24,10,0.07188551776993796,2.290652230543762,2.2907802414119054,1
20260723_204526_cvrp_v4_rep1,cvrp_aco,version4,25,5,0.058692435220747255,1.6022656056970348,1.5997143196133417,0
20260723_204526_cvrp_v4_rep1,cvrp_aco,version4,26,10,0.06985002024234574,2.2794936614916557,2.2825336376964005,0
20260723_204526_cvrp_v4_rep1,cvrp_aco,version4,27,8,0.11743532523897211,2.075277744216715,2.075260488910121,0
20260723_204526_cvrp_v4_rep1,cvrp_aco,version4,28,8,0.044175284166667425,2.061401085849347,2.061325102692475,0
20260723_204526_cvrp_v4_rep1,cvrp_aco,version4,29,9,0.10979696247502946,2.1829137286577613,2.182850836073288,1
20260723_204526_cvrp_v4_rep1,cvrp_aco,version4,30,10,0.08385986254512137,2.295385114811645,2.295555542292207,0
20260723_204526_cvrp_v4_rep1,cvrp_aco,version4,31,9,0.07061228054549415,2.182071409308846,2.181870247299993,1
20260723_204526_cvrp_v4_rep1,cvrp_aco,version4,32,10,0.0495113329981675,2.301265405659709,2.3013002365544204,0
20260723_204526_cvrp_v4_rep1,cvrp_aco,version4,33,10,0.036860831106298064,2.2776241566680464,2.2775438327531954,1
20260723_204526_cvrp_v4_rep1,cvrp_aco,version4,34,9,0.056469735717954966,2.1755544897513284,2.1752995347255135,1
20260723_204526_cvrp_v4_rep1,cvrp_aco,version4,35,10,0.050575669515496545,2.296480868658999,2.2964953852669177,1
20260723_204526_cvrp_v4_rep1,cvrp_aco,version4,36,8,0.05492980060580297,2.0770723647023432,2.077055442078809,1
20260723_204526_cvrp_v4_rep1,cvrp_aco,version4,37,10,0.0540079019657401,2.285083903268825,2.2851060688223366,1
20260723_204526_cvrp_v4_rep1,cvrp_aco,version4,38,10,0.03879627741814551,2.293617916685781,2.293581916022851,1
20260723_204526_cvrp_v4_rep1,cvrp_aco,version4,39,10,0.10967005853431197,2.2814163529021667,2.2800679387863823,0
20260723_204526_cvrp_v4_rep1,cvrp_aco,version4,40,10,0.07034968702703882,2.276427256159173,2.2686068187974726,1
20260723_204526_cvrp_v4_rep1,cvrp_aco,version4,41,9,0.07612974618672552,2.1725074571692584,2.1614237974131,0
20260723_204526_cvrp_v4_rep1,cvrp_aco,version4,42,9,0.060727016751839114,2.1862348748590588,2.1862526480052322,0
20260723_204526_cvrp_v4_rep1,cvrp_aco,version4,43,9,0.04580576579991503,2.1557254922139713,2.155250769917032,0
20260723_204526_cvrp_v4_rep1,cvrp_aco,version4,44,10,0.028245411317434105,2.2964602644086174,2.2962081614671463,0
20260723_204526_cvrp_v4_rep1,cvrp_aco,version4,45,10,0.05418871722893046,2.299248737064777,2.2990600511594224,0
20260723_204526_cvrp_v4_rep1,cvrp_aco,version4,46,10,0.06552732968525268,2.290497726102758,2.290480171237694,0
20260723_204526_cvrp_v4_rep1,cvrp_aco,version4,47,10,0.03806782072028125,2.2738978024280816,2.273930466679466,0
20260723_204526_cvrp_v4_rep1,cvrp_aco,version4,48,9,0.03961406863270968,2.1898032856308656,2.1897988934290407,0
20260723_204526_cvrp_v4_rep1,cvrp_aco,version4,49,9,0.03816241658927492,2.1868747453311697,2.186805656985244,0
20260723_204526_cvrp_v4_rep1,cvrp_aco,version4,50,10,0.05617937944762601,2.2885100527915943,2.2885035240015323,0
20260723_204526_cvrp_v4_rep1,cvrp_aco,version4,51,10,0.058298219161326235,2.297857137488644,2.2978003450350153,0
20260723_204526_cvrp_v4_rep1,cvrp_aco,version4,52,10,0.040392125036138156,2.286687414344555,2.28666335110546,0
20260723_204526_cvrp_v4_rep1,cvrp_aco,version4,53,7,0.026099631137768732,1.9344864146565663,1.9341443344213531,0
20260723_204526_cvrp_v4_rep1,cvrp_aco,version4,54,9,0.05827665789009565,2.18949102979782,2.1895194854841016,0
20260723_204526_cvrp_v4_rep1,cvrp_aco,version4,55,10,0.05402204640749546,2.28155565918122,2.2814106730307464,0
20260723_204526_cvrp_v4_rep1,cvrp_aco,version4,56,10,0.03719274487503579,2.2819912825129554,2.2819854689032635,0
20260723_204526_cvrp_v4_rep1,cvrp_aco,version4,57,9,0.05359594148297572,2.191327016613322,2.191337604221497,0
20260723_204526_cvrp_v4_rep1,cvrp_aco,version4,58,8,0.05417158083678689,2.075228929252678,2.0752302135957197,0
20260723_204526_cvrp_v4_rep1,cvrp_aco,version4,59,9,0.06962519115748456,2.179921924902183,2.1797201480154516,0
20260723_204526_cvrp_v4_rep1,cvrp_aco,version4,60,9,0.0437598074516767,2.1823836055252235,2.1824604555022358,0
20260723_204526_cvrp_v4_rep1,cvrp_aco,version4,61,8,0.04616397942402207,2.0707678878214644,2.070727766472496,0
20260723_204526_cvrp_v4_rep1,cvrp_aco,version4,62,10,0.061481653454137176,2.2926999908902297,2.2926870528161203,0
20260723_204526_cvrp_v4_rep1,cvrp_aco,version4,63,10,0.049515795539166234,2.294396484535567,2.2943974818481694,0
20260723_204526_cvrp_v4_rep1,cvrp_aco,version4,64,8,0.047325221723042404,2.074753895456121,2.0747615371856383,0
20260723_204526_cvrp_v4_rep1,cvrp_aco,version4,65,9,0.0383460798839783,2.1845616681829956,2.184260188839441,0
20260723_204526_cvrp_v4_rep1,cvrp_aco,version4,66,10,0.061380689844438716,2.261852164941906,2.2608281515193327,0
20260723_204526_cvrp_v4_rep1,cvrp_aco,version4,67,9,0.08888242400943702,2.1905983166257474,2.190560227398101,0
20260723_204526_cvrp_v4_rep1,cvrp_aco,version4,68,9,0.041137482975901245,2.177779492641824,2.177515090470443,0
20260723_204526_cvrp_v4_rep1,cvrp_aco,version4,69,10,0.14457014651221775,2.2752044613876157,2.2736452553656488,0
20260723_204526_cvrp_v4_rep1,cvrp_aco,version4,70,8,0.04771276695755565,2.071332771769406,2.071337477593571,0
20260723_204526_cvrp_v4_rep1,cvrp_aco,version4,71,9,0.08099517336313275,2.1842729479804497,2.184809081309871,0
20260723_204526_cvrp_v4_rep1,cvrp_aco,version4,72,9,0.05034915734809068,2.179548453089039,2.1795420921019857,0
20260723_204526_cvrp_v4_rep1,cvrp_aco,version4,73,9,0.06763031522059705,2.1884648380467153,2.1884255844327334,0
20260723_204526_cvrp_v4_rep1,cvrp_aco,version4,74,10,0.04823881776331807,2.292631073221249,2.29245154970138,0
20260723_204526_cvrp_v4_rep1,cvrp_aco,version4,75,10,0.06789372206356675,2.289037015310853,2.289062139709635,0
20260723_204526_cvrp_v4_rep1,cvrp_aco,version4,76,9,0.0557662256717732,2.1892749996005314,2.189257737715402,0
20260723_204526_cvrp_v4_rep1,cvrp_aco,version4,77,9,0.033030724303404396,2.1850617401970527,2.1850025679165355,0
20260723_204526_cvrp_v4_rep1,cvrp_aco,version4,78,10,0.04543140270708815,2.2633430894436923,2.261739874042066,1
20260723_204526_cvrp_v4_rep1,cvrp_aco,version4,79,9,0.04898325136699603,2.185670162765502,2.1843402389502673,0
20260723_204526_cvrp_v4_rep1,cvrp_aco,version4,80,8,0.04737391147862871,2.0719779202066686,2.071942498387614,0
20260723_204526_cvrp_v4_rep1,cvrp_aco,version4,81,8,0.050707126013986165,2.0711693604670804,2.0711276765479756,0
20260723_204526_cvrp_v4_rep1,cvrp_aco,version4,82,10,0.04276455739603786,2.286093776054327,2.286263876303933,0
20260723_204526_cvrp_v4_rep1,cvrp_aco,version4,83,9,0.05257938940444258,2.195780162271077,2.1957552316663147,0
20260723_204526_cvrp_v4_rep1,cvrp_aco,version4,84,9,0.050832355961061025,2.1911394401269186,2.191128054178697,0
20260723_204526_cvrp_v4_rep1,cvrp_aco,version4,85,10,0.05076415423634693,2.295039074232873,2.2950802928396996,0
20260723_204526_cvrp_v4_rep1,cvrp_aco,version4,86,10,0.04904070295890352,2.291992807351987,2.292422588294226,0
20260723_204526_cvrp_v4_rep1,cvrp_aco,version4,87,10,0.04677498375266077,2.2949003844935447,2.293778728962643,0
20260723_204526_cvrp_v4_rep1,cvrp_aco,version4,88,8,0.048805691452217734,2.0707004102110074,2.070991462913476,0
20260723_204526_cvrp_v4_rep1,cvrp_aco,version4,89,10,0.05416796726827686,2.278859135132933,2.2787902164822875,0
20260723_204526_cvrp_v4_rep1,cvrp_aco,version4,90,10,0.05928047335041188,2.2968599975190975,2.2968505105046844,0
20260723_204526_cvrp_v4_rep1,cvrp_aco,version4,91,9,0.03929578632917133,2.1846000628390203,2.1845980624042087,0
20260723_204526_cvrp_v4_rep1,cvrp_aco,version4,92,10,0.05622101693105106,2.290279877457546,2.2904413659018545,0
20260723_204526_cvrp_v4_rep1,cvrp_aco,version4,93,10,0.04031228875573903,2.297866254212713,2.2978497141936884,0
20260723_204526_cvrp_v4_rep1,cvrp_aco,version4,94,9,0.03708010015447873,2.185683756749854,2.1857273759177938,0
20260723_204526_cvrp_v4_rep1,cvrp_aco,version4,95,8,0.07875400242785482,2.0729332601885115,2.0729235921882636,0
20260723_204526_cvrp_v4_rep1,cvrp_aco,version4,96,8,0.046125887980712654,2.0691377045833796,2.069128635583681,0
20260723_204526_cvrp_v4_rep1,cvrp_aco,version4,97,9,0.04559160881198546,2.1938016807938854,2.1938069528535795,1
20260723_204526_cvrp_v4_rep1,cvrp_aco,version4,98,10,0.041799354237088124,2.291200151926322,2.2910195843735517,0
20260723_204526_cvrp_v4_rep1,cvrp_aco,version4,99,9,0.05544278217773275,2.1911169851432915,2.1910672055145306,0
20260723_204526_cvrp_v4_rep1,cvrp_aco,version4,100,10,0.045683242308990096,2.30189566590876,2.3019036119673157,0
20260723_204526_cvrp_v4_rep2,cvrp_aco,version4,1,7,0.3583650845585789,1.9429362060516033,1.9438525590846254,1
20260723_204526_cvrp_v4_rep2,cvrp_aco,version4,2,9,0.2773973391496571,2.192632177304631,2.1928588280251327,0
20260723_204526_cvrp_v4_rep2,cvrp_aco,version4,3,9,0.32069081478409855,2.1944722702456496,2.1935969663489208,0
20260723_204526_cvrp_v4_rep2,cvrp_aco,version4,4,9,0.1675877958649656,2.1935691338535146,2.194290934414461,1
20260723_204526_cvrp_v4_rep2,cvrp_aco,version4,5,10,0.17783864048309367,2.2988024855822204,2.298639314755733,1
20260723_204526_cvrp_v4_rep2,cvrp_aco,version4,6,10,0.12876433927916708,2.2961156016185957,2.2955813194730315,1
20260723_204526_cvrp_v4_rep2,cvrp_aco,version4,7,10,0.16154622493360976,2.3001698037797382,2.299145043615337,0
20260723_204526_cvrp_v4_rep2,cvrp_aco,version4,8,10,0.15229214959083875,2.298610066688425,2.2979761737177844,0
20260723_204526_cvrp_v4_rep2,cvrp_aco,version4,9,9,0.14315761507919736,2.187551806139415,2.186134329423189,1
20260723_204526_cvrp_v4_rep2,cvrp_aco,version4,10,10,0.12059316465794408,2.3011195164676,2.3010998040280093,1
20260723_204526_cvrp_v4_rep2,cvrp_aco,version4,11,10,0.14924725275144882,2.2967046384000347,2.2964630492836466,0
20260723_204526_cvrp_v4_rep2,cvrp_aco,version4,12,8,0.11952851165332806,2.0737876796922348,2.0747498795923742,0
20260723_204526_cvrp_v4_rep2,cvrp_aco,version4,13,9,0.15408733503554203,2.191963260301687,2.191992264317048,0
20260723_204526_cvrp_v4_rep2,cvrp_aco,version4,14,10,0.09979878749336787,2.3007474831943466,2.3007341065918885,1
20260723_204526_cvrp_v4_rep2,cvrp_aco,version4,15,9,0.09985498835865582,2.1955456850676875,2.195548139017726,1
20260723_204526_cvrp_v4_rep2,cvrp_aco,version4,16,9,0.1297675317412571,2.1825272153914463,2.178240094615866,0
20260723_204526_cvrp_v4_rep2,cvrp_aco,version4,17,9,0.10281298086831873,2.190642951618154,2.1906156268433743,0
20260723_204526_cvrp_v4_rep2,cvrp_aco,version4,18,10,0.06967052344730772,2.2818861207576315,2.281659048079001,1
20260723_204526_cvrp_v4_rep2,cvrp_aco,version4,19,10,0.08177756034816379,2.2953170946796266,2.2962660652609808,0
20260723_204526_cvrp_v4_rep2,cvrp_aco,version4,20,10,0.055474065992469866,2.28185628222255,2.2816057667162135,0
20260723_204526_cvrp_v4_rep2,cvrp_aco,version4,21,10,0.07638246244080953,2.290367746610468,2.2902379879874184,1
20260723_204526_cvrp_v4_rep2,cvrp_aco,version4,22,10,0.09706344762802613,2.2853507228394188,2.2850406045066904,0
20260723_204526_cvrp_v4_rep2,cvrp_aco,version4,23,10,0.08129708556201441,2.3007985606842274,2.3007725264077794,1
20260723_204526_cvrp_v4_rep2,cvrp_aco,version4,24,8,0.0614866446163429,2.0764182889076963,2.076454832889697,0
20260723_204526_cvrp_v4_rep2,cvrp_aco,version4,25,10,0.08254949524072479,2.2834985011244124,2.2832926972710395,0
20260723_204526_cvrp_v4_rep2,cvrp_aco,version4,26,10,0.06735663211603962,2.28128509480102,2.2813453347292265,0
20260723_204526_cvrp_v4_rep2,cvrp_aco,version4,27,10,0.09019901317059605,2.2985544278275154,2.2985759276399174,0
20260723_204526_cvrp_v4_rep2,cvrp_aco,version4,28,9,0.07384113313944161,2.1851192563173463,2.182470890838318,1
20260723_204526_cvrp_v4_rep2,cvrp_aco,version4,29,10,0.07945973043933781,2.2862060578021484,2.2830776285158674,0
20260723_204526_cvrp_v4_rep2,cvrp_aco,version4,30,9,0.08220139612997662,2.183958030317214,2.1838415072876525,1
20260723_204526_cvrp_v4_rep2,cvrp_aco,version4,31,10,0.0618160474617083,2.282985662806049,2.2829430230499366,1
20260723_204526_cvrp_v4_rep2,cvrp_aco,version4,32,10,0.06429269527029775,2.295890323325677,2.2960699890108356,0
20260723_204526_cvrp_v4_rep2,cvrp_aco,version4,33,9,0.04077575298262828,2.183512409534288,2.18330786608761,0
20260723_204526_cvrp_v4_rep2,cvrp_aco,version4,34,9,0.05897068864295845,2.171558887244232,2.1710823204721765,0
20260723_204526_cvrp_v4_rep2,cvrp_aco,version4,35,10,0.03776226265023041,2.2934516376235883,2.2929401995344314,0
20260723_204526_cvrp_v4_rep2,cvrp_aco,version4,36,10,0.06520516185207557,2.28037077513449,2.2803637139715285,0
20260723_204526_cvrp_v4_rep2,cvrp_aco,version4,37,9,0.06416531644742,2.1829681239859546,2.184482671780686,0
20260723_204526_cvrp_v4_rep2,cvrp_aco,version4,38,9,0.04578256211287408,2.182216975167881,2.1820896944071975,0
20260723_204526_cvrp_v4_rep2,cvrp_aco,version4,39,10,0.07282140070803882,2.2898385617249124,2.2897768487405905,0
20260723_204526_cvrp_v4_rep2,cvrp_aco,version4,40,10,0.06360776245681356,2.294220412105793,2.294119334137143,1
20260723_204526_cvrp_v4_rep2,cvrp_aco,version4,41,10,0.03138280044168825,2.2922154903231085,2.2922616767162367,0
20260723_204526_cvrp_v4_rep2,cvrp_aco,version4,42,9,0.06421164566623165,2.187913741135683,2.187887011197722,0
20260723_204526_cvrp_v4_rep2,cvrp_aco,version4,43,10,0.05422048213860259,2.280209572063156,2.2800568549676856,0
20260723_204526_cvrp_v4_rep2,cvrp_aco,version4,44,10,0.045520407658450855,2.293333703843897,2.293307621093935,1
20260723_204526_cvrp_v4_rep2,cvrp_aco,version4,45,9,0.0825631924679023,2.1916829009905014,2.1916629368164555,0
20260723_204526_cvrp_v4_rep2,cvrp_aco,version4,46,10,0.05404389655848272,2.299218983131758,2.2992033032152492,0
20260723_204526_cvrp_v4_rep2,cvrp_aco,version4,47,8,0.06624317610889921,2.0685236106055847,2.0695137164370037,0
20260723_204526_cvrp_v4_rep2,cvrp_aco,version4,48,9,0.06649919631316518,2.1938885897048546,2.1937657326525217,0
20260723_204526_cvrp_v4_rep2,cvrp_aco,version4,49,8,0.05312713230885542,2.0772589969727786,2.0772590384961998,0
20260723_204526_cvrp_v4_rep2,cvrp_aco,version4,50,10,0.048826768299084965,2.2901568341094634,2.2901943010896972,0
20260723_204526_cvrp_v4_rep2,cvrp_aco,version4,51,9,0.05876973543232024,2.188570103915054,2.188624017979061,0
20260723_204526_cvrp_v4_rep2,cvrp_aco,version4,52,10,0.04563219219332883,2.2954809792097084,2.291918608880109,0
20260723_204526_cvrp_v4_rep2,cvrp_aco,version4,53,10,0.0729979394369186,2.2961091699831675,2.296041332583978,0
20260723_204526_cvrp_v4_rep2,cvrp_aco,version4,54,9,0.02526291287924831,2.155949918651465,2.1558006161787175,0
20260723_204526_cvrp_v4_rep2,cvrp_aco,version4,55,10,0.057821333011749985,2.2933557570110708,2.293499933238387,0
20260723_204526_cvrp_v4_rep2,cvrp_aco,version4,56,10,0.05406039070199849,2.3004534350231807,2.300465894863792,0
20260723_204526_cvrp_v4_rep2,cvrp_aco,version4,57,10,0.06586921419759141,2.297808524659967,2.2984298584821676,0
20260723_204526_cvrp_v4_rep2,cvrp_aco,version4,58,8,0.06902169227099726,2.063193615881186,2.0631961794576448,0
20260723_204526_cvrp_v4_rep2,cvrp_aco,version4,59,10,0.05888634768294239,2.2591665642626277,2.2590756504006886,0
20260723_204526_cvrp_v4_rep2,cvrp_aco,version4,60,10,0.0659255173178864,2.2928175986655477,2.2928521050755806,0
20260723_204526_cvrp_v4_rep2,cvrp_aco,version4,61,10,0.05071421867512251,2.2969269920994524,2.2969655003418175,0
20260723_204526_cvrp_v4_rep2,cvrp_aco,version4,62,10,0.04480670097544495,2.285975756555769,2.285990885225577,0
20260723_204526_cvrp_v4_rep2,cvrp_aco,version4,63,10,0.05195468037315627,2.2964561372794856,2.296459179033797,0
20260723_204526_cvrp_v4_rep2,cvrp_aco,version4,64,10,0.08266552891972681,2.2947042071962507,2.2947625187929854,0
20260723_204526_cvrp_v4_rep2,cvrp_aco,version4,65,10,0.06104141310988538,2.283737668812235,2.282844278310984,1
20260723_204526_cvrp_v4_rep2,cvrp_aco,version4,66,10,0.054361410749576844,2.2953090057964323,2.2952949382520336,0
20260723_204526_cvrp_v4_rep2,cvrp_aco,version4,67,10,0.07436223154655368,2.2983989265020455,2.2980135114692777,0
20260723_204526_cvrp_v4_rep2,cvrp_aco,version4,68,10,0.030710364508612826,2.2753238021186,2.2751536866036446,0
20260723_204526_cvrp_v4_rep2,cvrp_aco,version4,69,9,0.03756422557544973,2.183091933748389,2.183096210406107,0
20260723_204526_cvrp_v4_rep2,cvrp_aco,version4,70,10,0.06640413030785049,2.2741562328358107,2.273877657527269,0
20260723_204526_cvrp_v4_rep2,cvrp_aco,version4,71,10,0.0496633100436236,2.2925974593893947,2.292610011094998,1
20260723_204526_cvrp_v4_rep2,cvrp_aco,version4,72,10,0.07082154560109463,2.2585755084754933,2.2568176518147234,0
20260723_204526_cvrp_v4_rep2,cvrp_aco,version4,73,10,0.06905571670908259,2.26055940056751,2.260415433550907,0
20260723_204526_cvrp_v4_rep2,cvrp_aco,version4,74,8,0.03628091518085099,2.069710823908132,2.069710095456692,0
20260723_204526_cvrp_v4_rep2,cvrp_aco,version4,75,8,0.048832530853520906,2.067896023268492,2.0678611456461775,0
20260723_204526_cvrp_v4_rep2,cvrp_aco,version4,76,9,0.046968527083037656,2.194226254329726,2.1942134262369914,0
20260723_204526_cvrp_v4_rep2,cvrp_aco,version4,77,10,0.037193595147579056,2.280410940637374,2.2803962821323736,0
20260723_204526_cvrp_v4_rep2,cvrp_aco,version4,78,10,0.0656348776030658,2.2838151572684247,2.2838148765246893,0
20260723_204526_cvrp_v4_rep2,cvrp_aco,version4,79,10,0.04878266948139544,2.2984822607804474,2.298474339205386,0
20260723_204526_cvrp_v4_rep2,cvrp_aco,version4,80,10,0.0355265321793559,2.287748442490541,2.2877167859260865,0
20260723_204526_cvrp_v4_rep2,cvrp_aco,version4,81,10,0.045710100179800255,2.2791852057118858,2.279183204614877,0
20260723_204526_cvrp_v4_rep2,cvrp_aco,version4,82,9,0.044379834551062945,2.186695387470991,2.189433445353721,0
20260723_204526_cvrp_v4_rep2,cvrp_aco,version4,83,10,0.025722305559608305,2.2944332290523004,2.294468341386155,0
20260723_204526_cvrp_v4_rep2,cvrp_aco,version4,84,10,0.06372982986796917,2.2648896414765263,2.2649844181728374,1
20260723_204526_cvrp_v4_rep2,cvrp_aco,version4,85,10,0.04576560908366625,2.299767315472106,2.2988883048133104,0
20260723_204526_cvrp_v4_rep2,cvrp_aco,version4,86,10,0.036251134919815235,2.2865156413473176,2.286511653868116,0
20260723_204526_cvrp_v4_rep2,cvrp_aco,version4,87,9,0.045941577075557974,2.187372918963206,2.187378322900562,0
20260723_204526_cvrp_v4_rep2,cvrp_aco,version4,88,10,0.04735064093311507,2.2968875139680893,2.296886638204555,0
20260723_204526_cvrp_v4_rep2,cvrp_aco,version4,89,9,0.09054809037345556,2.1671990842976725,2.161659698484184,0
20260723_204526_cvrp_v4_rep2,cvrp_aco,version4,90,8,0.042155742586126255,2.0767881217817856,2.0767920883922475,0
20260723_204526_cvrp_v4_rep2,cvrp_aco,version4,91,10,0.04640595028505958,2.2848786517229387,2.284829281598027,0
20260723_204526_cvrp_v4_rep2,cvrp_aco,version4,92,10,0.04759965711382456,2.2868021378592496,2.286875530321025,0
20260723_204526_cvrp_v4_rep2,cvrp_aco,version4,93,10,0.02669995417974269,2.296751742705436,2.296734486647001,0
20260723_204526_cvrp_v4_rep2,cvrp_aco,version4,94,9,0.05154281493860557,2.17340789441626,2.173414341507517,0
20260723_204526_cvrp_v4_rep2,cvrp_aco,version4,95,10,0.05400236015748646,2.292451877039669,2.29248719067162,0
20260723_204526_cvrp_v4_rep2,cvrp_aco,version4,96,10,0.03925571574360107,2.2912017364153274,2.2913789659175903,0
20260723_204526_cvrp_v4_rep2,cvrp_aco,version4,97,9,0.049995105070511005,2.181343175149965,2.1800185611489047,0
20260723_204526_cvrp_v4_rep2,cvrp_aco,version4,98,10,0.04552983335684985,2.2977906676851885,2.297821973150571,1
20260723_204526_cvrp_v4_rep2,cvrp_aco,version4,99,10,0.03383569437951035,2.2952219942854506,2.2952275930439496,0
20260723_204526_cvrp_v4_rep2,cvrp_aco,version4,100,10,0.03961221372334326,2.2704468310503896,2.270118276976558,0
20260723_204526_cvrp_v4_rep3,cvrp_aco,version4,1,10,0.3768745727102164,2.2959187273696284,2.296150413579053,1
20260723_204526_cvrp_v4_rep3,cvrp_aco,version4,2,9,0.3105122853212354,2.1950598753093273,2.194731675614385,1
20260723_204526_cvrp_v4_rep3,cvrp_aco,version4,3,10,0.32110713169421556,2.299092611805175,2.299306220046582,0
20260723_204526_cvrp_v4_rep3,cvrp_aco,version4,4,9,0.10940945311965794,2.1945771807148473,2.1944625899028747,1
20260723_204526_cvrp_v4_rep3,cvrp_aco,version4,5,9,0.13770687968073286,2.182469134904422,2.174791264621865,0
20260723_204526_cvrp_v4_rep3,cvrp_aco,version4,6,9,0.1635542651630497,2.1818761301160907,2.171979943295231,1
20260723_204526_cvrp_v4_rep3,cvrp_aco,version4,7,10,0.11614467015312986,2.2974687165311276,2.291278388452509,0
20260723_204526_cvrp_v4_rep3,cvrp_aco,version4,8,10,0.08071560017338261,2.2986900436533624,2.2961969632662504,0
20260723_204526_cvrp_v4_rep3,cvrp_aco,version4,9,10,0.09282594511388825,2.2999508551983467,2.2995965995748353,1
20260723_204526_cvrp_v4_rep3,cvrp_aco,version4,10,9,0.11773515661960193,2.1778121510824406,2.1785011589960583,1
20260723_204526_cvrp_v4_rep3,cvrp_aco,version4,11,10,0.11666683104113458,2.30157245284851,2.301159442734409,0
20260723_204526_cvrp_v4_rep3,cvrp_aco,version4,12,10,0.0843450233113719,2.2915112967095874,2.2909211619382566,0
20260723_204526_cvrp_v4_rep3,cvrp_aco,version4,13,9,0.07623264972297321,2.193166608094039,2.1931244092417312,0
20260723_204526_cvrp_v4_rep3,cvrp_aco,version4,14,10,0.05646570357552907,2.2997305469700473,2.2997422814306443,1
20260723_204526_cvrp_v4_rep3,cvrp_aco,version4,15,10,0.05396152173188801,2.2962251776701117,2.2945988661073535,0
20260723_204526_cvrp_v4_rep3,cvrp_aco,version4,16,10,0.11338285801122468,2.295229539909893,2.295327349403797,0
20260723_204526_cvrp_v4_rep3,cvrp_aco,version4,17,7,0.04953500758415145,1.9445835849657227,1.944648527307266,0
20260723_204526_cvrp_v4_rep3,cvrp_aco,version4,18,9,0.0886544647440602,2.1919976206209997,2.1918693118079844,0
20260723_204526_cvrp_v4_rep3,cvrp_aco,version4,19,10,0.11366883722039985,2.290286857931223,2.287294537681833,0
20260723_204526_cvrp_v4_rep3,cvrp_aco,version4,20,9,0.06287508484379797,2.1742113469761684,2.162862801939253,0
20260723_204526_cvrp_v4_rep3,cvrp_aco,version4,21,8,0.06272898350172776,2.0774199666861675,2.077523005256415,0
20260723_204526_cvrp_v4_rep3,cvrp_aco,version4,22,8,0.09270235496974655,2.074215057166408,2.0741713839949516,0
20260723_204526_cvrp_v4_rep3,cvrp_aco,version4,23,10,0.08147546441962146,2.2885178110551263,2.2884073299606227,1
20260723_204526_cvrp_v4_rep3,cvrp_aco,version4,24,9,0.06205376160664812,2.1881137214064292,2.188084703342415,0
20260723_204526_cvrp_v4_rep3,cvrp_aco,version4,25,10,0.0605766379562341,2.2897885504125,2.2896943800997906,0
20260723_204526_cvrp_v4_rep3,cvrp_aco,version4,26,9,0.08493332823332854,2.185852315036497,2.186159070952785,0
20260723_204526_cvrp_v4_rep3,cvrp_aco,version4,27,10,0.05549364420741572,2.2949193257534573,2.294910715496949,0
20260723_204526_cvrp_v4_rep3,cvrp_aco,version4,28,10,0.062182279836859436,2.284653631757177,2.2845963823598074,0
20260723_204526_cvrp_v4_rep3,cvrp_aco,version4,29,9,0.06494111968288842,2.1878005277619392,2.1877995486258643,1
20260723_204526_cvrp_v4_rep3,cvrp_aco,version4,30,10,0.0683964908620404,2.299842426400044,2.2998708997905,0
20260723_204526_cvrp_v4_rep3,cvrp_aco,version4,31,10,0.07520161383515554,2.2954660989445554,2.2954820634633197,1
20260723_204526_cvrp_v4_rep3,cvrp_aco,version4,32,10,0.07287333126671597,2.298572542093461,2.2985141373155242,0
20260723_204526_cvrp_v4_rep3,cvrp_aco,version4,33,10,0.040241784588374394,2.290155849244835,2.2906686107384022,0
20260723_204526_cvrp_v4_rep3,cvrp_aco,version4,34,10,0.11182257897090904,2.287397913700488,2.287344798046177,0
20260723_204526_cvrp_v4_rep3,cvrp_aco,version4,35,10,0.04720332838415418,2.2998755862241484,2.299879306411878,1
20260723_204526_cvrp_v4_rep3,cvrp_aco,version4,36,9,0.043594977771385254,2.1932592363779486,2.1932360999400116,1
20260723_204526_cvrp_v4_rep3,cvrp_aco,version4,37,10,0.07496415267966103,2.295116681091486,2.294921728477189,0
20260723_204526_cvrp_v4_rep3,cvrp_aco,version4,38,10,0.04966221209816053,2.270914294078354,2.270558553721897,0
20260723_204526_cvrp_v4_rep3,cvrp_aco,version4,39,9,0.059949328894595935,2.1811792218902752,2.1811100202373366,0
20260723_204526_cvrp_v4_rep3,cvrp_aco,version4,40,10,0.04961554057768789,2.2952577468450226,2.295262668027561,1
20260723_204526_cvrp_v4_rep3,cvrp_aco,version4,41,10,0.059424224547709084,2.2744805453964685,2.274702765260456,1
20260723_204526_cvrp_v4_rep3,cvrp_aco,version4,42,8,0.09099358454270948,2.0674208919500447,2.06750586811833,0
20260723_204526_cvrp_v4_rep3,cvrp_aco,version4,43,10,0.05025860156916616,2.2615916655755477,2.2616154553797236,1
20260723_204526_cvrp_v4_rep3,cvrp_aco,version4,44,9,0.06234693259481894,2.1937455717370735,2.1937321542860024,0
20260723_204526_cvrp_v4_rep3,cvrp_aco,version4,45,10,0.0496941584849772,2.2987356698510735,2.2986349827849306,0
20260723_204526_cvrp_v4_rep3,cvrp_aco,version4,46,10,0.05323177573933328,2.2641911843031144,2.2629379427056313,0
20260723_204526_cvrp_v4_rep3,cvrp_aco,version4,47,9,0.058475169464504435,2.158394430977625,2.156497742763076,0
20260723_204526_cvrp_v4_rep3,cvrp_aco,version4,48,9,0.04401770766265633,2.1912112535836967,2.1912501036011713,1
20260723_204526_cvrp_v4_rep3,cvrp_aco,version4,49,9,0.0623959894662019,2.1778734394913526,2.1778473451959304,0
20260723_204526_cvrp_v4_rep3,cvrp_aco,version4,50,8,0.09718981183096792,2.0761354759390622,2.0760345954239043,0
20260723_204526_cvrp_v4_rep3,cvrp_aco,version4,51,10,0.018213528391147798,2.289532289898168,2.28952303613121,0
20260723_204526_cvrp_v4_rep3,cvrp_aco,version4,52,10,0.04001167514744712,2.29043487669057,2.2902944404221293,0
20260723_204526_cvrp_v4_rep3,cvrp_aco,version4,53,10,0.06467536599565385,2.2829338626355096,2.283038510977985,0
20260723_204526_cvrp_v4_rep3,cvrp_aco,version4,54,10,0.04015687574472947,2.297163142465218,2.297236724894326,0
20260723_204526_cvrp_v4_rep3,cvrp_aco,version4,55,10,0.07459164019083606,2.2983095179438853,2.2980984636376403,0
20260723_204526_cvrp_v4_rep3,cvrp_aco,version4,56,10,0.06475569740142575,2.2975469405607973,2.2974820328285084,0
20260723_204526_cvrp_v4_rep3,cvrp_aco,version4,57,10,0.06057805792208367,2.291113774278686,2.290033234258793,1
20260723_204526_cvrp_v4_rep3,cvrp_aco,version4,58,10,0.033971339947525346,2.2893333951283097,2.28986485203686,0
20260723_204526_cvrp_v4_rep3,cvrp_aco,version4,59,9,0.052530961616221776,2.174856740040268,2.17453551837255,0
20260723_204526_cvrp_v4_rep3,cvrp_aco,version4,60,8,0.043693974888959056,2.027443208683261,2.016133535299344,0
20260723_204526_cvrp_v4_rep3,cvrp_aco,version4,61,10,0.041366865551715995,2.2991449930116445,2.2991608735960347,0
20260723_204526_cvrp_v4_rep3,cvrp_aco,version4,62,10,0.06490720838309494,2.282134160725509,2.282380377917444,0
20260723_204526_cvrp_v4_rep3,cvrp_aco,version4,63,9,0.06207033994029682,2.1902358339396466,2.1902353584106855,0
20260723_204526_cvrp_v4_rep3,cvrp_aco,version4,64,9,0.06385090502557117,2.1906178161865535,2.1906432542148435,0
20260723_204526_cvrp_v4_rep3,cvrp_aco,version4,65,9,0.05212816759698776,2.1866589348802927,2.186694180138245,0
20260723_204526_cvrp_v4_rep3,cvrp_aco,version4,66,9,0.036870830896038806,2.149208963815535,2.1492705588275838,0
20260723_204526_cvrp_v4_rep3,cvrp_aco,version4,67,10,0.04144212599176137,2.29650461730511,2.297231348803444,0
20260723_204526_cvrp_v4_rep3,cvrp_aco,version4,68,10,0.035798242484040045,2.2912121865070865,2.291188250273085,0
20260723_204526_cvrp_v4_rep3,cvrp_aco,version4,69,10,0.04217017237516911,2.278394388877448,2.2796159950110697,0
20260723_204526_cvrp_v4_rep3,cvrp_aco,version4,70,10,0.051363021805096665,2.2931392756816615,2.2942399118921437,0
20260723_204526_cvrp_v4_rep3,cvrp_aco,version4,71,10,0.049134618497911994,2.2954568265550805,2.2954335106754526,0
20260723_204526_cvrp_v4_rep3,cvrp_aco,version4,72,7,0.06112801948245743,1.9409076505140148,1.9411266748163714,0
20260723_204526_cvrp_v4_rep3,cvrp_aco,version4,73,9,0.06280162341011934,2.190927429316617,2.190922012517659,0
20260723_204526_cvrp_v4_rep3,cvrp_aco,version4,74,10,0.08392653401738422,2.2772812173480603,2.2773335854382997,0
20260723_204526_cvrp_v4_rep3,cvrp_aco,version4,75,9,0.06861384295913274,2.19621253137113,2.196165675820323,0
20260723_204526_cvrp_v4_rep3,cvrp_aco,version4,76,9,0.043819975014878526,2.1639656862152647,2.1630833532702445,0
20260723_204526_cvrp_v4_rep3,cvrp_aco,version4,77,9,0.02932275153162132,2.1864684881296297,2.186397114588264,0
20260723_204526_cvrp_v4_rep3,cvrp_aco,version4,78,10,0.03382987686707284,2.287542472979604,2.2874319841276276,0
20260723_204526_cvrp_v4_rep3,cvrp_aco,version4,79,9,0.032112416924060805,2.1812846907870127,2.1811740491428027,0
20260723_204526_cvrp_v4_rep3,cvrp_aco,version4,80,10,0.04063434697561804,2.2947049640352684,2.2946993685188533,0
20260723_204526_cvrp_v4_rep3,cvrp_aco,version4,81,8,0.0433359478110598,2.0714726858214902,2.0714022689007505,0
20260723_204526_cvrp_v4_rep3,cvrp_aco,version4,82,10,0.04975830483858319,2.298977278225749,2.2987566058206887,0
20260723_204526_cvrp_v4_rep3,cvrp_aco,version4,83,9,0.03328094012346541,2.189250905358976,2.1888284022055213,0
20260723_204526_cvrp_v4_rep3,cvrp_aco,version4,84,10,0.034489136916178956,2.2991537912200233,2.2991843292457634,0
20260723_204526_cvrp_v4_rep3,cvrp_aco,version4,85,9,0.05155242464679918,2.190558377056825,2.190075622368269,0
20260723_204526_cvrp_v4_rep3,cvrp_aco,version4,86,10,0.051947614871745706,2.290532015796616,2.2905330358515505,0
20260723_204526_cvrp_v4_rep3,cvrp_aco,version4,87,10,0.05153969352188943,2.294092838991945,2.2941078549883667,0
20260723_204526_cvrp_v4_rep3,cvrp_aco,version4,88,10,0.06582063349901529,2.2858297327708637,2.2858695361467802,0
20260723_204526_cvrp_v4_rep3,cvrp_aco,version4,89,10,0.04609645917557403,2.292759084901091,2.2927647227661976,0
20260723_204526_cvrp_v4_rep3,cvrp_aco,version4,90,10,0.03928749517625892,2.2678038264939975,2.2678523925626735,0
20260723_204526_cvrp_v4_rep3,cvrp_aco,version4,91,10,0.03544945831889422,2.270336027586208,2.2705523532047724,0
20260723_204526_cvrp_v4_rep3,cvrp_aco,version4,92,10,0.02620952956261787,2.2889185029964705,2.288989573036043,0
20260723_204526_cvrp_v4_rep3,cvrp_aco,version4,93,10,0.04426600448887723,2.286142852276676,2.2861486005720026,0
20260723_204526_cvrp_v4_rep3,cvrp_aco,version4,94,10,0.06615336011174681,2.2986871312366968,2.298723130382913,0
20260723_204526_cvrp_v4_rep3,cvrp_aco,version4,95,10,0.06373472927758946,2.293289025432138,2.2931821742856955,0
20260723_204526_cvrp_v4_rep3,cvrp_aco,version4,96,9,0.06641628795486343,2.1905724920857668,2.190597184729871,0
20260723_204526_cvrp_v4_rep3,cvrp_aco,version4,97,9,0.047436242192064576,2.178033171503432,2.1758906925911154,0
20260723_204526_cvrp_v4_rep3,cvrp_aco,version4,98,10,0.04569997748515907,2.2992625176346024,2.2992391711972933,0
20260723_204526_cvrp_v4_rep3,cvrp_aco,version4,99,9,0.058805959920005896,2.1922152900078036,2.1924957524280537,0
20260723_204526_cvrp_v4_rep3,cvrp_aco,version4,100,9,0.04366563651266031,2.15087069702504,2.1494191603938413,0
20260728_151736_cvrp_v5_rep1,cvrp_aco,version5,1,9,0.3956381094495753,2.193076903713211,2.192495785142543,1
20260728_151736_cvrp_v5_rep1,cvrp_aco,version5,2,9,0.2510026398799145,2.1919250776098034,2.1905250265663745,1
20260728_151736_cvrp_v5_rep1,cvrp_aco,version5,3,9,0.29247203261881705,2.1951531562466338,2.1950364598754035,0
20260728_151736_cvrp_v5_rep1,cvrp_aco,version5,4,10,0.2211998281614925,2.3017511284213956,2.300969933479482,0
20260728_151736_cvrp_v5_rep1,cvrp_aco,version5,5,7,0.120299468957853,1.9316478209327304,1.9346990651704492,1
20260728_151736_cvrp_v5_rep1,cvrp_aco,version5,6,9,0.07147630012742429,2.19671809192765,2.196233818811286,1
20260728_151736_cvrp_v5_rep1,cvrp_aco,version5,7,9,0.058735202350851834,2.188106220230012,2.1862639199588774,1
20260728_151736_cvrp_v5_rep1,cvrp_aco,version5,8,9,0.08294260223344688,2.1844408759023355,2.181456262152756,1
20260728_151736_cvrp_v5_rep1,cvrp_aco,version5,9,10,0.06148207647677447,2.2939709161672934,2.293464900751064,1
20260728_151736_cvrp_v5_rep1,cvrp_aco,version5,10,9,0.06363873648486103,2.1796150117265247,2.1798574258079917,0
20260728_151736_cvrp_v5_rep1,cvrp_aco,version5,11,8,0.07664817773124372,2.069095089834201,2.0682313313785685,0
20260728_151736_cvrp_v5_rep1,cvrp_aco,version5,12,8,0.04035673830850518,2.0629812252873387,2.0604382662554044,0
20260728_151736_cvrp_v5_rep1,cvrp_aco,version5,13,9,0.11700626597673722,2.1895232502396254,2.188586907902224,1
20260728_151736_cvrp_v5_rep1,cvrp_aco,version5,14,9,0.04743047739749359,2.1875054528945364,2.1868719451040493,0
20260728_151736_cvrp_v5_rep1,cvrp_aco,version5,15,10,0.06946996681954005,2.2937773720391026,2.2936406864559284,1
20260728_151736_cvrp_v5_rep1,cvrp_aco,version5,16,10,0.07414416083337996,2.285347828859912,2.285343550661782,0
20260728_151736_cvrp_v5_rep1,cvrp_aco,version5,17,9,0.0333471221717383,2.188112740562702,2.188130405740502,0
20260728_151736_cvrp_v5_rep1,cvrp_aco,version5,18,8,0.04687939588908342,2.0599713257895504,2.0598740915336498,0
20260728_151736_cvrp_v5_rep1,cvrp_aco,version5,19,10,0.05686780774197246,2.284122425657187,2.2839840521499717,1
20260728_151736_cvrp_v5_rep1,cvrp_aco,version5,20,10,0.04474748409405487,2.2947029528980902,2.294687628781672,0
20260728_151736_cvrp_v5_rep1,cvrp_aco,version5,21,10,0.05608302188995684,2.2860310021852723,2.2860181411140577,0
20260728_151736_cvrp_v5_rep1,cvrp_aco,version5,22,9,0.04365591823104978,2.1535444991691,2.153286437376922,0
20260728_151736_cvrp_v5_rep1,cvrp_aco,version5,23,10,0.08595023803157957,2.2822765335447075,2.2789712068045875,0
20260728_151736_cvrp_v5_rep1,cvrp_aco,version5,24,10,0.05917167048719393,2.2685047571911228,2.2686853652890213,0
20260728_151736_cvrp_v5_rep1,cvrp_aco,version5,25,10,0.02131398784088037,2.2599094103390165,2.2602561716041443,0
20260728_151736_cvrp_v5_rep1,cvrp_aco,version5,26,9,0.07549664143229957,2.172799070734664,2.1728091506754974,0
20260728_151736_cvrp_v5_rep1,cvrp_aco,version5,27,10,0.06498834385593903,2.2680030344310866,2.267455624784282,0
20260728_151736_cvrp_v5_rep1,cvrp_aco,version5,28,10,0.04997625328231016,2.280887442505183,2.2811646575911406,0
20260728_151736_cvrp_v5_rep1,cvrp_aco,version5,29,9,0.07194829104549928,2.134244528069761,2.126917428087933,0
20260728_151736_cvrp_v5_rep1,cvrp_aco,version5,30,10,0.03691068558510489,2.2823926798429484,2.2824484135748557,0
20260728_151736_cvrp_v5_rep1,cvrp_aco,version5,31,9,0.05937658530309295,2.1446495528384926,2.144445988391145,0
20260728_151736_cvrp_v5_rep1,cvrp_aco,version5,32,10,0.06850535636700696,2.2868016731497574,2.286814953397864,1
20260728_151736_cvrp_v5_rep1,cvrp_aco,version5,33,10,0.0618611672087377,2.2604010784423587,2.2590253564731864,0
20260728_151736_cvrp_v5_rep1,cvrp_aco,version5,34,9,0.09026743376547886,2.180523407547905,2.180627813829278,0
20260728_151736_cvrp_v5_rep1,cvrp_aco,version5,35,9,0.046351790775746186,2.190989854634584,2.190968663920839,1
20260728_151736_cvrp_v5_rep1,cvrp_aco,version5,36,9,0.02866820114303798,2.16753131959674,2.1674708819147446,0
20260728_151736_cvrp_v5_rep1,cvrp_aco,version5,37,9,0.03715331247609354,2.170287485126,2.1693055173050197,0
20260728_151736_cvrp_v5_rep1,cvrp_aco,version5,38,9,0.00900727778005715,2.149531646239004,2.1492301200703885,0
20260728_151736_cvrp_v5_rep1,cvrp_aco,version5,39,9,0.03784975895520037,2.126914074013899,2.126730684214694,0
20260728_151736_cvrp_v5_rep1,cvrp_aco,version5,40,7,0.031451510895784345,1.9305532119825006,1.9305346206467975,1
20260728_151736_cvrp_v5_rep1,cvrp_aco,version5,41,10,0.06934725386946328,2.2471096821184995,2.2466317057570895,0
20260728_151736_cvrp_v5_rep1,cvrp_aco,version5,42,10,0.029149718005327997,2.2573739730733897,2.2559644146922375,0
20260728_151736_cvrp_v5_rep1,cvrp_aco,version5,43,7,0.08344822677595043,1.9286074448611523,1.9285056183527194,0
20260728_151736_cvrp_v5_rep1,cvrp_aco,version5,44,10,0.07302514393826284,2.2549494034782422,2.2441553036279736,0
20260728_151736_cvrp_v5_rep1,cvrp_aco,version5,45,7,0.06303028782431293,1.9371888897171687,1.937296654700882,0
20260728_151736_cvrp_v5_rep1,cvrp_aco,version5,46,9,0.07104657180543085,2.1626105288503945,2.161693160398724,1
20260728_151736_cvrp_v5_rep1,cvrp_aco,version5,47,8,0.06516357575187971,2.0508770199343584,2.0537515524381504,0
20260728_151736_cvrp_v5_rep1,cvrp_aco,version5,48,10,0.052104081065884954,2.2534112887586235,2.255422390125443,0
20260728_151736_cvrp_v5_rep1,cvrp_aco,version5,49,8,0.047395329513116584,2.0300946154816275,2.0348716214351246,0
20260728_151736_cvrp_v5_rep1,cvrp_aco,version5,50,10,0.07451490578239944,2.289147021379706,2.2891471999677724,1
20260728_151736_cvrp_v5_rep1,cvrp_aco,version5,51,8,0.03246361724009217,2.0620644011564577,2.061813607499484,0
20260728_151736_cvrp_v5_rep1,cvrp_aco,version5,52,9,0.05492329159025048,2.1929279534053587,2.194071657170234,1
20260728_151736_cvrp_v5_rep1,cvrp_aco,version5,53,10,0.08648851322850323,2.2697196280962566,2.2695787638580645,0
20260728_151736_cvrp_v5_rep1,cvrp_aco,version5,54,10,0.025081538038908825,2.2894639705838653,2.283258354535141,1
20260728_151736_cvrp_v5_rep1,cvrp_aco,version5,55,9,0.02685204266765738,2.1849122722544716,2.1848920141185038,0
20260728_151736_cvrp_v5_rep1,cvrp_aco,version5,56,8,0.06510872151263584,2.071360556603376,2.0710797427104453,0
20260728_151736_cvrp_v5_rep1,cvrp_aco,version5,57,8,0.039455279220944044,2.053958065252923,2.0603955970260888,0
20260728_151736_cvrp_v5_rep1,cvrp_aco,version5,58,9,0.0826844301655265,2.14970861131623,2.1364997673136474,0
20260728_151736_cvrp_v5_rep1,cvrp_aco,version5,59,10,0.052268616294775194,2.2862093647661195,2.286190759200631,0
20260728_151736_cvrp_v5_rep1,cvrp_aco,version5,60,8,0.07072888648653354,2.0651964227484667,2.065281407176692,0
20260728_151736_cvrp_v5_rep1,cvrp_aco,version5,61,7,0.034835369112321414,1.9362037564566945,1.9382181701682824,1
20260728_151736_cvrp_v5_rep1,cvrp_aco,version5,62,10,0.07307457002850684,2.2804615809970383,2.281175513831753,0
20260728_151736_cvrp_v5_rep1,cvrp_aco,version5,63,9,0.027386285163300425,2.188600514593106,2.1896143773483545,0
20260728_151736_cvrp_v5_rep1,cvrp_aco,version5,64,8,0.039654716414303605,2.070156162737344,2.0701459249094247,0
20260728_151736_cvrp_v5_rep1,cvrp_aco,version5,65,10,0.04155195119811382,2.287973967086889,2.287971329804356,0
20260728_151736_cvrp_v5_rep1,cvrp_aco,version5,66,10,0.059027039200834144,2.2929823911327003,2.2918281704061387,0
20260728_151736_cvrp_v5_rep1,cvrp_aco,version5,67,8,0.03960555454582883,2.073156720197707,2.0744638362830266,0
20260728_151736_cvrp_v5_rep1,cvrp_aco,version5,68,10,0.0532467137544886,2.2885508209258596,2.2885329360708626,0
20260728_151736_cvrp_v5_rep1,cvrp_aco,version5,69,10,0.05343266557185431,2.284052380384362,2.284037302538653,0
20260728_151736_cvrp_v5_rep1,cvrp_aco,version5,70,10,0.04697623237867453,2.28725960113489,2.2869651859638593,0
20260728_151736_cvrp_v5_rep1,cvrp_aco,version5,71,8,0.04475962740680695,2.0389751944643115,2.038882082323989,0
20260728_151736_cvrp_v5_rep1,cvrp_aco,version5,72,9,0.05645067948372395,2.181399543889539,2.1813838071909197,0
20260728_151736_cvrp_v5_rep1,cvrp_aco,version5,73,10,0.047545400307002966,2.294732610526523,2.292172728918289,0
20260728_151736_cvrp_v5_rep1,cvrp_aco,version5,74,10,0.010156861965148912,2.287334935500717,2.2876325718863266,0
20260728_151736_cvrp_v5_rep1,cvrp_aco,version5,75,10,0.064804324478867,2.2956385299172855,2.2970664995223196,0
20260728_151736_cvrp_v5_rep1,cvrp_aco,version5,76,9,0.045205503748267775,2.188790200594293,2.188766718895836,0
20260728_151736_cvrp_v5_rep1,cvrp_aco,version5,77,10,0.046592026561663266,2.242853838559148,2.240774126452203,0
20260728_151736_cvrp_v5_rep1,cvrp_aco,version5,78,10,0.062266905382059756,2.28656357529935,2.2887372629500007,0
20260728_151736_cvrp_v5_rep1,cvrp_aco,version5,79,9,0.05779702451574494,2.180731566835096,2.180705555923458,0
20260728_151736_cvrp_v5_rep1,cvrp_aco,version5,80,10,0.04333916829780079,2.2798423596221404,2.2794687843435635,0
20260728_151736_cvrp_v5_rep1,cvrp_aco,version5,81,10,0.039066812275373966,2.2808330018476717,2.270974490295925,0
20260728_151736_cvrp_v5_rep1,cvrp_aco,version5,82,9,0.03979966043065955,2.1764093415894723,2.1660099277721385,0
20260728_151736_cvrp_v5_rep1,cvrp_aco,version5,83,10,0.04785448769519761,2.2872262875447493,2.288270668354119,0
20260728_151736_cvrp_v5_rep1,cvrp_aco,version5,84,9,0.035922976908833365,2.1633258354223592,2.162747365950178,0
20260728_151736_cvrp_v5_rep1,cvrp_aco,version5,85,9,0.04026815756256689,2.142384457153284,2.142050561046198,1
20260728_151736_cvrp_v5_rep1,cvrp_aco,version5,86,10,0.07728599858891251,2.285307089219559,2.2853250589740224,0
20260728_151736_cvrp_v5_rep1,cvrp_aco,version5,87,10,0.03844838433599167,2.285162223945633,2.28507531040895,1
20260728_151736_cvrp_v5_rep1,cvrp_aco,version5,88,8,0.03474150908703868,2.0526584073347003,2.05237508933074,0
20260728_151736_cvrp_v5_rep1,cvrp_aco,version5,89,9,0.08564137807669613,2.176774288842999,2.174594516516517,0
20260728_151736_cvrp_v5_rep1,cvrp_aco,version5,90,10,0.039305404269159135,2.2545235253749856,2.2543701855958447,0
20260728_151736_cvrp_v5_rep1,cvrp_aco,version5,91,10,0.05526132874074693,2.2914509637293614,2.291436356556577,1
20260728_151736_cvrp_v5_rep1,cvrp_aco,version5,92,9,0.04416731195534897,2.1538416845233987,2.153801851852297,0
20260728_151736_cvrp_v5_rep1,cvrp_aco,version5,93,9,0.05233514263086189,2.1677086400695207,2.1676983595015296,1
20260728_151736_cvrp_v5_rep1,cvrp_aco,version5,94,6,0.02524565381705715,1.7728057403791613,1.7725240986103312,1
20260728_151736_cvrp_v5_rep1,cvrp_aco,version5,95,8,0.02577463278622353,2.0487679571871276,2.054229464294909,1
20260728_151736_cvrp_v5_rep1,cvrp_aco,version5,96,9,0.03917631375144416,2.1749990835965756,2.17449416118241,0
20260728_151736_cvrp_v5_rep1,cvrp_aco,version5,97,8,0.03402697196064221,2.0685572945500565,2.0685323844259114,1
20260728_151736_cvrp_v5_rep1,cvrp_aco,version5,98,10,0.0316924065859416,2.2688922054409653,2.2688598857393742,1
20260728_151736_cvrp_v5_rep1,cvrp_aco,version5,99,9,0.06373002357194822,2.175820490402031,2.1758138334078168,0
20260728_151736_cvrp_v5_rep1,cvrp_aco,version5,100,10,0.05923650154936423,2.2474045709986195,2.2465535929963854,0
20260728_151736_cvrp_v5_rep2,cvrp_aco,version5,1,8,0.419064283925637,2.078108774179821,2.0772970061501512,1
20260728_151736_cvrp_v5_rep2,cvrp_aco,version5,2,10,0.27593176268866076,2.3003973560794098,2.300586458527524,0
20260728_151736_cvrp_v5_rep2,cvrp_aco,version5,3,8,0.2310314479949263,2.0759831198801386,2.0756100603044896,1
20260728_151736_cvrp_v5_rep2,cvrp_aco,version5,4,9,0.20108997490149283,2.1950863540585837,2.1943736853380162,0
20260728_151736_cvrp_v5_rep2,cvrp_aco,version5,5,10,0.1551187323246848,2.3011727694837534,2.29917914435677,0
20260728_151736_cvrp_v5_rep2,cvrp_aco,version5,6,9,0.08018352753404172,2.1930387220080356,2.1886943705148956,0
20260728_151736_cvrp_v5_rep2,cvrp_aco,version5,7,9,0.062446878129043676,2.188847843682802,2.192956778558046,1
20260728_151736_cvrp_v5_rep2,cvrp_aco,version5,8,10,0.11158646312630274,2.3003719257572817,2.2944623631990613,1
20260728_151736_cvrp_v5_rep2,cvrp_aco,version5,9,9,0.1506684998216091,2.195697702554386,2.194665308654214,0
20260728_151736_cvrp_v5_rep2,cvrp_aco,version5,10,10,0.1661930026533605,2.29311697615129,2.292620343012261,0
20260728_151736_cvrp_v5_rep2,cvrp_aco,version5,11,10,0.05683811973245858,2.2585079719258854,2.247542391848883,0
20260728_151736_cvrp_v5_rep2,cvrp_aco,version5,12,9,0.12430819596495063,2.1956542676475888,2.193769198860659,0
20260728_151736_cvrp_v5_rep2,cvrp_aco,version5,13,9,0.09118226373727,2.1663153049264334,2.15787092833493,1
20260728_151736_cvrp_v5_rep2,cvrp_aco,version5,14,8,0.1312774418258958,2.0744935642460973,2.0728760782018343,0
20260728_151736_cvrp_v5_rep2,cvrp_aco,version5,15,9,0.04399609566773141,2.174699702717874,2.1744228028535564,0
20260728_151736_cvrp_v5_rep2,cvrp_aco,version5,16,10,0.08348167734713645,2.285357253488445,2.2814776624112714,0
20260728_151736_cvrp_v5_rep2,cvrp_aco,version5,17,10,0.04591822552257794,2.2766752422740395,2.276456498330049,0
20260728_151736_cvrp_v5_rep2,cvrp_aco,version5,18,6,0.04783336023338173,1.7839726854364841,1.7836899504416879,1
20260728_151736_cvrp_v5_rep2,cvrp_aco,version5,19,10,0.04596319550582212,2.279299220445257,2.279166595924451,1
20260728_151736_cvrp_v5_rep2,cvrp_aco,version5,20,9,0.08344817834146802,2.1726525146305007,2.1668761535095395,0
20260728_151736_cvrp_v5_rep2,cvrp_aco,version5,21,8,0.08266911091396248,2.038770076883229,2.025120194433196,1
20260728_151736_cvrp_v5_rep2,cvrp_aco,version5,22,9,0.03612480508158969,2.19139134169598,2.1913827140797055,1
20260728_151736_cvrp_v5_rep2,cvrp_aco,version5,23,10,0.05812957111534286,2.278055818429012,2.27784971129538,0
20260728_151736_cvrp_v5_rep2,cvrp_aco,version5,24,9,0.06977842325768505,2.18071763445852,2.179410609485802,0
20260728_151736_cvrp_v5_rep2,cvrp_aco,version5,25,10,0.04236623115895733,2.278983719942528,2.278259719103844,0
20260728_151736_cvrp_v5_rep2,cvrp_aco,version5,26,8,0.11169619941309422,2.050961266168737,2.038934820400149,0
20260728_151736_cvrp_v5_rep2,cvrp_aco,version5,27,10,0.06716516325866373,2.2514382218422684,2.238529945670342,0
20260728_151736_cvrp_v5_rep2,cvrp_aco,version5,28,9,0.07386384657536967,2.161546611923588,2.1508281350807916,0
20260728_151736_cvrp_v5_rep2,cvrp_aco,version5,29,10,0.03705769829467026,2.266729177562999,2.2650598649332334,0
20260728_151736_cvrp_v5_rep2,cvrp_aco,version5,30,9,0.04707965252051073,2.1884803861435036,2.188491129145563,0
20260728_151736_cvrp_v5_rep2,cvrp_aco,version5,31,9,0.03940974234283373,2.1828427114844713,2.182777256296943,0
20260728_151736_cvrp_v5_rep2,cvrp_aco,version5,32,10,0.07266448926807338,2.289472169438262,2.2890668571723536,1
20260728_151736_cvrp_v5_rep2,cvrp_aco,version5,33,10,0.05231153171444497,2.2882030778853766,2.288170295273716,0
20260728_151736_cvrp_v5_rep2,cvrp_aco,version5,34,10,0.038335070553988174,2.293824724615167,2.2938094756251575,0
20260728_151736_cvrp_v5_rep2,cvrp_aco,version5,35,9,0.022850963330920668,2.188751201809021,2.1887187969701767,1
20260728_151736_cvrp_v5_rep2,cvrp_aco,version5,36,9,0.08152211483139375,2.1711202009025965,2.166618975083993,0
20260728_151736_cvrp_v5_rep2,cvrp_aco,version5,37,10,0.047298357810121525,2.2744686748046776,2.274415923084444,0
20260728_151736_cvrp_v5_rep2,cvrp_aco,version5,38,9,0.03362626409782137,2.1922488370147124,2.1911690487496123,0
20260728_151736_cvrp_v5_rep2,cvrp_aco,version5,39,10,0.0693253207569779,2.2674063428358564,2.2531264850628423,0
20260728_151736_cvrp_v5_rep2,cvrp_aco,version5,40,10,0.049597623374543896,2.2817286217082597,2.2825938829755064,1
20260728_151736_cvrp_v5_rep2,cvrp_aco,version5,41,10,0.038975603524005295,2.270998127958366,2.2666356166954778,1
20260728_151736_cvrp_v5_rep2,cvrp_aco,version5,42,9,0.01910899540936591,2.1667086623843153,2.1663721309096275,0
20260728_151736_cvrp_v5_rep2,cvrp_aco,version5,43,10,0.0460113485857877,2.241171383158721,2.2261872621865653,0
20260728_151736_cvrp_v5_rep2,cvrp_aco,version5,44,10,0.05443803254739933,2.2871983240540135,2.2869310764966584,0
20260728_151736_cvrp_v5_rep2,cvrp_aco,version5,45,8,0.018544396249739244,2.016321620157311,1.998416259184192,0
20260728_151736_cvrp_v5_rep2,cvrp_aco,version5,46,9,0.02250883497315024,2.1301588701760017,2.11410468744685,0
20260728_151736_cvrp_v5_rep2,cvrp_aco,version5,47,9,0.06490889312790167,2.178239945951676,2.1770717747820134,0
20260728_151736_cvrp_v5_rep2,cvrp_aco,version5,48,8,0.020369077803267955,2.0223970398795847,2.022247132102563,0
20260728_151736_cvrp_v5_rep2,cvrp_aco,version5,49,10,0.043451022502883005,2.2735102703415597,2.2732619188268353,1
20260728_151736_cvrp_v5_rep2,cvrp_aco,version5,50,9,0.04835547685245041,2.156120912821811,2.1561121556502627,0
20260728_151736_cvrp_v5_rep2,cvrp_aco,version5,51,9,0.029194962024644198,2.1806760976939237,2.1807122482014156,0
20260728_151736_cvrp_v5_rep2,cvrp_aco,version5,52,10,0.05298103555968385,2.2514445697836374,2.251200605127345,0
20260728_151736_cvrp_v5_rep2,cvrp_aco,version5,53,8,0.013880240763788531,2.0095174939350184,2.010195241731413,0
20260728_151736_cvrp_v5_rep2,cvrp_aco,version5,54,9,0.0025252525252499975,2.172180574056373,2.1721737086484953,0
20260728_151736_cvrp_v5_rep2,cvrp_aco,version5,55,9,0.03978291409946385,2.1743974481989037,2.174375524219175,0
20260728_151736_cvrp_v5_rep2,cvrp_aco,version5,56,10,0.03058110044223316,2.2518253478832286,2.2495567319106486,0
20260728_151736_cvrp_v5_rep2,cvrp_aco,version5,57,10,0.01883908430973736,2.2420929433111407,2.23904406627666,0
20260728_151736_cvrp_v5_rep2,cvrp_aco,version5,58,9,0.020855514907165515,2.178320314836523,2.1785541899665146,0
20260728_151736_cvrp_v5_rep2,cvrp_aco,version5,59,10,0.037429640494054804,2.267032473013821,2.2670253682321024,0
20260728_151736_cvrp_v5_rep2,cvrp_aco,version5,60,10,0.038639657773314955,2.249302080215525,2.234283916722302,0
20260728_151736_cvrp_v5_rep2,cvrp_aco,version5,61,10,0.02998807795951115,2.257150016437043,2.257084438066106,1
20260728_151736_cvrp_v5_rep2,cvrp_aco,version5,62,10,0.025233671790349056,2.2651591688999337,2.2649401055260734,0
20260728_151736_cvrp_v5_rep2,cvrp_aco,version5,63,10,0.04846581275964216,2.289974999135112,2.290329439077169,0
20260728_151736_cvrp_v5_rep2,cvrp_aco,version5,64,9,0.04481551160472311,2.167796783228109,2.16770705074149,0
20260728_151736_cvrp_v5_rep2,cvrp_aco,version5,65,10,0.04291172111452766,2.277262483070177,2.2782485306354747,0
20260728_151736_cvrp_v5_rep2,cvrp_aco,version5,66,10,0.06829965832269441,2.2891907189413403,2.2892323382867787,0
20260728_151736_cvrp_v5_rep2,cvrp_aco,version5,67,10,0.0267944206266979,2.264577090758835,2.2630109940903242,0
20260728_151736_cvrp_v5_rep2,cvrp_aco,version5,68,10,0.03555209717864212,2.255973056300958,2.2563009109809276,0
20260728_151736_cvrp_v5_rep2,cvrp_aco,version5,69,9,0.038873519607331236,2.1416894207242057,2.132642951769184,0
20260728_151736_cvrp_v5_rep2,cvrp_aco,version5,70,10,0.04369257712298056,2.251996562403351,2.233780631875061,0
20260728_151736_cvrp_v5_rep2,cvrp_aco,version5,71,9,0.029298190418813763,2.1315822441593117,2.1313155679586546,0
20260728_151736_cvrp_v5_rep2,cvrp_aco,version5,72,10,0.035442591172917065,2.293224097660819,2.293172200208497,0
20260728_151736_cvrp_v5_rep2,cvrp_aco,version5,73,8,0.03433072872003694,2.0254108808384936,2.020903378868863,0
20260728_151736_cvrp_v5_rep2,cvrp_aco,version5,74,10,0.05643646789475314,2.2200713969748835,2.1974467149198844,0
20260728_151736_cvrp_v5_rep2,cvrp_aco,version5,75,8,0.024351050350104528,2.0301037926664716,2.0219442278310225,0
20260728_151736_cvrp_v5_rep2,cvrp_aco,version5,76,9,0.03378461903352302,2.1273102957229164,2.127032047265497,0
20260728_151736_cvrp_v5_rep2,cvrp_aco,version5,77,9,0.012238338955300486,2.1741527063999473,2.1741488916398937,0
20260728_151736_cvrp_v5_rep2,cvrp_aco,version5,78,9,0.027493890589864376,2.159997229730227,2.159881028328303,0
20260728_151736_cvrp_v5_rep2,cvrp_aco,version5,79,10,0.039169847318252085,2.2841390134804755,2.28413163211952,0
20260728_151736_cvrp_v5_rep2,cvrp_aco,version5,80,9,0.061351105923158115,2.1767805204042956,2.175982487838255,0
20260728_151736_cvrp_v5_rep2,cvrp_aco,version5,81,9,0.010861618280919071,2.1703079220407777,2.1702997286927346,0
20260728_151736_cvrp_v5_rep2,cvrp_aco,version5,82,8,0.022098596050188192,2.0642884461893605,2.0642440662852377,0
20260728_151736_cvrp_v5_rep2,cvrp_aco,version5,83,10,0.016910357413289244,2.2580475389702905,2.259116597265463,0
20260728_151736_cvrp_v5_rep2,cvrp_aco,version5,84,10,0.011212633054525023,2.251071678911074,2.2512212231500905,0
20260728_151736_cvrp_v5_rep2,cvrp_aco,version5,85,10,0.008923050347190034,2.2418963169513595,2.237007509316938,0
20260728_151736_cvrp_v5_rep2,cvrp_aco,version5,86,10,0.015038189095518897,2.2885785529574947,2.2886897363435974,0
20260728_151736_cvrp_v5_rep2,cvrp_aco,version5,87,10,0.01713368393845863,2.2481687274925894,2.2431172895015017,0
20260728_151736_cvrp_v5_rep2,cvrp_aco,version5,88,9,0.01407336618944863,2.179387381930234,2.1790848290429254,0
20260728_151736_cvrp_v5_rep2,cvrp_aco,version5,89,8,0.026669446834655067,2.010765705923494,2.0030194483264196,0
20260728_151736_cvrp_v5_rep2,cvrp_aco,version5,90,10,0.03622272524580652,2.264540039955852,2.264396548545921,0
20260728_151736_cvrp_v5_rep2,cvrp_aco,version5,91,9,0.010497299227702558,2.142531649894808,2.142391150036269,0
20260728_151736_cvrp_v5_rep2,cvrp_aco,version5,92,10,0.018578070634609728,2.2378003767098167,2.23322548835559,0
20260728_151736_cvrp_v5_rep2,cvrp_aco,version5,93,9,0.005860611123763162,2.1681807602016483,2.168127436746711,0
20260728_151736_cvrp_v5_rep2,cvrp_aco,version5,94,7,0.04281525788294164,1.891398225729781,1.8787899653989502,0
20260728_151736_cvrp_v5_rep2,cvrp_aco,version5,95,10,0.036280386903746006,2.2747447289949085,2.274692435501552,0
20260728_151736_cvrp_v5_rep2,cvrp_aco,version5,96,9,0.046908234437624916,2.179833538367894,2.1791117064161827,0
20260728_151736_cvrp_v5_rep2,cvrp_aco,version5,97,10,0.03919178863921737,2.262438083415061,2.258191964156558,0
20260728_151736_cvrp_v5_rep2,cvrp_aco,version5,98,9,0.013731786322371521,2.1358215141117634,2.1317356232729305,0
20260728_151736_cvrp_v5_rep2,cvrp_aco,version5,99,10,0.027067229719713114,2.2140787495152807,2.1970294650820534,0
20260728_151736_cvrp_v5_rep2,cvrp_aco,version5,100,10,0.054803013804928566,2.2521302177350506,2.238965525809145,0
20260728_151736_cvrp_v5_rep3,cvrp_aco,version5,1,10,0.3346212896634432,2.299472737472989,2.29915405194531,1
20260728_151736_cvrp_v5_rep3,cvrp_aco,version5,2,9,0.20903703992388606,2.19592653752068,2.1952140624510763,0
20260728_151736_cvrp_v5_rep3,cvrp_aco,version5,3,8,0.2691896338338384,2.0747699757283318,2.0756489745456155,0
20260728_151736_cvrp_v5_rep3,cvrp_aco,version5,4,10,0.17559223664589424,2.2984057065932553,2.2983004859962644,1
20260728_151736_cvrp_v5_rep3,cvrp_aco,version5,5,9,0.11079774627721112,2.191988145191397,2.1914976712782064,1
20260728_151736_cvrp_v5_rep3,cvrp_aco,version5,6,10,0.10979756555186806,2.300430043092051,2.2994421520991564,0
20260728_151736_cvrp_v5_rep3,cvrp_aco,version5,7,10,0.09147111558243738,2.298475997600336,2.2984114266247984,0
20260728_151736_cvrp_v5_rep3,cvrp_aco,version5,8,10,0.0752808567099231,2.29378379467208,2.292741453634805,0
20260728_151736_cvrp_v5_rep3,cvrp_aco,version5,9,9,0.05967122098266845,2.192512534856017,2.1905443979634303,0
20260728_151736_cvrp_v5_rep3,cvrp_aco,version5,10,10,0.09879357505525052,2.2931886502168712,2.292757001883804,0
20260728_151736_cvrp_v5_rep3,cvrp_aco,version5,11,10,0.05575893520885285,2.2993145593000346,2.2993103636180825,1
20260728_151736_cvrp_v5_rep3,cvrp_aco,version5,12,10,0.1573269898392519,2.295657725089547,2.2930523419910456,0
20260728_151736_cvrp_v5_rep3,cvrp_aco,version5,13,10,0.06550958530867554,2.287125629561205,2.285316660547032,1
20260728_151736_cvrp_v5_rep3,cvrp_aco,version5,14,10,0.10003166294973262,2.265065636288109,2.265233173440477,0
20260728_151736_cvrp_v5_rep3,cvrp_aco,version5,15,10,0.06132400603650001,2.286529451494762,2.286500564782644,0
20260728_151736_cvrp_v5_rep3,cvrp_aco,version5,16,10,0.07298562519102707,2.2737659494440474,2.2729548201568868,0
20260728_151736_cvrp_v5_rep3,cvrp_aco,version5,17,10,0.07713231943152414,2.2647633176971054,2.2634778549675025,0
20260728_151736_cvrp_v5_rep3,cvrp_aco,version5,18,10,0.04902918802549204,2.2945442398249005,2.2945103476685724,0
20260728_151736_cvrp_v5_rep3,cvrp_aco,version5,19,8,0.043721685060927065,2.0660294697559665,2.063337567585564,0
20260728_151736_cvrp_v5_rep3,cvrp_aco,version5,20,9,0.06129629569593485,2.165178348295575,2.1661220463091193,1
20260728_151736_cvrp_v5_rep3,cvrp_aco,version5,21,10,0.021053942128885735,2.2942854039990945,2.294253853757704,0
20260728_151736_cvrp_v5_rep3,cvrp_aco,version5,22,8,0.058389846808906055,2.054471738246473,2.0545510587452176,1
20260728_151736_cvrp_v5_rep3,cvrp_aco,version5,23,8,0.042076141034792916,2.0539867843115642,2.0539402737281,0
20260728_151736_cvrp_v5_rep3,cvrp_aco,version5,24,9,0.05709022274201953,2.177936280069269,2.1774630555340058,0
20260728_151736_cvrp_v5_rep3,cvrp_aco,version5,25,10,0.060953961513306495,2.2888985702639495,2.288496907441858,0
20260728_151736_cvrp_v5_rep3,cvrp_aco,version5,26,10,0.08560623589502706,2.290307360091562,2.290424080040526,1
20260728_151736_cvrp_v5_rep3,cvrp_aco,version5,27,10,0.0991098204863894,2.2902899829829373,2.2904068798886796,0
20260728_151736_cvrp_v5_rep3,cvrp_aco,version5,28,10,0.047916239400356095,2.2928175952752787,2.2928357039307694,0
20260728_151736_cvrp_v5_rep3,cvrp_aco,version5,29,10,0.06985453457488497,2.2958304934593685,2.295813611019547,1
20260728_151736_cvrp_v5_rep3,cvrp_aco,version5,30,10,0.10264336696547778,2.2969149385826264,2.2969166118849147,0
20260728_151736_cvrp_v5_rep3,cvrp_aco,version5,31,10,0.043873145338627136,2.291631664497457,2.2915696754472887,0
20260728_151736_cvrp_v5_rep3,cvrp_aco,version5,32,10,0.07869563302320363,2.291462614921196,2.291436777122536,1
20260728_151736_cvrp_v5_rep3,cvrp_aco,version5,33,10,0.07215076592017591,2.299650887065834,2.2996282127776855,0
20260728_151736_cvrp_v5_rep3,cvrp_aco,version5,34,9,0.07626120472085256,2.1916174049434263,2.191848741539163,0
20260728_151736_cvrp_v5_rep3,cvrp_aco,version5,35,8,0.06105031421328726,2.0725066941329837,2.0724475253424615,0
20260728_151736_cvrp_v5_rep3,cvrp_aco,version5,36,9,0.10676995267276514,2.1870806634622064,2.1870068475119298,0
20260728_151736_cvrp_v5_rep3,cvrp_aco,version5,37,10,0.07273285393446013,2.28355207208349,2.2833740558590154,1
20260728_151736_cvrp_v5_rep3,cvrp_aco,version5,38,10,0.0725881285180607,2.29564040085176,2.2956140214124563,0
20260728_151736_cvrp_v5_rep3,cvrp_aco,version5,39,9,0.05157725300372305,2.167314434415345,2.1691287166879403,0
20260728_151736_cvrp_v5_rep3,cvrp_aco,version5,40,10,0.08312987011336337,2.282447893303847,2.282243472924394,1
20260728_151736_cvrp_v5_rep3,cvrp_aco,version5,41,10,0.04613018011514901,2.29389915983803,2.29378476349855,0
20260728_151736_cvrp_v5_rep3,cvrp_aco,version5,42,9,0.05202141603763376,2.1765019043020377,2.1762993609228403,0
20260728_151736_cvrp_v5_rep3,cvrp_aco,version5,43,9,0.037323245052987356,2.184211496842682,2.1841809769848393,0
20260728_151736_cvrp_v5_rep3,cvrp_aco,version5,44,9,0.047602035295485845,2.189958369292222,2.1899490568488638,1
20260728_151736_cvrp_v5_rep3,cvrp_aco,version5,45,10,0.07313484100705789,2.2904169677346338,2.289880226557642,0
20260728_151736_cvrp_v5_rep3,cvrp_aco,version5,46,9,0.05943058071329529,2.175034530695145,2.174942378689229,0
20260728_151736_cvrp_v5_rep3,cvrp_aco,version5,47,10,0.06583515597871653,2.2917788334182307,2.2917506789830306,0
20260728_151736_cvrp_v5_rep3,cvrp_aco,version5,48,9,0.033080148992978224,2.191000994243511,2.1910062022207604,0
20260728_151736_cvrp_v5_rep3,cvrp_aco,version5,49,10,0.06465047072840611,2.286108591421556,2.286087851033035,0
20260728_151736_cvrp_v5_rep3,cvrp_aco,version5,50,9,0.07732520836692158,2.1892049085785215,2.1892262569677388,1
20260728_151736_cvrp_v5_rep3,cvrp_aco,version5,51,9,0.05777954408745042,2.1887093516186913,2.188646204585597,0
20260728_151736_cvrp_v5_rep3,cvrp_aco,version5,52,9,0.042921885634797534,2.1943215855926366,2.1942535855708707,0
20260728_151736_cvrp_v5_rep3,cvrp_aco,version5,53,10,0.05170654254097553,2.2937102394080595,2.292980535757817,0
20260728_151736_cvrp_v5_rep3,cvrp_aco,version5,54,10,0.03886735827481384,2.2856033168436114,2.2855812420146755,0
20260728_151736_cvrp_v5_rep3,cvrp_aco,version5,55,9,0.06116086615826208,2.178101939676655,2.1780705598100556,0
20260728_151736_cvrp_v5_rep3,cvrp_aco,version5,56,10,0.07831270886364329,2.297099587413001,2.2969644074233426,0
20260728_151736_cvrp_v5_rep3,cvrp_aco,version5,57,9,0.06911240153705951,2.176829491271747,2.176671345993412,0
20260728_151736_cvrp_v5_rep3,cvrp_aco,version5,58,10,0.05917841303774742,2.2870048624948582,2.28696881049196,0
20260728_151736_cvrp_v5_rep3,cvrp_aco,version5,59,10,0.051417753049765945,2.2871316891236297,2.2868077780977427,1
20260728_151736_cvrp_v5_rep3,cvrp_aco,version5,60,8,0.02562270201150587,2.0513703938521957,2.0513822506443162,0
20260728_151736_cvrp_v5_rep3,cvrp_aco,version5,61,10,0.03938728521381911,2.2764456163137896,2.2764205641209676,0
20260728_151736_cvrp_v5_rep3,cvrp_aco,version5,62,10,0.03938994352474588,2.291019271984331,2.2910112405117915,1
20260728_151736_cvrp_v5_rep3,cvrp_aco,version5,63,8,0.04352853945163561,2.0586579274551964,2.0585916184162856,0
20260728_151736_cvrp_v5_rep3,cvrp_aco,version5,64,10,0.08138633792369811,2.2893337207285307,2.2892627844856728,1
20260728_151736_cvrp_v5_rep3,cvrp_aco,version5,65,10,0.06574058076236328,2.2767847335727724,2.27675580033665,0
20260728_151736_cvrp_v5_rep3,cvrp_aco,version5,66,9,0.04027956632195634,2.1778448315203582,2.1777952220872594,0
20260728_151736_cvrp_v5_rep3,cvrp_aco,version5,67,9,0.06980113720598001,2.1711568531814556,2.1710839661118237,1
20260728_151736_cvrp_v5_rep3,cvrp_aco,version5,68,9,0.0716181957193196,2.1898176001565273,2.1898183942219256,0
20260728_151736_cvrp_v5_rep3,cvrp_aco,version5,69,9,0.060843047183951234,2.1887216901722484,2.1887032997257903,1
20260728_151736_cvrp_v5_rep3,cvrp_aco,version5,70,9,0.06691394255713576,2.1688854502602952,2.1683615992551943,0
20260728_151736_cvrp_v5_rep3,cvrp_aco,version5,71,10,0.042444798351496074,2.293961344549291,2.2939465756248527,0
20260728_151736_cvrp_v5_rep3,cvrp_aco,version5,72,9,0.037319209199123654,2.1869999040383306,2.1869970364108955,0
20260728_151736_cvrp_v5_rep3,cvrp_aco,version5,73,9,0.05303555125160502,2.163338743793995,2.1610999657441723,0
20260728_151736_cvrp_v5_rep3,cvrp_aco,version5,74,9,0.07876029827282026,2.174926651012433,2.174778691813468,0
20260728_151736_cvrp_v5_rep3,cvrp_aco,version5,75,10,0.054285238267820904,2.2852372630048703,2.285227658150663,0
20260728_151736_cvrp_v5_rep3,cvrp_aco,version5,76,9,0.06296082736940989,2.172839354318892,2.172685853878439,0
20260728_151736_cvrp_v5_rep3,cvrp_aco,version5,77,9,0.053762099051949265,2.1828119534576107,2.182717123758601,0
20260728_151736_cvrp_v5_rep3,cvrp_aco,version5,78,10,0.08458661514906834,2.2890692149146474,2.2890691792141595,0
20260728_151736_cvrp_v5_rep3,cvrp_aco,version5,79,10,0.05520228342203345,2.278323174753025,2.278288846590138,0
20260728_151736_cvrp_v5_rep3,cvrp_aco,version5,80,10,0.02075697050524904,2.270278604767861,2.2701934950203433,0
20260728_151736_cvrp_v5_rep3,cvrp_aco,version5,81,10,0.07430424748314873,2.2870054293824467,2.2857048393592008,0
20260728_151736_cvrp_v5_rep3,cvrp_aco,version5,82,10,0.0793407425313775,2.275466597100983,2.2754312264717593,0
20260728_151736_cvrp_v5_rep3,cvrp_aco,version5,83,9,0.055162099514922174,2.18356397350833,2.1835621048746092,0
20260728_151736_cvrp_v5_rep3,cvrp_aco,version5,84,8,0.06403306260682048,2.04605884359509,2.045630670564395,0
20260728_151736_cvrp_v5_rep3,cvrp_aco,version5,85,10,0.03618691179526369,2.2887209893498226,2.2887137541299585,0
20260728_151736_cvrp_v5_rep3,cvrp_aco,version5,86,9,0.03285533139103681,2.1743707384367927,2.174321274897076,0
20260728_151736_cvrp_v5_rep3,cvrp_aco,version5,87,10,0.08231460437369506,2.2649788842703114,2.2662103785932954,0
20260728_151736_cvrp_v5_rep3,cvrp_aco,version5,88,8,0.03918563631166708,2.0650529067221886,2.065023429448971,0
20260728_151736_cvrp_v5_rep3,cvrp_aco,version5,89,8,0.06702232253087786,2.0509008004066285,2.0475506672364414,0
20260728_151736_cvrp_v5_rep3,cvrp_aco,version5,90,10,0.05439317084026276,2.2803095938143616,2.280185276339686,0
20260728_151736_cvrp_v5_rep3,cvrp_aco,version5,91,10,0.036838046341507266,2.2842181103876293,2.2841931735107126,0
20260728_151736_cvrp_v5_rep3,cvrp_aco,version5,92,9,0.04985590251915452,2.1735000690204687,2.17269903034536,0
20260728_151736_cvrp_v5_rep3,cvrp_aco,version5,93,9,0.0709846181775648,2.1425638778370466,2.1308454010840183,0
20260728_151736_cvrp_v5_rep3,cvrp_aco,version5,94,9,0.06003603538195563,2.1788795238836887,2.17748958197566,0
20260728_151736_cvrp_v5_rep3,cvrp_aco,version5,95,10,0.03062116567328485,2.264916497682873,2.264932614628389,0
20260728_151736_cvrp_v5_rep3,cvrp_aco,version5,96,10,0.03569672905148251,2.277890505808338,2.277959396332044,0
20260728_151736_cvrp_v5_rep3,cvrp_aco,version5,97,6,0.04964262226864563,1.7668395764930105,1.7663958384083662,0
20260728_151736_cvrp_v5_rep3,cvrp_aco,version5,98,9,0.0571224498288674,2.1719154746195177,2.1718635085964313,0
20260728_151736_cvrp_v5_rep3,cvrp_aco,version5,99,10,0.09775547730316154,2.266154182202956,2.26539153997461,0
20260728_151736_cvrp_v5_rep3,cvrp_aco,version5,100,10,0.04153823025597047,2.2789181748565137,2.2788593083387747,0
v6_20260801_183249_cvrp_v6_rep1,cvrp_aco,version6,1,9,0.36980769606566466,2.1941071351429295,2.194285528441716,1
v6_20260801_183249_cvrp_v6_rep1,cvrp_aco,version6,2,9,0.2950144416401665,2.196236176364386,2.196170762965405,1
v6_20260801_183249_cvrp_v6_rep1,cvrp_aco,version6,3,10,0.26472596655340147,2.3012082505382057,2.3007830992101295,1
v6_20260801_183249_cvrp_v6_rep1,cvrp_aco,version6,4,10,0.18039791101011937,2.2946178623349294,2.2953302795764015,0
v6_20260801_183249_cvrp_v6_rep1,cvrp_aco,version6,5,9,0.08527944946141482,2.1912235968561005,2.1921292802002843,1
v6_20260801_183249_cvrp_v6_rep1,cvrp_aco,version6,6,10,0.13318466310377075,2.2987248820988513,2.2989167022428165,1
v6_20260801_183249_cvrp_v6_rep1,cvrp_aco,version6,7,10,0.13985822227143024,2.3008501028240875,2.2993611123573774,1
v6_20260801_183249_cvrp_v6_rep1,cvrp_aco,version6,8,9,0.14654431691011452,2.1935983198255595,2.191940959085173,0
v6_20260801_183249_cvrp_v6_rep1,cvrp_aco,version6,9,8,0.10969222935234263,2.0740437071459,2.070280269845563,1
v6_20260801_183249_cvrp_v6_rep1,cvrp_aco,version6,10,8,0.15952825491706601,2.076978980159349,2.0763392157591825,0
v6_20260801_183249_cvrp_v6_rep1,cvrp_aco,version6,11,9,0.11913890046988546,2.194611379501365,2.194716658849576,0
v6_20260801_183249_cvrp_v6_rep1,cvrp_aco,version6,12,10,0.16531419568467265,2.2936257236402953,2.2918239166607965,0
v6_20260801_183249_cvrp_v6_rep1,cvrp_aco,version6,13,10,0.078019883368455,2.292564200011475,2.2927254114662308,1
v6_20260801_183249_cvrp_v6_rep1,cvrp_aco,version6,14,8,0.11768913748345419,2.0711681039144936,2.0624773652757904,0
v6_20260801_183249_cvrp_v6_rep1,cvrp_aco,version6,15,8,0.0962571564892231,2.06513354542432,2.053904034465437,0
v6_20260801_183249_cvrp_v6_rep1,cvrp_aco,version6,16,10,0.16211654567796008,2.295415590330789,2.294757249300769,0
v6_20260801_183249_cvrp_v6_rep1,cvrp_aco,version6,17,9,0.07297385081411772,2.1692394237920274,2.1690370742908183,0
v6_20260801_183249_cvrp_v6_rep1,cvrp_aco,version6,18,10,0.10383628450565978,2.2883154537756165,2.2871742173714984,0
v6_20260801_183249_cvrp_v6_rep1,cvrp_aco,version6,19,9,0.10924836201802024,2.166000795100069,2.1650458166702666,1
v6_20260801_183249_cvrp_v6_rep1,cvrp_aco,version6,20,9,0.1251889061349094,2.1861641118612427,2.1858244296102805,0
v6_20260801_183249_cvrp_v6_rep1,cvrp_aco,version6,21,10,0.14497174808951901,2.2976440220986287,2.2972646181201997,0
v6_20260801_183249_cvrp_v6_rep1,cvrp_aco,version6,22,10,0.15365161603543143,2.2913848869952793,2.2898762807557915,0
v6_20260801_183249_cvrp_v6_rep1,cvrp_aco,version6,23,9,0.14681044893180173,2.189661091389953,2.1861045373874974,0
v6_20260801_183249_cvrp_v6_rep1,cvrp_aco,version6,24,9,0.08888432887861449,2.193603101691097,2.193565860517386,0
v6_20260801_183249_cvrp_v6_rep1,cvrp_aco,version6,25,10,0.09393497114932965,2.2981808307160354,2.297228838301131,0
v6_20260801_183249_cvrp_v6_rep1,cvrp_aco,version6,26,9,0.11607715006182157,2.185440817229216,2.184264827184614,0
v6_20260801_183249_cvrp_v6_rep1,cvrp_aco,version6,27,10,0.1031182567992247,2.29171532287968,2.2912601787259743,0
v6_20260801_183249_cvrp_v6_rep1,cvrp_aco,version6,28,8,0.11501600953348688,2.0754731902015546,2.075520041366826,0
v6_20260801_183249_cvrp_v6_rep1,cvrp_aco,version6,29,8,0.09288392425007944,2.070607233086879,2.0631886748553656,0
v6_20260801_183249_cvrp_v6_rep1,cvrp_aco,version6,30,10,0.15493593924866045,2.2986023310215717,2.298421213745095,1
v6_20260801_183249_cvrp_v6_rep1,cvrp_aco,version6,31,10,0.11057253856723534,2.285339136688951,2.281422244617277,1
v6_20260801_183249_cvrp_v6_rep1,cvrp_aco,version6,32,10,0.09605723544389468,2.2988739452997344,2.2989661185403967,0
v6_20260801_183249_cvrp_v6_rep1,cvrp_aco,version6,33,9,0.09679543727721149,2.1909061292367995,2.1906257398934295,0
v6_20260801_183249_cvrp_v6_rep1,cvrp_aco,version6,34,9,0.07182580695711728,2.1901338355579174,2.1892660421433376,1
v6_20260801_183249_cvrp_v6_rep1,cvrp_aco,version6,35,10,0.11766922194337218,2.29428787461437,2.2942150329927338,0
v6_20260801_183249_cvrp_v6_rep1,cvrp_aco,version6,36,9,0.14203946118747332,2.169914615211771,2.1658461732865337,0
v6_20260801_183249_cvrp_v6_rep1,cvrp_aco,version6,37,7,0.10860525249660394,1.942570031153484,1.9425148722360785,1
v6_20260801_183249_cvrp_v6_rep1,cvrp_aco,version6,38,10,0.08726996480245916,2.2967165426019163,2.2966791499529533,0
v6_20260801_183249_cvrp_v6_rep1,cvrp_aco,version6,39,10,0.08565133350233153,2.287076765710002,2.2865827085534405,0
v6_20260801_183249_cvrp_v6_rep1,cvrp_aco,version6,40,9,0.08970746199749785,2.1920256809309464,2.191943903137211,0
v6_20260801_183249_cvrp_v6_rep1,cvrp_aco,version6,41,10,0.09171884980875174,2.2936287196346012,2.2935951141881237,1
v6_20260801_183249_cvrp_v6_rep1,cvrp_aco,version6,42,10,0.05347371654447489,2.2945993749976257,2.2945761050158646,0
v6_20260801_183249_cvrp_v6_rep1,cvrp_aco,version6,43,9,0.08915086982508715,2.1811753060477845,2.1807887021669683,1
v6_20260801_183249_cvrp_v6_rep1,cvrp_aco,version6,44,7,0.07972006506117453,1.9310447990590052,1.931174439216946,1
v6_20260801_183249_cvrp_v6_rep1,cvrp_aco,version6,45,9,0.08482837980080332,2.192791904689947,2.1928283523497445,0
v6_20260801_183249_cvrp_v6_rep1,cvrp_aco,version6,46,9,0.059429119532096446,2.1698687952788394,2.1699529745670207,0
v6_20260801_183249_cvrp_v6_rep1,cvrp_aco,version6,47,9,0.09985651081390107,2.1813566022297235,2.1804452041629148,0
v6_20260801_183249_cvrp_v6_rep1,cvrp_aco,version6,48,10,0.07018386257415371,2.288884408472116,2.2869094253586657,1
v6_20260801_183249_cvrp_v6_rep1,cvrp_aco,version6,49,7,0.061960709039630794,1.9336811306608235,1.9336824628354359,0
v6_20260801_183249_cvrp_v6_rep1,cvrp_aco,version6,50,10,0.08511836486907187,2.271320482468335,2.256629005083632,1
v6_20260801_183249_cvrp_v6_rep1,cvrp_aco,version6,51,9,0.10008016134491349,2.1877764252314753,2.1877676984592784,0
v6_20260801_183249_cvrp_v6_rep1,cvrp_aco,version6,52,9,0.16822923373316234,2.1860767381890045,2.177118382065112,0
v6_20260801_183249_cvrp_v6_rep1,cvrp_aco,version6,53,8,0.1371270747356188,2.057798402828622,2.0577287854110553,0
v6_20260801_183249_cvrp_v6_rep1,cvrp_aco,version6,54,9,0.08328838105124751,2.189170745770488,2.1891332774780525,0
v6_20260801_183249_cvrp_v6_rep1,cvrp_aco,version6,55,10,0.06929741592342295,2.2949272413296877,2.294927214315745,0
v6_20260801_183249_cvrp_v6_rep1,cvrp_aco,version6,56,9,0.09344807477113676,2.160615449506126,2.149788839033185,1
v6_20260801_183249_cvrp_v6_rep1,cvrp_aco,version6,57,8,0.07354224473851452,2.0757926984505652,2.0758826005789888,0
v6_20260801_183249_cvrp_v6_rep1,cvrp_aco,version6,58,10,0.1263112131029306,2.283570220663084,2.2817609764177837,0
v6_20260801_183249_cvrp_v6_rep1,cvrp_aco,version6,59,9,0.08894658181544397,2.183172838830785,2.181687018785554,0
v6_20260801_183249_cvrp_v6_rep1,cvrp_aco,version6,60,6,0.12729008261069977,1.76267627512998,1.7528538280082464,0
v6_20260801_183249_cvrp_v6_rep1,cvrp_aco,version6,61,6,0.05051785485981263,1.7889283494962487,1.788917413245467,0
v6_20260801_183249_cvrp_v6_rep1,cvrp_aco,version6,62,9,0.10295393619590483,2.1767006707259577,2.176024844192302,0
v6_20260801_183249_cvrp_v6_rep1,cvrp_aco,version6,63,7,0.13310327864158694,1.9326224645366223,1.9139986104283564,0
v6_20260801_183249_cvrp_v6_rep1,cvrp_aco,version6,64,9,0.04846641738697325,2.1895298226529616,2.1896969136445423,0
v6_20260801_183249_cvrp_v6_rep1,cvrp_aco,version6,65,7,0.10583491327193817,1.9150933372913275,1.9019973954669296,0
v6_20260801_183249_cvrp_v6_rep1,cvrp_aco,version6,66,9,0.06365294153633727,2.194995419846322,2.1950001074172647,0
v6_20260801_183249_cvrp_v6_rep1,cvrp_aco,version6,67,9,0.08635228964048237,2.180234423114072,2.1800894340116104,0
v6_20260801_183249_cvrp_v6_rep1,cvrp_aco,version6,68,8,0.09436602821110013,2.0663932741368356,2.066152279857905,1
v6_20260801_183249_cvrp_v6_rep1,cvrp_aco,version6,69,9,0.06524624327731517,2.1865324779244637,2.1865526521220477,0
v6_20260801_183249_cvrp_v6_rep1,cvrp_aco,version6,70,10,0.08395490948238751,2.284042498371267,2.2839591140302495,0
v6_20260801_183249_cvrp_v6_rep1,cvrp_aco,version6,71,9,0.0701736166874596,2.1620599960394005,2.16206924928876,0
v6_20260801_183249_cvrp_v6_rep1,cvrp_aco,version6,72,10,0.11644954800956611,2.2802931328144345,2.2798652378637296,0
v6_20260801_183249_cvrp_v6_rep1,cvrp_aco,version6,73,8,0.12247976772155109,2.0568450335050974,2.052212712326589,0
v6_20260801_183249_cvrp_v6_rep1,cvrp_aco,version6,74,8,0.11851686405848948,2.0735493683894894,2.072605083916909,0
v6_20260801_183249_cvrp_v6_rep1,cvrp_aco,version6,75,9,0.11380540959945049,2.1896646612766957,2.1890246217257134,0
v6_20260801_183249_cvrp_v6_rep1,cvrp_aco,version6,76,8,0.13909013837739181,2.0624748225768355,2.059009391249064,0
v6_20260801_183249_cvrp_v6_rep1,cvrp_aco,version6,77,9,0.12238598214602942,2.166165539713761,2.1560613278756424,0
v6_20260801_183249_cvrp_v6_rep1,cvrp_aco,version6,78,8,0.11101839321139348,2.074222685505427,2.0738846042605292,0
v6_20260801_183249_cvrp_v6_rep1,cvrp_aco,version6,79,9,0.15901542142429312,2.1772219032013007,2.1744901262788687,0
v6_20260801_183249_cvrp_v6_rep1,cvrp_aco,version6,80,6,0.1363206552658586,1.7858566179689275,1.7856717351579063,0
v6_20260801_183249_cvrp_v6_rep1,cvrp_aco,version6,81,9,0.10183453237884117,2.1724466031111747,2.1716437046183206,0
v6_20260801_183249_cvrp_v6_rep1,cvrp_aco,version6,82,9,0.156474586933799,2.1661292728832207,2.1611768787517582,0
v6_20260801_183249_cvrp_v6_rep1,cvrp_aco,version6,83,8,0.10031078377224603,2.05827502871478,2.0577596214580476,0
v6_20260801_183249_cvrp_v6_rep1,cvrp_aco,version6,84,8,0.1117274897915317,2.0630601655956613,2.060130501604932,0
v6_20260801_183249_cvrp_v6_rep1,cvrp_aco,version6,85,10,0.15290493154573995,2.2898525464326918,2.2882504747672745,0
v6_20260801_183249_cvrp_v6_rep1,cvrp_aco,version6,86,7,0.13250657256955994,1.9404451814056798,1.9416123123511886,0
v6_20260801_183249_cvrp_v6_rep1,cvrp_aco,version6,87,10,0.12074366080017244,2.2773601771765333,2.260638144486586,0
v6_20260801_183249_cvrp_v6_rep1,cvrp_aco,version6,88,10,0.11425957040174547,2.298753720552078,2.298275155938212,0
v6_20260801_183249_cvrp_v6_rep1,cvrp_aco,version6,89,8,0.11274436920193358,2.0757080418941904,2.0751904579855713,0
v6_20260801_183249_cvrp_v6_rep1,cvrp_aco,version6,90,8,0.1273748571661735,2.0762131468387333,2.076279896740968,0
v6_20260801_183249_cvrp_v6_rep1,cvrp_aco,version6,91,10,0.16110203375788837,2.300851246166058,2.2998848623784434,0
v6_20260801_183249_cvrp_v6_rep1,cvrp_aco,version6,92,10,0.11712011419006489,2.2734628078348305,2.270783021265219,0
v6_20260801_183249_cvrp_v6_rep1,cvrp_aco,version6,93,10,0.09862612673349294,2.2978269569446104,2.297454397228272,0
v6_20260801_183249_cvrp_v6_rep1,cvrp_aco,version6,94,8,0.11490828057669229,2.0744495859942638,2.073839749518247,0
v6_20260801_183249_cvrp_v6_rep1,cvrp_aco,version6,95,8,0.1025099856635817,2.0560890218123045,2.052466078334132,0
v6_20260801_183249_cvrp_v6_rep1,cvrp_aco,version6,96,7,0.06856654479202867,1.9238074841793371,1.920698845339008,0
v6_20260801_183249_cvrp_v6_rep1,cvrp_aco,version6,97,10,0.1544161745770806,2.28584522109235,2.2792785984106905,0
v6_20260801_183249_cvrp_v6_rep1,cvrp_aco,version6,98,9,0.14101335779056284,2.187592268967808,2.185877328178253,0
v6_20260801_183249_cvrp_v6_rep1,cvrp_aco,version6,99,9,0.13205744426373744,2.1738197348940007,2.1691314373719583,0
v6_20260801_183249_cvrp_v6_rep1,cvrp_aco,version6,100,10,0.12524331364874366,2.2912663954456924,2.2902219180379513,0
v6_20260801_183249_cvrp_v6_rep2,cvrp_aco,version6,1,8,0.38241249484911966,2.07596299501195,2.07621327590471,1
v6_20260801_183249_cvrp_v6_rep2,cvrp_aco,version6,2,8,0.2531086861275693,2.0773901131582444,2.07780778000048,1
v6_20260801_183249_cvrp_v6_rep2,cvrp_aco,version6,3,9,0.3329813590709791,2.195400815295749,2.1954331669507847,0
v6_20260801_183249_cvrp_v6_rep2,cvrp_aco,version6,4,9,0.21435096713725546,2.1891927490700778,2.188200190662066,0
v6_20260801_183249_cvrp_v6_rep2,cvrp_aco,version6,5,9,0.15931568762841622,2.1954985369621713,2.1952099312333244,0
v6_20260801_183249_cvrp_v6_rep2,cvrp_aco,version6,6,10,0.13975589376354955,2.299404673484746,2.2987564751704657,0
v6_20260801_183249_cvrp_v6_rep2,cvrp_aco,version6,7,10,0.17497570659575273,2.301281673484457,2.299055574549647,0
v6_20260801_183249_cvrp_v6_rep2,cvrp_aco,version6,8,9,0.1332363048424818,2.1962114939560884,2.196357207035503,0
v6_20260801_183249_cvrp_v6_rep2,cvrp_aco,version6,9,10,0.09529507975210091,2.298300739521021,2.2975358286570935,1
v6_20260801_183249_cvrp_v6_rep2,cvrp_aco,version6,10,10,0.12190704288889816,2.2879929443114397,2.2864982956422155,0
v6_20260801_183249_cvrp_v6_rep2,cvrp_aco,version6,11,9,0.11068092010057229,2.188741540173012,2.1881742501398316,0
v6_20260801_183249_cvrp_v6_rep2,cvrp_aco,version6,12,9,0.11989945642697838,2.1885262630508553,2.1904098821222053,1
v6_20260801_183249_cvrp_v6_rep2,cvrp_aco,version6,13,10,0.1451621667783472,2.2995652212370983,2.299221879222174,0
v6_20260801_183249_cvrp_v6_rep2,cvrp_aco,version6,14,8,0.12677092356607086,2.0747510448759376,2.07533352386457,1
v6_20260801_183249_cvrp_v6_rep2,cvrp_aco,version6,15,10,0.1175751600151855,2.300459879474766,2.2974080432370183,0
v6_20260801_183249_cvrp_v6_rep2,cvrp_aco,version6,16,9,0.08792415609937547,2.191299302756371,2.189854837473723,1
v6_20260801_183249_cvrp_v6_rep2,cvrp_aco,version6,17,10,0.14229950048987733,2.299476580279897,2.298517241894667,1
v6_20260801_183249_cvrp_v6_rep2,cvrp_aco,version6,18,9,0.09100177803491759,2.1910983442231027,2.1911032900308216,0
v6_20260801_183249_cvrp_v6_rep2,cvrp_aco,version6,19,8,0.09715066070133488,2.074757487276784,2.071544985939946,1
v6_20260801_183249_cvrp_v6_rep2,cvrp_aco,version6,20,10,0.07340001546640043,2.295580200694076,2.288670791334615,0
v6_20260801_183249_cvrp_v6_rep2,cvrp_aco,version6,21,10,0.12260390065821918,2.289916387892464,2.289422793781545,1
v6_20260801_183249_cvrp_v6_rep2,cvrp_aco,version6,22,9,0.10369736863946766,2.194007889852741,2.1939970486181903,0
v6_20260801_183249_cvrp_v6_rep2,cvrp_aco,version6,23,9,0.09800312401723789,2.1907765056305095,2.190724534461336,1
v6_20260801_183249_cvrp_v6_rep2,cvrp_aco,version6,24,9,0.0764977275739735,2.191716585628136,2.1916860638903874,1
v6_20260801_183249_cvrp_v6_rep2,cvrp_aco,version6,25,10,0.10997492680610983,2.293918753777917,2.2937477791153875,0
v6_20260801_183249_cvrp_v6_rep2,cvrp_aco,version6,26,9,0.0905135211505126,2.17502242030162,2.1680081202561796,0
v6_20260801_183249_cvrp_v6_rep2,cvrp_aco,version6,27,7,0.11377662469295298,1.9318197292150245,1.9317943007000289,0
v6_20260801_183249_cvrp_v6_rep2,cvrp_aco,version6,28,10,0.11305001712925669,2.2761651992962033,2.2758885872583274,0
v6_20260801_183249_cvrp_v6_rep2,cvrp_aco,version6,29,10,0.08085891560448195,2.2820468779518825,2.281322623737077,1
v6_20260801_183249_cvrp_v6_rep2,cvrp_aco,version6,30,10,0.11175904404196235,2.2979989069984033,2.2978191196083686,0
v6_20260801_183249_cvrp_v6_rep2,cvrp_aco,version6,31,10,0.12081934646829398,2.2967178386160936,2.2963863671978926,0
v6_20260801_183249_cvrp_v6_rep2,cvrp_aco,version6,32,9,0.07931826324630004,2.1928380441521376,2.1928529119602658,0
v6_20260801_183249_cvrp_v6_rep2,cvrp_aco,version6,33,10,0.1033647589762448,2.28496756987645,2.284506543290793,1
v6_20260801_183249_cvrp_v6_rep2,cvrp_aco,version6,34,10,0.12710026560169146,2.2958182348368927,2.295734356887746,0
v6_20260801_183249_cvrp_v6_rep2,cvrp_aco,version6,35,10,0.05365034531645162,2.294523667200612,2.2944785637372713,0
v6_20260801_183249_cvrp_v6_rep2,cvrp_aco,version6,36,10,0.07202951500312176,2.2964254682406917,2.296699401747676,1
v6_20260801_183249_cvrp_v6_rep2,cvrp_aco,version6,37,9,0.06867450613703904,2.1871792687860903,2.187140697700193,0
v6_20260801_183249_cvrp_v6_rep2,cvrp_aco,version6,38,9,0.07914366885584172,2.183823528441581,2.1838132057104875,1
v6_20260801_183249_cvrp_v6_rep2,cvrp_aco,version6,39,10,0.09744339495400486,2.2866282941771767,2.2865907815151454,0
v6_20260801_183249_cvrp_v6_rep2,cvrp_aco,version6,40,10,0.09878939111001181,2.288406288033874,2.2880972549871244,0
v6_20260801_183249_cvrp_v6_rep2,cvrp_aco,version6,41,9,0.07817510401835985,2.181892609795299,2.1821161975629866,0
v6_20260801_183249_cvrp_v6_rep2,cvrp_aco,version6,42,9,0.07129407561473623,2.191534764090618,2.191531560268224,0
v6_20260801_183249_cvrp_v6_rep2,cvrp_aco,version6,43,10,0.07401924744318247,2.297269722847741,2.297239378632038,1
v6_20260801_183249_cvrp_v6_rep2,cvrp_aco,version6,44,10,0.10016160838462491,2.2939516974327763,2.2934363448326254,0
v6_20260801_183249_cvrp_v6_rep2,cvrp_aco,version6,45,10,0.04008671304876092,2.2999391916850387,2.2999740638876762,0
v6_20260801_183249_cvrp_v6_rep2,cvrp_aco,version6,46,9,0.09426232333727541,2.195199785994534,2.195031633309731,0
v6_20260801_183249_cvrp_v6_rep2,cvrp_aco,version6,47,10,0.1151819619737587,2.285332394873023,2.2843520745437154,0
v6_20260801_183249_cvrp_v6_rep2,cvrp_aco,version6,48,10,0.07466081027188015,2.295385920261202,2.295230093718673,0
v6_20260801_183249_cvrp_v6_rep2,cvrp_aco,version6,49,10,0.0792205016828856,2.297491649375788,2.297174963344153,0
v6_20260801_183249_cvrp_v6_rep2,cvrp_aco,version6,50,9,0.07602389558123017,2.190687420314255,2.1906823265369075,1
v6_20260801_183249_cvrp_v6_rep2,cvrp_aco,version6,51,10,0.09106291508973785,2.2995760468048596,2.2995786537163743,0
v6_20260801_183249_cvrp_v6_rep2,cvrp_aco,version6,52,9,0.09040035595182988,2.1933315403694844,2.1933493570703138,1
v6_20260801_183249_cvrp_v6_rep2,cvrp_aco,version6,53,9,0.1071562584140372,2.1794796547882345,2.176453024587936,0
v6_20260801_183249_cvrp_v6_rep2,cvrp_aco,version6,54,7,0.10180511476548851,1.9370692855920053,1.9370810871940471,0
v6_20260801_183249_cvrp_v6_rep2,cvrp_aco,version6,55,10,0.07799778242029318,2.294134358133856,2.292044173304873,0
v6_20260801_183249_cvrp_v6_rep2,cvrp_aco,version6,56,10,0.08631633307677254,2.2921054532104486,2.2907966212688593,0
v6_20260801_183249_cvrp_v6_rep2,cvrp_aco,version6,57,9,0.08343872313518849,2.1859313112774696,2.1824173972195697,0
v6_20260801_183249_cvrp_v6_rep2,cvrp_aco,version6,58,10,0.07144109307522521,2.294759146636117,2.294722147375924,0
v6_20260801_183249_cvrp_v6_rep2,cvrp_aco,version6,59,10,0.14256115764744617,2.289665833539534,2.289020535718544,0
v6_20260801_183249_cvrp_v6_rep2,cvrp_aco,version6,60,10,0.14497481142990926,2.294235356117867,2.291917264766006,0
v6_20260801_183249_cvrp_v6_rep2,cvrp_aco,version6,61,9,0.12079528143688519,2.194335722731521,2.194341002991818,0
v6_20260801_183249_cvrp_v6_rep2,cvrp_aco,version6,62,10,0.07484013935916159,2.2910457259146866,2.2908733677372424,0
v6_20260801_183249_cvrp_v6_rep2,cvrp_aco,version6,63,8,0.10694872822773055,2.074367101159477,2.0743440588512625,0
v6_20260801_183249_cvrp_v6_rep2,cvrp_aco,version6,64,9,0.0803914590150869,2.1926270489135296,2.1922784388053245,0
v6_20260801_183249_cvrp_v6_rep2,cvrp_aco,version6,65,8,0.07988246422733916,2.065310110741301,2.0652569025776413,0
v6_20260801_183249_cvrp_v6_rep2,cvrp_aco,version6,66,10,0.06472789797485395,2.2903735008886796,2.290171421022019,0
v6_20260801_183249_cvrp_v6_rep2,cvrp_aco,version6,67,10,0.1134775636079491,2.296681068391406,2.2939630636947803,0
v6_20260801_183249_cvrp_v6_rep2,cvrp_aco,version6,68,10,0.07762501186305248,2.299209183065223,2.299187374090571,0
v6_20260801_183249_cvrp_v6_rep2,cvrp_aco,version6,69,10,0.0856718261226287,2.299414841718803,2.2994271113997375,0
v6_20260801_183249_cvrp_v6_rep2,cvrp_aco,version6,70,9,0.1983309135799917,2.1879551309305123,2.1866288522656765,0
v6_20260801_183249_cvrp_v6_rep2,cvrp_aco,version6,71,9,0.0910489756758915,2.191229043768589,2.191208630431008,0
v6_20260801_183249_cvrp_v6_rep2,cvrp_aco,version6,72,9,0.11232536459428581,2.1710494571707377,2.1617452096044065,0
v6_20260801_183249_cvrp_v6_rep2,cvrp_aco,version6,73,8,0.12474324256018868,2.067911441227147,2.06309215490586,0
v6_20260801_183249_cvrp_v6_rep2,cvrp_aco,version6,74,9,0.12346290217426,2.19211692886768,2.1920282537036866,0
v6_20260801_183249_cvrp_v6_rep2,cvrp_aco,version6,75,10,0.18151014599341947,2.2949595069037807,2.294025812916791,0
v6_20260801_183249_cvrp_v6_rep2,cvrp_aco,version6,76,9,0.20183932634393492,2.195327830713876,2.1932893830298683,0
v6_20260801_183249_cvrp_v6_rep2,cvrp_aco,version6,77,10,0.10784869474297101,2.2900896620391125,2.285600241944458,0
v6_20260801_183249_cvrp_v6_rep2,cvrp_aco,version6,78,10,0.08975665255475476,2.2919947143139363,2.2919513938180023,0
v6_20260801_183249_cvrp_v6_rep2,cvrp_aco,version6,79,10,0.13116320567230239,2.2863723414587227,2.2858185611237483,0
v6_20260801_183249_cvrp_v6_rep2,cvrp_aco,version6,80,9,0.1179327645866019,2.1855586729907976,2.183384141746554,0
v6_20260801_183249_cvrp_v6_rep2,cvrp_aco,version6,81,10,0.09426818888363075,2.293528184817255,2.2934889932648095,0
v6_20260801_183249_cvrp_v6_rep2,cvrp_aco,version6,82,9,0.11657525605650454,2.1908769862235187,2.1909954845069777,0
v6_20260801_183249_cvrp_v6_rep2,cvrp_aco,version6,83,7,0.12703703609689987,1.939453157129008,1.9393186885489053,0
v6_20260801_183249_cvrp_v6_rep2,cvrp_aco,version6,84,8,0.0851195427047854,2.058241088173281,2.0553143998417194,0
v6_20260801_183249_cvrp_v6_rep2,cvrp_aco,version6,85,9,0.11595435189756594,2.188238114291385,2.1882132532167793,0
v6_20260801_183249_cvrp_v6_rep2,cvrp_aco,version6,86,9,0.11129255625580169,2.1867169969998415,2.1828651563413497,0
v6_20260801_183249_cvrp_v6_rep2,cvrp_aco,version6,87,7,0.17698347770547612,1.9454078730793962,1.9455159617958846,0
v6_20260801_183249_cvrp_v6_rep2,cvrp_aco,version6,88,6,0.14354691030211184,1.7859448945544,1.7856674874027194,0
v6_20260801_183249_cvrp_v6_rep2,cvrp_aco,version6,89,8,0.0946596411965433,2.0595934624855383,2.0596925424049592,0
v6_20260801_183249_cvrp_v6_rep2,cvrp_aco,version6,90,8,0.08952583061037524,2.071888089509888,2.0719582444517197,0
v6_20260801_183249_cvrp_v6_rep2,cvrp_aco,version6,91,9,0.140437107904516,2.1923198103689114,2.192326034557999,0
v6_20260801_183249_cvrp_v6_rep2,cvrp_aco,version6,92,10,0.09049776164950074,2.2873987120172705,2.285488887745747,0
v6_20260801_183249_cvrp_v6_rep2,cvrp_aco,version6,93,10,0.09751339889888506,2.2970268596840686,2.2969532536427315,0
v6_20260801_183249_cvrp_v6_rep2,cvrp_aco,version6,94,10,0.1039253829133792,2.287490277513105,2.2864832410317444,0
v6_20260801_183249_cvrp_v6_rep2,cvrp_aco,version6,95,7,0.07497604056601362,1.9430985713316038,1.94306057090103,0
v6_20260801_183249_cvrp_v6_rep2,cvrp_aco,version6,96,10,0.10530258367984964,2.283521109784539,2.2806033074587813,0
v6_20260801_183249_cvrp_v6_rep2,cvrp_aco,version6,97,9,0.13902740058305885,2.19277463339015,2.1925652946843295,0
v6_20260801_183249_cvrp_v6_rep2,cvrp_aco,version6,98,9,0.1537082754463923,2.186190328779246,2.1838820313116103,0
v6_20260801_183249_cvrp_v6_rep2,cvrp_aco,version6,99,9,0.09836871108731812,2.1890943680337616,2.1889563753106196,0
v6_20260801_183249_cvrp_v6_rep2,cvrp_aco,version6,100,10,0.12199579626047256,2.2810454354670275,2.280570084226615,0
v6_20260801_183249_cvrp_v6_rep3,cvrp_aco,version6,1,10,0.39583588386230695,2.299131210170669,2.2991435098956363,1
v6_20260801_183249_cvrp_v6_rep3,cvrp_aco,version6,2,9,0.23458241506245145,2.192877407319685,2.1923526757426424,1
v6_20260801_183249_cvrp_v6_rep3,cvrp_aco,version6,3,10,0.2606098491951044,2.3014111940273003,2.3014522105158703,1
v6_20260801_183249_cvrp_v6_rep3,cvrp_aco,version6,4,10,0.14048801976922223,2.2980123838551907,2.297888057638644,1
v6_20260801_183249_cvrp_v6_rep3,cvrp_aco,version6,5,9,0.17311813191842693,2.1876205780801454,2.18715391784977,1
v6_20260801_183249_cvrp_v6_rep3,cvrp_aco,version6,6,10,0.17399377506381172,2.2916754095848426,2.291962530296745,1
v6_20260801_183249_cvrp_v6_rep3,cvrp_aco,version6,7,10,0.12788732802475372,2.2933028112289384,2.2931783885692623,0
v6_20260801_183249_cvrp_v6_rep3,cvrp_aco,version6,8,10,0.12561269368021158,2.2990797415735025,2.298638423978458,1
v6_20260801_183249_cvrp_v6_rep3,cvrp_aco,version6,9,10,0.13590701652160914,2.2975777079709303,2.2974986654574683,1
v6_20260801_183249_cvrp_v6_rep3,cvrp_aco,version6,10,10,0.15426701152675587,2.2945628891280356,2.2942927305897163,1
v6_20260801_183249_cvrp_v6_rep3,cvrp_aco,version6,11,10,0.15422312868618385,2.2962768938698215,2.2929237404869673,0
v6_20260801_183249_cvrp_v6_rep3,cvrp_aco,version6,12,10,0.1483711147922293,2.3005990505093794,2.300687105064567,1
v6_20260801_183249_cvrp_v6_rep3,cvrp_aco,version6,13,10,0.13797043501007628,2.2875814459389052,2.2873628767423178,1
v6_20260801_183249_cvrp_v6_rep3,cvrp_aco,version6,14,10,0.0951852374059603,2.3008029092377407,2.300688159791007,0
v6_20260801_183249_cvrp_v6_rep3,cvrp_aco,version6,15,8,0.08649767639230584,2.066112569441885,2.0657627885695122,1
v6_20260801_183249_cvrp_v6_rep3,cvrp_aco,version6,16,9,0.09684758648262656,2.1856452795279497,2.1855053527474846,0
v6_20260801_183249_cvrp_v6_rep3,cvrp_aco,version6,17,10,0.07534293156607944,2.2902129574833894,2.289803711205974,0
v6_20260801_183249_cvrp_v6_rep3,cvrp_aco,version6,18,9,0.08014898843809755,2.190828831075937,2.1907847345472335,0
v6_20260801_183249_cvrp_v6_rep3,cvrp_aco,version6,19,8,0.12437963869673699,2.0702326901335217,2.070164008362281,0
v6_20260801_183249_cvrp_v6_rep3,cvrp_aco,version6,20,10,0.05550630672753032,2.288033154675282,2.2880892499174323,0
v6_20260801_183249_cvrp_v6_rep3,cvrp_aco,version6,21,10,0.11759631695359515,2.2864778750188117,2.2861974418860975,1
v6_20260801_183249_cvrp_v6_rep3,cvrp_aco,version6,22,7,0.0858227053323737,1.9365379482200331,1.936532959774118,0
v6_20260801_183249_cvrp_v6_rep3,cvrp_aco,version6,23,9,0.08781174086297214,2.189158372646204,2.189728142736429,1
v6_20260801_183249_cvrp_v6_rep3,cvrp_aco,version6,24,10,0.12786443721598276,2.296344095695563,2.296080797618403,0
v6_20260801_183249_cvrp_v6_rep3,cvrp_aco,version6,25,9,0.07136529802315335,2.17427761011235,2.1735779381419116,1
v6_20260801_183249_cvrp_v6_rep3,cvrp_aco,version6,26,10,0.08702912648324644,2.2561726996918274,2.2549018629787767,0
v6_20260801_183249_cvrp_v6_rep3,cvrp_aco,version6,27,10,0.06653635619656352,2.286844856111724,2.28674372036474,1
v6_20260801_183249_cvrp_v6_rep3,cvrp_aco,version6,28,10,0.05944511300256612,2.2902023964745775,2.289571062996683,1
v6_20260801_183249_cvrp_v6_rep3,cvrp_aco,version6,29,10,0.12874537745037684,2.2912693107989557,2.2909038856755344,0
v6_20260801_183249_cvrp_v6_rep3,cvrp_aco,version6,30,9,0.11665907735802294,2.1872808090485805,2.1864486272519885,0
v6_20260801_183249_cvrp_v6_rep3,cvrp_aco,version6,31,9,0.1067855077103587,2.1745958319680887,2.173877423761022,0
v6_20260801_183249_cvrp_v6_rep3,cvrp_aco,version6,32,9,0.11934975683914338,2.191616694171956,2.1915128886204696,0
v6_20260801_183249_cvrp_v6_rep3,cvrp_aco,version6,33,9,0.1018594919274492,2.184574287763758,2.1843360323375087,0
v6_20260801_183249_cvrp_v6_rep3,cvrp_aco,version6,34,10,0.08506443006856079,2.2942002227170226,2.2940092348483914,0
v6_20260801_183249_cvrp_v6_rep3,cvrp_aco,version6,35,9,0.1387313847698784,2.189259788495618,2.189102559788479,0
v6_20260801_183249_cvrp_v6_rep3,cvrp_aco,version6,36,10,0.11389876217939573,2.282032281247775,2.281560048365482,0
v6_20260801_183249_cvrp_v6_rep3,cvrp_aco,version6,37,8,0.11715535137445855,2.0591049430963997,2.058827367443863,0
v6_20260801_183249_cvrp_v6_rep3,cvrp_aco,version6,38,9,0.10390053580034858,2.176957138812577,2.1762610019091735,0
v6_20260801_183249_cvrp_v6_rep3,cvrp_aco,version6,39,9,0.10681037186312553,2.1805578750778776,2.180228216468007,0
v6_20260801_183249_cvrp_v6_rep3,cvrp_aco,version6,40,9,0.07545245365204041,2.1882639577416154,2.188119079606942,0
v6_20260801_183249_cvrp_v6_rep3,cvrp_aco,version6,41,10,0.07002623746161935,2.2866253880241008,2.2864320528178985,0
v6_20260801_183249_cvrp_v6_rep3,cvrp_aco,version6,42,9,0.08165126486684267,2.181021230625792,2.1760376266311043,0
v6_20260801_183249_cvrp_v6_rep3,cvrp_aco,version6,43,10,0.09402478950730812,2.296612790536846,2.29623160319387,0
v6_20260801_183249_cvrp_v6_rep3,cvrp_aco,version6,44,10,0.07923147003181924,2.2904295932234837,2.290351516972338,0
v6_20260801_183249_cvrp_v6_rep3,cvrp_aco,version6,45,10,0.0820422914107734,2.282732296209177,2.282161854447513,1
v6_20260801_183249_cvrp_v6_rep3,cvrp_aco,version6,46,10,0.05164285220242354,2.2665254723750987,2.266506212628053,0
v6_20260801_183249_cvrp_v6_rep3,cvrp_aco,version6,47,8,0.06863761435997813,2.065856640230574,2.065743937566727,0
v6_20260801_183249_cvrp_v6_rep3,cvrp_aco,version6,48,10,0.08980930540657435,2.2796813060459797,2.2793965206366225,0
v6_20260801_183249_cvrp_v6_rep3,cvrp_aco,version6,49,10,0.1484276921585226,2.290841582670398,2.2883641583335246,0
v6_20260801_183249_cvrp_v6_rep3,cvrp_aco,version6,50,10,0.08325174494360753,2.2928792786335928,2.292859578492161,0
v6_20260801_183249_cvrp_v6_rep3,cvrp_aco,version6,51,10,0.1534787235908742,2.292693683274438,2.29257981340068,0
v6_20260801_183249_cvrp_v6_rep3,cvrp_aco,version6,52,10,0.129296049658971,2.2935576542440383,2.2933782328461483,0
v6_20260801_183249_cvrp_v6_rep3,cvrp_aco,version6,53,9,0.1234706071453811,2.1903951766165966,2.18994140523056,1
v6_20260801_183249_cvrp_v6_rep3,cvrp_aco,version6,54,9,0.06667149543934005,2.187554004864887,2.1875567180091644,0
v6_20260801_183249_cvrp_v6_rep3,cvrp_aco,version6,55,10,0.07582106467283424,2.2952253620452083,2.2953962149922797,0
v6_20260801_183249_cvrp_v6_rep3,cvrp_aco,version6,56,10,0.11701847537439489,2.2997453625549156,2.2996667347853084,0
v6_20260801_183249_cvrp_v6_rep3,cvrp_aco,version6,57,10,0.15879413483223465,2.296133888942373,2.295988470257389,0
v6_20260801_183249_cvrp_v6_rep3,cvrp_aco,version6,58,10,0.10860734173246836,2.299559407187312,2.299410352408818,0
v6_20260801_183249_cvrp_v6_rep3,cvrp_aco,version6,59,9,0.15997942304994486,2.1960070917703423,2.1960085118024173,0
v6_20260801_183249_cvrp_v6_rep3,cvrp_aco,version6,60,7,0.10466129655772734,1.9380282996291722,1.9379614451556035,0
v6_20260801_183249_cvrp_v6_rep3,cvrp_aco,version6,61,10,0.12171379176341084,2.29818056557006,2.298141251282484,0
v6_20260801_183249_cvrp_v6_rep3,cvrp_aco,version6,62,10,0.11008347857537278,2.296168413009994,2.296086391055252,0
v6_20260801_183249_cvrp_v6_rep3,cvrp_aco,version6,63,10,0.09768356693903424,2.295888083421544,2.295813620254018,0
v6_20260801_183249_cvrp_v6_rep3,cvrp_aco,version6,64,10,0.09269485035480611,2.2946707812992493,2.2936405700432534,0
v6_20260801_183249_cvrp_v6_rep3,cvrp_aco,version6,65,10,0.08826644195288139,2.299513805183865,2.2993483102842505,0
v6_20260801_183249_cvrp_v6_rep3,cvrp_aco,version6,66,10,0.09206016470125827,2.2990389590637985,2.2989101860092775,0
v6_20260801_183249_cvrp_v6_rep3,cvrp_aco,version6,67,9,0.09782639850056479,2.190872759955342,2.1901057072724015,0
v6_20260801_183249_cvrp_v6_rep3,cvrp_aco,version6,68,10,0.039042266080722886,2.2959374489846938,2.295685047389326,0
v6_20260801_183249_cvrp_v6_rep3,cvrp_aco,version6,69,10,0.06759568649240026,2.297047775441144,2.2967657530796,0
v6_20260801_183249_cvrp_v6_rep3,cvrp_aco,version6,70,9,0.08424401160489817,2.171971697210421,2.1717416322435574,0
v6_20260801_183249_cvrp_v6_rep3,cvrp_aco,version6,71,9,0.05892167784616521,2.183389323623755,2.182896936097027,0
v6_20260801_183249_cvrp_v6_rep3,cvrp_aco,version6,72,9,0.12371822763723556,2.192149622878438,2.1920610293673035,0
v6_20260801_183249_cvrp_v6_rep3,cvrp_aco,version6,73,10,0.09817717757078509,2.2981012933032923,2.2979591674355357,0
v6_20260801_183249_cvrp_v6_rep3,cvrp_aco,version6,74,10,0.10835869513418313,2.298650440572948,2.2981694669104025,0
v6_20260801_183249_cvrp_v6_rep3,cvrp_aco,version6,75,10,0.08634912373310705,2.2979192143561873,2.297835475359355,0
v6_20260801_183249_cvrp_v6_rep3,cvrp_aco,version6,76,10,0.08054871616587608,2.2978237205849608,2.2976928521498734,0
v6_20260801_183249_cvrp_v6_rep3,cvrp_aco,version6,77,9,0.09264931788094784,2.192140657929267,2.191677052117478,0
v6_20260801_183249_cvrp_v6_rep3,cvrp_aco,version6,78,10,0.08803230704508076,2.298176906823392,2.2978120714951835,0
v6_20260801_183249_cvrp_v6_rep3,cvrp_aco,version6,79,10,0.09779167626669338,2.2984597471420827,2.298151958510203,0
v6_20260801_183249_cvrp_v6_rep3,cvrp_aco,version6,80,10,0.10970084952273351,2.294708357473017,2.294623761996352,0
v6_20260801_183249_cvrp_v6_rep3,cvrp_aco,version6,81,7,0.13353733780964722,1.9376254156327795,1.9370449331802884,0
v6_20260801_183249_cvrp_v6_rep3,cvrp_aco,version6,82,10,0.12054818989717093,2.299087712848544,2.29899397032581,0
v6_20260801_183249_cvrp_v6_rep3,cvrp_aco,version6,83,10,0.10810647424964663,2.2882320161031164,2.2878938778057467,0
v6_20260801_183249_cvrp_v6_rep3,cvrp_aco,version6,84,9,0.09767586901681895,2.193709517174771,2.1936604520466187,0
v6_20260801_183249_cvrp_v6_rep3,cvrp_aco,version6,85,9,0.12742099899220236,2.194116968011543,2.1936849118925634,0
v6_20260801_183249_cvrp_v6_rep3,cvrp_aco,version6,86,10,0.08326658209955583,2.296430568601627,2.296227331006343,0
v6_20260801_183249_cvrp_v6_rep3,cvrp_aco,version6,87,9,0.12255629522190456,2.191879699079097,2.1913333983250003,0
v6_20260801_183249_cvrp_v6_rep3,cvrp_aco,version6,88,10,0.15325515252010377,2.287343605603408,2.2873118842745375,0
v6_20260801_183249_cvrp_v6_rep3,cvrp_aco,version6,89,10,0.13308912564785516,2.294810362936016,2.2945250175596845,0
v6_20260801_183249_cvrp_v6_rep3,cvrp_aco,version6,90,10,0.1100523065357674,2.2991918391010375,2.2984634682964438,1
v6_20260801_183249_cvrp_v6_rep3,cvrp_aco,version6,91,9,0.10072587814809342,2.1783445433806046,2.1734424891540463,0
v6_20260801_183249_cvrp_v6_rep3,cvrp_aco,version6,92,10,0.09604506702742073,2.2791210647989577,2.2788322048616747,0
v6_20260801_183249_cvrp_v6_rep3,cvrp_aco,version6,93,7,0.15740174379769398,1.9363530954121362,1.9351033850017934,0
v6_20260801_183249_cvrp_v6_rep3,cvrp_aco,version6,94,9,0.18454104254870776,2.1921045885698605,2.191730272071689,0
v6_20260801_183249_cvrp_v6_rep3,cvrp_aco,version6,95,10,0.07248562036603638,2.271262670089299,2.271145005200638,0
v6_20260801_183249_cvrp_v6_rep3,cvrp_aco,version6,96,9,0.08217128657990792,2.17555634520831,2.1718018657252163,0
v6_20260801_183249_cvrp_v6_rep3,cvrp_aco,version6,97,8,0.1556049547081665,2.067887155828272,2.0672756615187233,1
v6_20260801_183249_cvrp_v6_rep3,cvrp_aco,version6,98,10,0.14414622014358086,2.2901705827226233,2.2872407931449237,0
v6_20260801_183249_cvrp_v6_rep3,cvrp_aco,version6,99,10,0.13460621126523703,2.2923649863821343,2.291618139732922,0
v6_20260801_183249_cvrp_v6_rep3,cvrp_aco,version6,100,10,0.16858284344731847,2.301011969018986,2.300936538915623,0
20260729_230434_obp_v4_rep1,online_bin_packing,version4,1,10,0.33046684107821267,2.294913383341441,2.2945888164772903,0
20260729_230434_obp_v4_rep1,online_bin_packing,version4,2,10,0.22223670711861826,2.29426661467392,2.2902952915366157,0
20260729_230434_obp_v4_rep1,online_bin_packing,version4,3,9,0.2500625200013885,2.194447547638553,2.194833595258924,0
20260729_230434_obp_v4_rep1,online_bin_packing,version4,4,10,0.1213949447073277,2.2874249410890743,2.2909446996339202,0
20260729_230434_obp_v4_rep1,online_bin_packing,version4,5,10,0.14862906954723965,2.2938302747898702,2.293822938904473,0
20260729_230434_obp_v4_rep1,online_bin_packing,version4,6,10,0.07652704216134128,2.292361578979182,2.2921926981093974,0
20260729_230434_obp_v4_rep1,online_bin_packing,version4,7,10,0.13922590266921248,2.29686058524594,2.2968519296252734,0
20260729_230434_obp_v4_rep1,online_bin_packing,version4,8,10,0.0870419991794678,2.2964325185066694,2.295097458683654,0
20260729_230434_obp_v4_rep1,online_bin_packing,version4,9,10,0.10096718187924311,2.294977189389159,2.2917706392859047,0
20260729_230434_obp_v4_rep1,online_bin_packing,version4,10,10,0.11787015394435359,2.2919265903955424,2.292765438567916,0
20260729_230434_obp_v4_rep1,online_bin_packing,version4,11,10,0.10562589597861352,2.2971600995545067,2.297156154857831,1
20260729_230434_obp_v4_rep1,online_bin_packing,version4,12,10,0.11655586477218416,2.30049547727325,2.300491016340884,1
20260729_230434_obp_v4_rep1,online_bin_packing,version4,13,10,0.12505624674574467,2.288465122601293,2.283473067535556,1
20260729_230434_obp_v4_rep1,online_bin_packing,version4,14,10,0.1556352340090439,2.298816876586085,2.2989614427884195,0
20260729_230434_obp_v4_rep1,online_bin_packing,version4,15,10,0.1031605754319275,2.2733272724626645,2.2731814592160218,0
20260729_230434_obp_v4_rep1,online_bin_packing,version4,16,10,0.08839395611712324,2.29764084586522,2.29762319755021,0
20260729_230434_obp_v4_rep1,online_bin_packing,version4,17,9,0.1210848550742234,2.1835162993136277,2.1835262630183525,0
20260729_230434_obp_v4_rep1,online_bin_packing,version4,18,10,0.11289464099556894,2.2927202926209898,2.294378174208484,0
20260729_230434_obp_v4_rep1,online_bin_packing,version4,19,9,0.12364995570285142,2.1935027327162033,2.193832922389154,0
20260729_230434_obp_v4_rep1,online_bin_packing,version4,20,10,0.09807816582423848,2.2816715696513947,2.2748542448065585,0
20260729_230434_obp_v4_rep1,online_bin_packing,version4,21,10,0.08681272155306374,2.2939142862529027,2.293797919248499,0
20260729_230434_obp_v4_rep1,online_bin_packing,version4,22,10,0.11710892515685523,2.298796270100708,2.2979397179094354,1
20260729_230434_obp_v4_rep1,online_bin_packing,version4,23,10,0.10088889702998896,2.287545582924221,2.2875619017037407,0
20260729_230434_obp_v4_rep1,online_bin_packing,version4,24,10,0.07859253990335423,2.2969326195272353,2.2960515604926193,0
20260729_230434_obp_v4_rep1,online_bin_packing,version4,25,9,0.1008413543450898,2.180792902559559,2.180719396623897,0
20260729_230434_obp_v4_rep1,online_bin_packing,version4,26,10,0.10489338087295907,2.2827027100073365,2.282634974114786,1
20260729_230434_obp_v4_rep1,online_bin_packing,version4,27,10,0.053091431660781896,2.2827694838387003,2.283220894060705,0
20260729_230434_obp_v4_rep1,online_bin_packing,version4,28,9,0.04546313128192039,2.1757508754228354,2.1755583685838555,0
20260729_230434_obp_v4_rep1,online_bin_packing,version4,29,10,0.04037896179146769,2.2648047852142157,2.2647721296188617,0
20260729_230434_obp_v4_rep1,online_bin_packing,version4,30,9,0.11401111157409652,2.1880539443519407,2.1843806758965036,0
20260729_230434_obp_v4_rep1,online_bin_packing,version4,31,10,0.08402138698430653,2.2870455761921367,2.287736995740481,0
20260729_230434_obp_v4_rep1,online_bin_packing,version4,32,10,0.05301469020616485,2.2740433472780635,2.274263091538707,0
20260729_230434_obp_v4_rep1,online_bin_packing,version4,33,10,0.10203864103822076,2.2777499510117454,2.2781971229336606,0
20260729_230434_obp_v4_rep1,online_bin_packing,version4,34,9,0.1422381369739102,2.192369813736164,2.1911693490808353,0
20260729_230434_obp_v4_rep1,online_bin_packing,version4,35,10,0.11750039540795461,2.2891263458475177,2.2895580715788113,0
20260729_230434_obp_v4_rep1,online_bin_packing,version4,36,9,0.09277872895878497,2.180783303348624,2.1807142754934774,0
20260729_230434_obp_v4_rep1,online_bin_packing,version4,37,10,0.10176561315248309,2.2750509606941427,2.277908930910934,0
20260729_230434_obp_v4_rep1,online_bin_packing,version4,38,10,0.06749912755617646,2.2760419025044984,2.2767310535935112,0
20260729_230434_obp_v4_rep1,online_bin_packing,version4,39,10,0.08749038898621034,2.273751812639663,2.272816529399945,0
20260729_230434_obp_v4_rep1,online_bin_packing,version4,40,10,0.08376466558828263,2.2904142035839996,2.290446999825341,0
20260729_230434_obp_v4_rep1,online_bin_packing,version4,41,9,0.09608599613958062,2.1565547718293976,2.1566369709613316,0
20260729_230434_obp_v4_rep1,online_bin_packing,version4,42,10,0.07130460928953093,2.279647855938106,2.2814927370428872,0
20260729_230434_obp_v4_rep1,online_bin_packing,version4,43,10,0.0564747968012859,2.2781006689439818,2.2778178326386556,0
20260729_230434_obp_v4_rep1,online_bin_packing,version4,44,10,0.13133263623710567,2.2918467328103955,2.285839394102399,0
20260729_230434_obp_v4_rep1,online_bin_packing,version4,45,10,0.1433485519684343,2.3003275759437636,2.2999493321698745,0
20260729_230434_obp_v4_rep1,online_bin_packing,version4,46,10,0.028491337606573724,2.2955289490403197,2.2953465244377766,0
20260729_230434_obp_v4_rep1,online_bin_packing,version4,47,8,0.1546636671314468,2.077203406401757,2.0776335308460556,0
20260729_230434_obp_v4_rep1,online_bin_packing,version4,48,10,0.046220620167255665,2.2868688699391795,2.2868129355924554,0
20260729_230434_obp_v4_rep1,online_bin_packing,version4,49,10,0.08568351790005606,2.2903751833275288,2.2887385030784886,0
20260729_230434_obp_v4_rep1,online_bin_packing,version4,50,10,0.11308928635004281,2.261550959195502,2.261334674946805,0
20260729_230434_obp_v4_rep1,online_bin_packing,version4,51,10,0.04417476452832207,2.2805023824541255,2.2806569800972003,1
20260729_230434_obp_v4_rep1,online_bin_packing,version4,52,10,0.049319874391402355,2.2967916190122692,2.29671879278847,0
20260729_230434_obp_v4_rep1,online_bin_packing,version4,53,10,0.07987085177795429,2.267721291241822,2.2676522828505914,0
20260729_230434_obp_v4_rep1,online_bin_packing,version4,54,10,0.0575446681620805,2.302266956088478,2.3022492750116714,0
20260729_230434_obp_v4_rep1,online_bin_packing,version4,55,10,0.06808258582903554,2.291424674378806,2.291141801698298,1
20260729_230434_obp_v4_rep1,online_bin_packing,version4,56,10,0.09784571851363927,2.29121440057231,2.2913128590491607,0
20260729_230434_obp_v4_rep1,online_bin_packing,version4,57,10,0.07803493843199208,2.2960362540319657,2.2959638782243323,0
20260729_230434_obp_v4_rep1,online_bin_packing,version4,58,10,0.11340477968152682,2.2976838712740553,2.298420935651318,0
20260729_230434_obp_v4_rep1,online_bin_packing,version4,59,10,0.0576570519509856,2.2919233907072627,2.2918171449099094,0
20260729_230434_obp_v4_rep1,online_bin_packing,version4,60,10,0.10003958270047668,2.265048870561091,2.264933074932332,0
20260729_230434_obp_v4_rep1,online_bin_packing,version4,61,10,0.12100390305097823,2.2976971263945507,2.297822680869027,0
20260729_230434_obp_v4_rep1,online_bin_packing,version4,62,10,0.13248136633552318,2.295751583066834,2.295682331742458,0
20260729_230434_obp_v4_rep1,online_bin_packing,version4,63,10,0.04944187782405813,2.2569798543100954,2.256974263478003,0
20260729_230434_obp_v4_rep1,online_bin_packing,version4,64,10,0.05793137707753306,2.2674706113159866,2.2689558210732166,0
20260729_230434_obp_v4_rep1,online_bin_packing,version4,65,10,0.04831243278775804,2.2435266979572654,2.2433212935421127,0
20260729_230434_obp_v4_rep1,online_bin_packing,version4,66,10,0.03657413643725118,2.25784387621879,2.2585639104220707,0
20260729_230434_obp_v4_rep1,online_bin_packing,version4,67,10,0.057735999168817144,2.294182055788161,2.294946866212741,0
20260729_230434_obp_v4_rep1,online_bin_packing,version4,68,10,0.11502772417518907,2.273982123461445,2.2757379513585065,0
20260729_230434_obp_v4_rep1,online_bin_packing,version4,69,9,0.044391660860028485,2.1689067326086686,2.165397849161182,0
20260729_230434_obp_v4_rep1,online_bin_packing,version4,70,8,0.057744459458233706,2.0707160844216763,2.071674637100206,0
20260729_230434_obp_v4_rep1,online_bin_packing,version4,71,10,0.06916672283040859,2.2879141790794533,2.28792479255765,0
20260729_230434_obp_v4_rep1,online_bin_packing,version4,72,10,0.06597703469257322,2.2910413698594168,2.291263007331744,0
20260729_230434_obp_v4_rep1,online_bin_packing,version4,73,10,0.02800700507874227,2.2669654746609247,2.2669291333677974,0
20260729_230434_obp_v4_rep1,online_bin_packing,version4,74,10,0.01729666505698063,2.279166388711205,2.279431930938363,0
20260729_230434_obp_v4_rep1,online_bin_packing,version4,75,10,0.0793116782987324,2.2799372674647445,2.280015743143172,0
20260729_230434_obp_v4_rep1,online_bin_packing,version4,76,10,0.03245063945153585,2.280196659698705,2.2801548853513682,0
20260729_230434_obp_v4_rep1,online_bin_packing,version4,77,10,0.06320507291069062,2.273972019021321,2.274084842861821,0
20260729_230434_obp_v4_rep1,online_bin_packing,version4,78,8,0.07561001728073319,2.0706833466367085,2.0708240308539763,0
20260729_230434_obp_v4_rep1,online_bin_packing,version4,79,10,0.035333874528036754,2.2882704090191455,2.288553731315318,1
20260729_230434_obp_v4_rep1,online_bin_packing,version4,80,10,0.045197263197645936,2.293009848962429,2.2928913002694866,0
20260729_230434_obp_v4_rep1,online_bin_packing,version4,81,10,0.04169466093640799,2.2943244762044745,2.293930998852476,0
20260729_230434_obp_v4_rep1,online_bin_packing,version4,82,10,0.103949740433311,2.2850887831675433,2.2852140697892365,0
20260729_230434_obp_v4_rep1,online_bin_packing,version4,83,10,0.05856556996398095,2.2931506125044328,2.2915497306138994,0
20260729_230434_obp_v4_rep1,online_bin_packing,version4,84,9,0.15707731388495694,2.1855142789306856,2.184705784760459,0
20260729_230434_obp_v4_rep1,online_bin_packing,version4,85,10,0.01761961834758496,2.288851852534759,2.2888549602660033,0
20260729_230434_obp_v4_rep1,online_bin_packing,version4,86,10,0.023034347602199655,2.2898236069789504,2.2898038819570807,0
20260729_230434_obp_v4_rep1,online_bin_packing,version4,87,10,0.10495648227413064,2.2871971589873277,2.2873478498147564,0
20260729_230434_obp_v4_rep1,online_bin_packing,version4,88,10,0.07217986683280854,2.281633839755291,2.2810342853741172,0
20260729_230434_obp_v4_rep1,online_bin_packing,version4,89,10,0.10787475185894854,2.2857296432656247,2.2865354110987766,0
20260729_230434_obp_v4_rep1,online_bin_packing,version4,90,10,0.05966438560860363,2.2726022605654324,2.2728249921728896,0
20260729_230434_obp_v4_rep1,online_bin_packing,version4,91,10,0.00809456367795247,2.28287524050241,2.2828492331308303,0
20260729_230434_obp_v4_rep1,online_bin_packing,version4,92,10,0.07649403672677821,2.2792000146966904,2.281360075132561,0
20260729_230434_obp_v4_rep1,online_bin_packing,version4,93,10,0.03135070468695651,2.266417075893621,2.2663962588214406,0
20260729_230434_obp_v4_rep1,online_bin_packing,version4,94,10,0.045364986645189134,2.2682722463641594,2.2677860571698165,0
20260729_230434_obp_v4_rep1,online_bin_packing,version4,95,10,0.09177854811149022,2.2908632174416605,2.290667844556669,0
20260729_230434_obp_v4_rep1,online_bin_packing,version4,96,9,0.08571631835288955,2.1748179123158686,2.1753023411141936,0
20260729_230434_obp_v4_rep1,online_bin_packing,version4,97,10,0.05373775184521703,2.2870414870444726,2.2870459380335104,0
20260729_230434_obp_v4_rep1,online_bin_packing,version4,98,10,0.016863976119259837,2.2844038651278082,2.2842115636994555,0
20260729_230434_obp_v4_rep1,online_bin_packing,version4,99,10,0.05180618640613459,2.2909207881467433,2.2912348307991284,0
20260729_230434_obp_v4_rep1,online_bin_packing,version4,100,9,0.08442363284308677,2.1707505929699273,2.168895306339491,0
20260729_230434_obp_v4_rep2,online_bin_packing,version4,1,10,0.308304815221114,2.285978291665418,2.2887093780188756,0
20260729_230434_obp_v4_rep2,online_bin_packing,version4,2,10,0.24450056240431262,2.2961600082338074,2.295205670819782,0
20260729_230434_obp_v4_rep2,online_bin_packing,version4,3,10,0.2000079933079638,2.3002521851046556,2.300623988830636,0
20260729_230434_obp_v4_rep2,online_bin_packing,version4,4,10,0.19826305048148513,2.298835280778229,2.2955691332331414,0
20260729_230434_obp_v4_rep2,online_bin_packing,version4,5,10,0.09695272164310065,2.281563959356931,2.2849295152801634,0
20260729_230434_obp_v4_rep2,online_bin_packing,version4,6,10,0.13219541406581353,2.297816473590103,2.294931320724699,0
20260729_230434_obp_v4_rep2,online_bin_packing,version4,7,10,0.07932725714156903,2.285136910755839,2.287479339442236,0
20260729_230434_obp_v4_rep2,online_bin_packing,version4,8,10,0.10952961988166984,2.2976601374002996,2.2974677742434197,0
20260729_230434_obp_v4_rep2,online_bin_packing,version4,9,10,0.07564940614933051,2.2869221645717412,2.285661091902064,1
20260729_230434_obp_v4_rep2,online_bin_packing,version4,10,10,0.09900175669730987,2.298416144137301,2.2992633492845287,0
20260729_230434_obp_v4_rep2,online_bin_packing,version4,11,10,0.1207705900375772,2.2967413409444313,2.2986997373668574,0
20260729_230434_obp_v4_rep2,online_bin_packing,version4,12,10,0.044602388680654546,2.300604868555723,2.3015006712914388,1
20260729_230434_obp_v4_rep2,online_bin_packing,version4,13,10,0.0909143709094802,2.2958673710622204,2.2958788919425044,0
20260729_230434_obp_v4_rep2,online_bin_packing,version4,14,10,0.11039393564395308,2.2951657433484898,2.2951288174540236,0
20260729_230434_obp_v4_rep2,online_bin_packing,version4,15,10,0.06293459375395624,2.290106750172947,2.290106750172947,0
20260729_230434_obp_v4_rep2,online_bin_packing,version4,16,10,0.0593046714256503,2.3006796453746925,2.300969985390938,0
20260729_230434_obp_v4_rep2,online_bin_packing,version4,17,10,0.1077268340648468,2.299238050905805,2.299812385607027,0
20260729_230434_obp_v4_rep2,online_bin_packing,version4,18,10,0.15487349661713823,2.2940682144819733,2.294083477059024,0
20260729_230434_obp_v4_rep2,online_bin_packing,version4,19,10,0.15701385509279503,2.298365598239026,2.298389241654123,1
20260729_230434_obp_v4_rep2,online_bin_packing,version4,20,10,0.12146900494099659,2.2952304902147715,2.2952021545436683,0
20260729_230434_obp_v4_rep2,online_bin_packing,version4,21,10,0.08572661674863975,2.2992940997533657,2.2992663868659835,0
20260729_230434_obp_v4_rep2,online_bin_packing,version4,22,10,0.14796129335153904,2.290837974234217,2.2853643554579115,0
20260729_230434_obp_v4_rep2,online_bin_packing,version4,23,10,0.10822009075330026,2.294938441175284,2.295218525231243,1
20260729_230434_obp_v4_rep2,online_bin_packing,version4,24,10,0.1571045498081772,2.2980912672509612,2.298128491036732,0
20260729_230434_obp_v4_rep2,online_bin_packing,version4,25,10,0.031054801139399707,2.2520461475971034,2.251988470260907,1
20260729_230434_obp_v4_rep2,online_bin_packing,version4,26,10,0.0753928377103367,2.2559904407787976,2.232514135131263,0
20260729_230434_obp_v4_rep2,online_bin_packing,version4,27,10,0.0788942902105674,2.2752051263069406,2.275128826463004,0
20260729_230434_obp_v4_rep2,online_bin_packing,version4,28,10,0.09709646288747623,2.298165173183537,2.2985782696830923,0
20260729_230434_obp_v4_rep2,online_bin_packing,version4,29,10,0.06556662990527401,2.2728487928075563,2.2744813102741017,0
20260729_230434_obp_v4_rep2,online_bin_packing,version4,30,10,0.057929828104729165,2.2797353493878947,2.27964701011975,1
20260729_230434_obp_v4_rep2,online_bin_packing,version4,31,10,0.06602514636339472,2.2844103155676576,2.284390905139903,1
20260729_230434_obp_v4_rep2,online_bin_packing,version4,32,10,0.07721238970691108,2.2613501131010634,2.2452792453375117,0
20260729_230434_obp_v4_rep2,online_bin_packing,version4,33,10,0.07580916703678714,2.2840028006688673,2.2839787807001475,0
20260729_230434_obp_v4_rep2,online_bin_packing,version4,34,10,0.06393565782611373,2.2868982682524033,2.2869037341532032,0
20260729_230434_obp_v4_rep2,online_bin_packing,version4,35,10,0.08603802357370585,2.273668993203085,2.2717161249193025,1
20260729_230434_obp_v4_rep2,online_bin_packing,version4,36,10,0.05881474519626534,2.2830668231050364,2.283061725901898,0
20260729_230434_obp_v4_rep2,online_bin_packing,version4,37,10,0.06581677618954354,2.233522875442602,2.233271817158009,0
20260729_230434_obp_v4_rep2,online_bin_packing,version4,38,9,0.03674587312158587,2.1304897389409168,2.1082672439062247,0
20260729_230434_obp_v4_rep2,online_bin_packing,version4,39,10,0.07537200994159401,2.2726323813104603,2.272598247842364,0
20260729_230434_obp_v4_rep2,online_bin_packing,version4,40,10,0.03092265996060372,2.265376412196514,2.265329409203263,1
20260729_230434_obp_v4_rep2,online_bin_packing,version4,41,10,0.03579038505350717,2.2843838029798453,2.2844538641030976,0
20260729_230434_obp_v4_rep2,online_bin_packing,version4,42,10,0.03412565732179544,2.2568526857383655,2.256798352302351,1
20260729_230434_obp_v4_rep2,online_bin_packing,version4,43,10,0.0863670764441536,2.278678301955527,2.278397475533693,0
20260729_230434_obp_v4_rep2,online_bin_packing,version4,44,9,0.034396256764643446,2.1850470664612054,2.185020467550626,0
20260729_230434_obp_v4_rep2,online_bin_packing,version4,45,10,0.07168728320099729,2.269687260556519,2.269758711639774,0
20260729_230434_obp_v4_rep2,online_bin_packing,version4,46,10,0.03582684845376775,2.2306674331399408,2.2305711123302023,0
20260729_230434_obp_v4_rep2,online_bin_packing,version4,47,10,0.04380163270115673,2.2658789546323987,2.26587729566794,0
20260729_230434_obp_v4_rep2,online_bin_packing,version4,48,10,0.020433382075987477,2.2669006280910815,2.266905706008415,0
20260729_230434_obp_v4_rep2,online_bin_packing,version4,49,9,0.11079757967294356,2.153982326024982,2.150148778370309,0
20260729_230434_obp_v4_rep2,online_bin_packing,version4,50,10,0.08866179551784774,2.25501632591113,2.2549959416229894,0
20260729_230434_obp_v4_rep2,online_bin_packing,version4,51,9,0.02565391422125099,2.131396590326041,2.131132165431561,0
20260729_230434_obp_v4_rep2,online_bin_packing,version4,52,10,0.037366469392823155,2.2556368461987217,2.255357084922836,0
20260729_230434_obp_v4_rep2,online_bin_packing,version4,53,10,0.013587600139310685,2.2903360002933724,2.2903393753495913,1
20260729_230434_obp_v4_rep2,online_bin_packing,version4,54,9,0.04391623997009621,2.1732265275860034,2.1732253768316547,0
20260729_230434_obp_v4_rep2,online_bin_packing,version4,55,10,0.06566467138026356,2.247946009596651,2.2477800647525723,0
20260729_230434_obp_v4_rep2,online_bin_packing,version4,56,9,0.015175300889571428,2.1344484947581113,2.133962013601603,0
20260729_230434_obp_v4_rep2,online_bin_packing,version4,57,9,0.12061164352257414,2.1655796706602914,2.1652584326041637,0
20260729_230434_obp_v4_rep2,online_bin_packing,version4,58,10,0.08271428816469839,2.286196599525892,2.2816495414417677,0
20260729_230434_obp_v4_rep2,online_bin_packing,version4,59,10,0.0727018640665412,2.2757378870629736,2.2686151376245345,0
20260729_230434_obp_v4_rep2,online_bin_packing,version4,60,10,0.03131770993932524,2.2619418999247003,2.2619220155569337,0
20260729_230434_obp_v4_rep2,online_bin_packing,version4,61,10,0.06196780722584615,2.252953441233658,2.2529300962884196,0
20260729_230434_obp_v4_rep2,online_bin_packing,version4,62,10,0.02785578640483729,2.278221770223345,2.2782003662311903,0
20260729_230434_obp_v4_rep2,online_bin_packing,version4,63,10,0.027333196738509213,2.300619887250085,2.3006160627560712,0
20260729_230434_obp_v4_rep2,online_bin_packing,version4,64,8,0.03289648656211715,2.0564688168192804,2.056464339994072,0
20260729_230434_obp_v4_rep2,online_bin_packing,version4,65,10,0.026904239766054956,2.2778555083204695,2.2778569551663486,0
20260729_230434_obp_v4_rep2,online_bin_packing,version4,66,10,0.05300614312267558,2.2960402225168792,2.2960241774320016,0
20260729_230434_obp_v4_rep2,online_bin_packing,version4,67,8,0.030099229304796124,2.043554337891205,2.0435634756652754,0
20260729_230434_obp_v4_rep2,online_bin_packing,version4,68,10,0.05803143823388386,2.2809179948695655,2.28092554059404,0
20260729_230434_obp_v4_rep2,online_bin_packing,version4,69,10,0.020986840681595547,2.275444135492265,2.2754218053075794,0
20260729_230434_obp_v4_rep2,online_bin_packing,version4,70,10,0.019332611832592488,2.2958951098423315,2.295896488735766,0
20260729_230434_obp_v4_rep2,online_bin_packing,version4,71,9,0.04937354357836055,2.1938461127640676,2.1939580531330094,0
20260729_230434_obp_v4_rep2,online_bin_packing,version4,72,10,0.04530959934416502,2.2488732452202145,2.2488511206676463,0
20260729_230434_obp_v4_rep2,online_bin_packing,version4,73,9,0.05165737878251434,2.1771808955456513,2.1771779189323754,0
20260729_230434_obp_v4_rep2,online_bin_packing,version4,74,9,0.05280695154642263,2.148326796820852,2.14814232046861,0
20260729_230434_obp_v4_rep2,online_bin_packing,version4,75,10,0.11280637407553513,2.2600069412683115,2.2533360842393906,0
20260729_230434_obp_v4_rep2,online_bin_packing,version4,76,10,0.049834902767430425,2.2463387577395033,2.2459706965223156,0
20260729_230434_obp_v4_rep2,online_bin_packing,version4,77,10,0.032209147173005256,2.278137868444027,2.278178629667027,0
20260729_230434_obp_v4_rep2,online_bin_packing,version4,78,10,0.002222222222220003,2.2985655656911677,2.2985655775379095,0
20260729_230434_obp_v4_rep2,online_bin_packing,version4,79,10,0.03507680410555738,2.2292623284833213,2.2291061594364248,0
20260729_230434_obp_v4_rep2,online_bin_packing,version4,80,10,0.03276721718612079,2.2907321707750143,2.290726596910875,0
20260729_230434_obp_v4_rep2,online_bin_packing,version4,81,9,0.03230312795985257,2.1757813119683576,2.175776141364041,0
20260729_230434_obp_v4_rep2,online_bin_packing,version4,82,10,0.0687523308251278,2.2452758330745928,2.2451103661697496,0
20260729_230434_obp_v4_rep2,online_bin_packing,version4,83,9,0.028490689204946424,2.162237297497331,2.162070826918628,0
20260729_230434_obp_v4_rep2,online_bin_packing,version4,84,10,0.07812784371115866,2.2820191673642976,2.28200326679995,0
20260729_230434_obp_v4_rep2,online_bin_packing,version4,85,9,0.02671058027248228,2.1343535750443303,2.1341250102302283,0
20260729_230434_obp_v4_rep2,online_bin_packing,version4,86,9,0.048367758784377074,2.1852516781861944,2.1852666405318573,0
20260729_230434_obp_v4_rep2,online_bin_packing,version4,87,9,0.05546850769209303,2.1528585519888455,2.1366659344899137,0
20260729_230434_obp_v4_rep2,online_bin_packing,version4,88,10,0.02159208273830896,2.290782214309322,2.2907281782281754,0
20260729_230434_obp_v4_rep2,online_bin_packing,version4,89,10,0.02610707744633705,2.266580133725963,2.266526878499993,0
20260729_230434_obp_v4_rep2,online_bin_packing,version4,90,10,0.019664518390135905,2.2737238919473812,2.2735169860326208,0
20260729_230434_obp_v4_rep2,online_bin_packing,version4,91,9,0.010093240764737027,2.168800199490927,2.168808108183438,0
20260729_230434_obp_v4_rep2,online_bin_packing,version4,92,9,0.060116056365202196,2.1822126133457096,2.182193187411524,0
20260729_230434_obp_v4_rep2,online_bin_packing,version4,93,9,0.08521594949484498,2.1553235971537816,2.1551439607038683,0
20260729_230434_obp_v4_rep2,online_bin_packing,version4,94,10,0.06447804215312639,2.260083753648416,2.2600589539501907,0
20260729_230434_obp_v4_rep2,online_bin_packing,version4,95,10,0.10786981926592068,2.279049157902597,2.278965789378865,0
20260729_230434_obp_v4_rep2,online_bin_packing,version4,96,7,0.04880285014983369,1.9363395359510573,1.9363295046023712,0
20260729_230434_obp_v4_rep2,online_bin_packing,version4,97,10,0.029597701149395694,2.2402428407030954,2.2386621462767944,0
20260729_230434_obp_v4_rep2,online_bin_packing,version4,98,9,0.021575917325695252,2.17142654040875,2.1714684222411904,0
20260729_230434_obp_v4_rep2,online_bin_packing,version4,99,9,0.05994868689435836,2.155108165982675,2.1330875306476997,0
20260729_230434_obp_v4_rep2,online_bin_packing,version4,100,9,0.10274286256397319,2.184720531224317,2.184712849963709,0
20260729_230434_obp_v4_rep3,online_bin_packing,version4,1,10,0.3308238549610934,2.2932452509596155,2.297118144852064,0
20260729_230434_obp_v4_rep3,online_bin_packing,version4,2,9,0.20203671838863166,2.187517841851767,2.1873839478379637,0
20260729_230434_obp_v4_rep3,online_bin_packing,version4,3,10,0.21564151731541542,2.291660720177838,2.291575293675588,0
20260729_230434_obp_v4_rep3,online_bin_packing,version4,4,10,0.12892219439922534,2.298322779835023,2.2980469033031485,0
20260729_230434_obp_v4_rep3,online_bin_packing,version4,5,10,0.15136745732942725,2.2930900483790806,2.2931925499923684,0
20260729_230434_obp_v4_rep3,online_bin_packing,version4,6,10,0.11729744877185524,2.2915747497295293,2.2808874026338675,1
20260729_230434_obp_v4_rep3,online_bin_packing,version4,7,10,0.11583110772739225,2.2951744765084396,2.2951478322745156,0
20260729_230434_obp_v4_rep3,online_bin_packing,version4,8,10,0.0894815188742868,2.2972939484795507,2.2973163955268148,0
20260729_230434_obp_v4_rep3,online_bin_packing,version4,9,10,0.08838475185893552,2.2988018701762645,2.297907067565999,1
20260729_230434_obp_v4_rep3,online_bin_packing,version4,10,9,0.07252416700889937,2.192002174406233,2.192048126747726,1
20260729_230434_obp_v4_rep3,online_bin_packing,version4,11,8,0.10375794941369085,2.0747472452609106,2.074728316848767,1
20260729_230434_obp_v4_rep3,online_bin_packing,version4,12,9,0.12878025550367464,2.1964195396729376,2.1950411805600165,1
20260729_230434_obp_v4_rep3,online_bin_packing,version4,13,10,0.09862674512431319,2.2848074697533565,2.284750869983107,0
20260729_230434_obp_v4_rep3,online_bin_packing,version4,14,9,0.15170783512236347,2.195737351242983,2.195717078636616,0
20260729_230434_obp_v4_rep3,online_bin_packing,version4,15,9,0.06024411786811301,2.1603351065394425,2.1603558032225534,1
20260729_230434_obp_v4_rep3,online_bin_packing,version4,16,9,0.10945786336287164,2.1906574504463734,2.1906928628907654,0
20260729_230434_obp_v4_rep3,online_bin_packing,version4,17,10,0.07118610467089279,2.2882175986183286,2.2882429990365125,1
20260729_230434_obp_v4_rep3,online_bin_packing,version4,18,10,0.11177954645292436,2.298593565057677,2.2982564363865983,0
20260729_230434_obp_v4_rep3,online_bin_packing,version4,19,7,0.11922527108796073,1.9424612951561833,1.9424851908703211,0
20260729_230434_obp_v4_rep3,online_bin_packing,version4,20,6,0.11387491298962316,1.7836380318578742,1.7836578034849313,0
20260729_230434_obp_v4_rep3,online_bin_packing,version4,21,8,0.04955506731873792,2.050546339148888,2.050444390953423,1
20260729_230434_obp_v4_rep3,online_bin_packing,version4,22,10,0.05278649556516587,2.256193304233157,2.2561141598077596,0
20260729_230434_obp_v4_rep3,online_bin_packing,version4,23,7,0.06354609272995046,1.9354362885763488,1.9353677223073902,0
20260729_230434_obp_v4_rep3,online_bin_packing,version4,24,9,0.03786858002394549,2.1942053514824686,2.1942088693618405,0
20260729_230434_obp_v4_rep3,online_bin_packing,version4,25,7,0.054350296339067516,1.9301975971288974,1.9273570715234176,0
20260729_230434_obp_v4_rep3,online_bin_packing,version4,26,9,0.12204600785532543,2.180780271922578,2.180595312234387,1
20260729_230434_obp_v4_rep3,online_bin_packing,version4,27,10,0.058908759126879096,2.2842875984397173,2.2840779953054047,0
20260729_230434_obp_v4_rep3,online_bin_packing,version4,28,9,0.06361976564837883,2.1829158818052097,2.18293357681952,0
20260729_230434_obp_v4_rep3,online_bin_packing,version4,29,9,0.07216971457552869,2.1531960253183904,2.153040617894274,0
20260729_230434_obp_v4_rep3,online_bin_packing,version4,30,9,0.07019510111557686,2.1882633728980303,2.188217309496976,1
20260729_230434_obp_v4_rep3,online_bin_packing,version4,31,10,0.09244999892699113,2.2943039531978564,2.294312959002449,0
20260729_230434_obp_v4_rep3,online_bin_packing,version4,32,9,0.06457499673942585,2.1852093844827074,2.1852107498708113,0
20260729_230434_obp_v4_rep3,online_bin_packing,version4,33,7,0.024543050202553242,1.9245076400932755,1.9245100712667056,0
20260729_230434_obp_v4_rep3,online_bin_packing,version4,34,10,0.07924196715958091,2.283218546391929,2.2831576838159524,0
20260729_230434_obp_v4_rep3,online_bin_packing,version4,35,10,0.048788741597523375,2.2788168356564618,2.278841251970385,0
20260729_230434_obp_v4_rep3,online_bin_packing,version4,36,9,0.07561097415681414,2.1849821486034857,2.1849337113200646,0
20260729_230434_obp_v4_rep3,online_bin_packing,version4,37,10,0.04987968605139233,2.295321519719506,2.295154822775017,0
20260729_230434_obp_v4_rep3,online_bin_packing,version4,38,9,0.059398454048732195,2.1903238833765775,2.190303317780623,1
20260729_230434_obp_v4_rep3,online_bin_packing,version4,39,10,0.06929986587836645,2.3002375984195353,2.3002394570746785,0
20260729_230434_obp_v4_rep3,online_bin_packing,version4,40,8,0.07611781657448673,2.059050243157518,2.059039414434137,0
20260729_230434_obp_v4_rep3,online_bin_packing,version4,41,9,0.049144891014181215,2.191979102891227,2.1919780241752225,0
20260729_230434_obp_v4_rep3,online_bin_packing,version4,42,6,0.03825141549494642,1.7358280385526188,1.735812616154302,0
20260729_230434_obp_v4_rep3,online_bin_packing,version4,43,10,0.041359042559297,2.2687095963771178,2.2687103120436274,0
20260729_230434_obp_v4_rep3,online_bin_packing,version4,44,10,0.0663682917422666,2.291772052311321,2.2917896701395315,0
20260729_230434_obp_v4_rep3,online_bin_packing,version4,45,9,0.05340573644048257,2.1786421531702174,2.178635897081594,0
20260729_230434_obp_v4_rep3,online_bin_packing,version4,46,8,0.05367621635973509,2.0767301432047143,2.0767365523817967,0
20260729_230434_obp_v4_rep3,online_bin_packing,version4,47,8,0.047962145673632245,2.0667863292875905,2.0667844342909127,0
20260729_230434_obp_v4_rep3,online_bin_packing,version4,48,9,0.05365069796625259,2.191687493497468,2.1916760760498315,0
20260729_230434_obp_v4_rep3,online_bin_packing,version4,49,9,0.055874701500122095,2.1707695132677283,2.1707706581839776,0
20260729_230434_obp_v4_rep3,online_bin_packing,version4,50,9,0.041592972186805875,2.156730116068707,2.15677079356107,0
20260729_230434_obp_v4_rep3,online_bin_packing,version4,51,9,0.06668524605695612,2.1573933966107397,2.1572164931582902,0
20260729_230434_obp_v4_rep3,online_bin_packing,version4,52,10,0.05187722832231197,2.29399169412239,2.2935440001520755,0
20260729_230434_obp_v4_rep3,online_bin_packing,version4,53,9,0.07596913411951928,2.159154452401887,2.1575508433865385,0
20260729_230434_obp_v4_rep3,online_bin_packing,version4,54,9,0.03483090751477665,2.1808046946112145,2.1808039428380845,0
20260729_230434_obp_v4_rep3,online_bin_packing,version4,55,8,0.05749148208725531,2.0706242239468606,2.0706215875207796,0
20260729_230434_obp_v4_rep3,online_bin_packing,version4,56,10,0.051419304223231044,2.29104090148019,2.2910423740175356,0
20260729_230434_obp_v4_rep3,online_bin_packing,version4,57,7,0.04793526472819951,1.942004406050452,1.9420877437186277,0
20260729_230434_obp_v4_rep3,online_bin_packing,version4,58,9,0.04745359683491031,2.190571335893428,2.1905726342885115,0
20260729_230434_obp_v4_rep3,online_bin_packing,version4,59,9,0.038873675541738324,2.1883390019671025,2.1883508908981772,0
20260729_230434_obp_v4_rep3,online_bin_packing,version4,60,9,0.06716943968453666,2.183309612522506,2.1817576051527174,1
20260729_230434_obp_v4_rep3,online_bin_packing,version4,61,8,0.06534184547688014,2.074525690424341,2.07452719185269,0
20260729_230434_obp_v4_rep3,online_bin_packing,version4,62,8,0.03922147834730126,2.057878962877942,2.057845307281381,0
20260729_230434_obp_v4_rep3,online_bin_packing,version4,63,10,0.055096088785750216,2.263259858360792,2.2623387493626432,0
20260729_230434_obp_v4_rep3,online_bin_packing,version4,64,10,0.042162670955151735,2.2838052734245045,2.2816362999917144,0
20260729_230434_obp_v4_rep3,online_bin_packing,version4,65,9,0.056442190822480955,2.187461453806142,2.1874230674462867,0
20260729_230434_obp_v4_rep3,online_bin_packing,version4,66,8,0.028241396330285412,2.0723917211267002,2.0721926186749924,0
20260729_230434_obp_v4_rep3,online_bin_packing,version4,67,9,0.09533505957518375,2.1598833820003027,2.15971098720118,0
20260729_230434_obp_v4_rep3,online_bin_packing,version4,68,6,0.018203729012735596,1.787006574549833,1.7870077712712658,0
20260729_230434_obp_v4_rep3,online_bin_packing,version4,69,10,0.04130536312442501,2.295317520328273,2.295325391225926,0
20260729_230434_obp_v4_rep3,online_bin_packing,version4,70,8,0.05314889589922131,2.060246462757346,2.0599392487724213,0
20260729_230434_obp_v4_rep3,online_bin_packing,version4,71,7,0.034578405654860235,1.9419369224766556,1.9419362866113512,0
20260729_230434_obp_v4_rep3,online_bin_packing,version4,72,8,0.08168354608892431,2.039023541541492,1.9981989672289653,0
20260729_230434_obp_v4_rep3,online_bin_packing,version4,73,8,0.044994820353081215,2.045182940570633,2.0451687868015456,0
20260729_230434_obp_v4_rep3,online_bin_packing,version4,74,9,0.037540080383570956,2.178743185964864,2.179297328497868,0
20260729_230434_obp_v4_rep3,online_bin_packing,version4,75,9,0.03271476000316789,2.1818938151230136,2.1819072927172645,0
20260729_230434_obp_v4_rep3,online_bin_packing,version4,76,8,0.03644913109389518,2.0625677162300997,2.062613610290735,0
20260729_230434_obp_v4_rep3,online_bin_packing,version4,77,9,0.027168017735258756,2.1852378344899233,2.184969826135144,0
20260729_230434_obp_v4_rep3,online_bin_packing,version4,78,8,0.040735477559916,2.0583355728425676,2.0403267441785005,1
20260729_230434_obp_v4_rep3,online_bin_packing,version4,79,9,0.01786922885554475,2.1881806677230577,2.188164045176015,0
20260729_230434_obp_v4_rep3,online_bin_packing,version4,80,10,0.03600258707999483,2.286112644620611,2.2865892592910266,0
20260729_230434_obp_v4_rep3,online_bin_packing,version4,81,10,0.024373492970308244,2.274017384658156,2.2740188940174924,0
20260729_230434_obp_v4_rep3,online_bin_packing,version4,82,10,0.06467249037676004,2.2993045146708795,2.299271755166068,0
20260729_230434_obp_v4_rep3,online_bin_packing,version4,83,8,0.03741137445787638,2.036720885536828,2.0366966339321184,0
20260729_230434_obp_v4_rep3,online_bin_packing,version4,84,8,0.03833586679806622,2.0537952842710956,2.053795237176417,0
20260729_230434_obp_v4_rep3,online_bin_packing,version4,85,9,0.029299840754934716,2.1438058069619657,2.1438204806651657,0
20260729_230434_obp_v4_rep3,online_bin_packing,version4,86,10,0.04997848580585641,2.2581576829225787,2.2580425164277034,0
20260729_230434_obp_v4_rep3,online_bin_packing,version4,87,10,0.030694742867501706,2.242573248521312,2.2425114949089795,0
20260729_230434_obp_v4_rep3,online_bin_packing,version4,88,10,0.03509502496997987,2.2496352243172772,2.2494941135432533,0
20260729_230434_obp_v4_rep3,online_bin_packing,version4,89,10,0.06762964315597984,2.2400775014769985,2.2427928587657133,0
20260729_230434_obp_v4_rep3,online_bin_packing,version4,90,9,0.01596749121076209,2.196302550375127,2.1963363316516538,0
20260729_230434_obp_v4_rep3,online_bin_packing,version4,91,8,0.02189193627708714,2.0586829007304073,2.0586890331208414,1
20260729_230434_obp_v4_rep3,online_bin_packing,version4,92,8,0.053531060227726183,2.017870485388034,1.992977717209073,0
20260729_230434_obp_v4_rep3,online_bin_packing,version4,93,9,0.028513425582371774,2.1920768059263693,2.1920744950152096,1
20260729_230434_obp_v4_rep3,online_bin_packing,version4,94,10,0.033415397983416084,2.294424585580731,2.2943526506360956,0
20260729_230434_obp_v4_rep3,online_bin_packing,version4,95,10,0.036170154373212714,2.285217572480521,2.2854980606849513,0
20260729_230434_obp_v4_rep3,online_bin_packing,version4,96,9,0.049723154719258034,2.171164998033104,2.17116872196333,0
20260729_230434_obp_v4_rep3,online_bin_packing,version4,97,8,0.07267792475436574,2.053550908014288,2.0534576523696098,0
20260729_230434_obp_v4_rep3,online_bin_packing,version4,98,10,0.027598903450247025,2.288545216473118,2.2878906817842277,0
20260729_230434_obp_v4_rep3,online_bin_packing,version4,99,8,0.0594883585003676,2.0198661070222412,2.019783216795628,0
20260729_230434_obp_v4_rep3,online_bin_packing,version4,100,9,0.044633824258698725,2.1833064206186874,2.1833157833199013,0
20260728_151736_obp_v5_rep1,online_bin_packing,version5,1,10,0.23269383265995827,2.2802638051165434,2.2866470639169174,0
20260728_151736_obp_v5_rep1,online_bin_packing,version5,2,10,0.23118575970623634,2.294667954785773,2.295881779854086,0
20260728_151736_obp_v5_rep1,online_bin_packing,version5,3,8,0.2390276328565717,2.077065612578181,2.0784428323015396,0
20260728_151736_obp_v5_rep1,online_bin_packing,version5,4,9,0.10756160020811177,2.1908865928467636,2.1878795849197648,0
20260728_151736_obp_v5_rep1,online_bin_packing,version5,5,10,0.12322263364678594,2.292733667108763,2.2925915004369575,0
20260728_151736_obp_v5_rep1,online_bin_packing,version5,6,10,0.07422415695532573,2.278113434888736,2.2781013740595424,0
20260728_151736_obp_v5_rep1,online_bin_packing,version5,7,8,0.06967719938146888,2.074580294163687,2.0745822496489135,0
20260728_151736_obp_v5_rep1,online_bin_packing,version5,8,9,0.047542864899595576,2.1926474621861556,2.192647462186155,0
20260728_151736_obp_v5_rep1,online_bin_packing,version5,9,9,0.0531390268231842,2.184836506781617,2.1787715802881897,0
20260728_151736_obp_v5_rep1,online_bin_packing,version5,10,10,0.035519568151111576,2.2773675772750965,2.2834849005974696,0
20260728_151736_obp_v5_rep1,online_bin_packing,version5,11,10,0.03487116718447382,2.273543625122451,2.265426556722055,0
20260728_151736_obp_v5_rep1,online_bin_packing,version5,12,8,0.031816074739662956,2.0147760570533175,2.014776057053318,0
20260728_151736_obp_v5_rep1,online_bin_packing,version5,13,10,0.030221940570747546,2.2796507063244698,2.2746220601544844,0
20260728_151736_obp_v5_rep1,online_bin_packing,version5,14,9,0.006177606177599994,2.1635792807606657,2.1635792807606657,0
20260728_151736_obp_v5_rep1,online_bin_packing,version5,15,7,0.011278195488710526,1.9083967833298519,1.9069840541037397,0
20260728_151736_obp_v5_rep1,online_bin_packing,version5,16,9,0.006172839506166669,2.125142154410848,2.125142154410848,0
20260728_151736_obp_v5_rep1,online_bin_packing,version5,17,6,0.0,1.738456801396999,1.7490951740323137,0
20260728_151736_obp_v5_rep1,online_bin_packing,version5,18,5,0.021788254419811574,1.5903487650836616,1.5903487650836616,0
20260728_151736_obp_v5_rep1,online_bin_packing,version5,19,7,0.007829257829249993,1.908204757626903,1.9230091278966037,0
20260728_151736_obp_v5_rep1,online_bin_packing,version5,20,6,0.004629629629625002,1.7136691102910402,1.7136691102910402,0
20260728_151736_obp_v5_rep1,online_bin_packing,version5,21,4,0.019230769230749987,1.34221236307264,1.3102118794664706,0
20260728_151736_obp_v5_rep1,online_bin_packing,version5,22,7,0.027044445089530817,1.92455741265643,1.9247358944714548,0
20260728_151736_obp_v5_rep1,online_bin_packing,version5,23,7,0.019626769626750005,1.9264299785322299,1.9163908719395855,0
20260728_151736_obp_v5_rep1,online_bin_packing,version5,24,5,0.005555555555550002,1.5743920136571805,1.5743920136571805,0
20260728_151736_obp_v5_rep1,online_bin_packing,version5,25,3,0.018018018017999998,1.0936932999477842,1.0936932999477842,0
20260728_151736_obp_v5_rep1,online_bin_packing,version5,26,5,0.03186344238972631,1.5883584597161378,1.5883346811107932,0
20260728_151736_obp_v5_rep1,online_bin_packing,version5,27,4,0.0,1.3422123630726397,1.3422123630726397,0
20260728_151736_obp_v5_rep1,online_bin_packing,version5,28,5,0.011269841269830003,1.5743920136571807,1.5743920136571807,0
20260728_151736_obp_v5_rep1,online_bin_packing,version5,29,4,0.0069444444444375026,1.3804640007679658,1.3804640007679658,0
20260728_151736_obp_v5_rep1,online_bin_packing,version5,30,5,0.011269841269830003,1.6003976647447404,1.6003921084221928,0
20260728_151736_obp_v5_rep1,online_bin_packing,version5,31,2,0.0,0.6931471805599453,0.6931471805599453,0
20260728_151736_obp_v5_rep1,online_bin_packing,version5,32,8,0.010046230440957232,2.0461494017688935,2.0546828850053025,0
20260728_151736_obp_v5_rep1,online_bin_packing,version5,33,3,0.0,1.098606076784729,1.098606076784729,0
20260728_151736_obp_v5_rep1,online_bin_packing,version5,34,2,0.0,0.6931471805599453,0.6931471805599453,0
20260728_151736_obp_v5_rep1,online_bin_packing,version5,35,2,0.0,0.6931471805599453,0.6931471805599453,0
20260728_151736_obp_v5_rep1,online_bin_packing,version5,36,6,0.01814314314312499,1.7701192582656162,1.7500094688692804,0
20260728_151736_obp_v5_rep1,online_bin_packing,version5,37,6,0.013770913770900001,1.7763573949540432,1.7814342856710415,0
20260728_151736_obp_v5_rep1,online_bin_packing,version5,38,4,0.04484126984122501,1.3759350402976678,1.3759350402976678,0
20260728_151736_obp_v5_rep1,online_bin_packing,version5,39,2,0.0,0.6931471805599453,0.6931294758319063,0
20260728_151736_obp_v5_rep1,online_bin_packing,version5,40,5,0.03687189213501314,1.6039754049874286,1.6039754049874286,0
20260728_151736_obp_v5_rep1,online_bin_packing,version5,41,5,0.04102564102559998,1.5879545719189718,1.5879684321230028,0
20260728_151736_obp_v5_rep1,online_bin_packing,version5,42,5,0.005405405405399988,1.5651500109848702,1.5777624196660602,0
20260728_151736_obp_v5_rep1,online_bin_packing,version5,43,7,0.017905536198201216,1.888381764113154,1.8883817641131537,0
20260728_151736_obp_v5_rep1,online_bin_packing,version5,44,6,0.06294391086306456,1.7710665081526733,1.7710665081526733,0
20260728_151736_obp_v5_rep1,online_bin_packing,version5,45,2,0.0,0.6931471805599453,0.6931471805599453,0
20260728_151736_obp_v5_rep1,online_bin_packing,version5,46,7,0.024874177313176832,1.8810328908038532,1.8209273782025415,0
20260728_151736_obp_v5_rep1,online_bin_packing,version5,47,1,0.0,0.0,0.0,0
20260728_151736_obp_v5_rep1,online_bin_packing,version5,48,4,0.04166666666662499,1.3734200519633997,1.3788179181665325,1
20260728_151736_obp_v5_rep1,online_bin_packing,version5,49,7,0.0327731092436647,1.896937524640491,1.8956886536646074,0
20260728_151736_obp_v5_rep1,online_bin_packing,version5,50,1,0.0,0.0,0.0,0
20260728_151736_obp_v5_rep1,online_bin_packing,version5,51,3,0.0,1.0986122886681096,1.0986122886681096,0
20260728_151736_obp_v5_rep1,online_bin_packing,version5,52,5,0.03909797488920066,1.607743893093675,1.6077435255189703,0
20260728_151736_obp_v5_rep1,online_bin_packing,version5,53,6,0.05013591060097674,1.7645530463588082,1.7645279520500168,0
20260728_151736_obp_v5_rep1,online_bin_packing,version5,54,6,0.03291969705009893,1.785813684601636,1.7864810054459757,0
20260728_151736_obp_v5_rep1,online_bin_packing,version5,55,7,0.07002957551436725,1.9215972161538326,1.9215774557285359,0
20260728_151736_obp_v5_rep1,online_bin_packing,version5,56,9,0.024902624526659776,2.146041384834983,2.1460401826057396,0
20260728_151736_obp_v5_rep1,online_bin_packing,version5,57,10,0.049277380387170916,2.2990517844118092,2.2990526293494495,0
20260728_151736_obp_v5_rep1,online_bin_packing,version5,58,9,0.050574327810049585,2.181407540069338,2.174659456597354,0
20260728_151736_obp_v5_rep1,online_bin_packing,version5,59,7,0.007631257631250004,1.9142909068716454,1.914290087504826,1
20260728_151736_obp_v5_rep1,online_bin_packing,version5,60,9,0.039888018148847806,2.1838856597072276,2.1780140720810675,0
20260728_151736_obp_v5_rep1,online_bin_packing,version5,61,10,0.01250962772784372,2.2688756082981287,2.268877140895462,0
20260728_151736_obp_v5_rep1,online_bin_packing,version5,62,8,0.03861624486620624,2.0736562056484154,2.073656129565687,0
20260728_151736_obp_v5_rep1,online_bin_packing,version5,63,9,0.06395434962501738,2.151706889183769,2.1517073045372364,0
20260728_151736_obp_v5_rep1,online_bin_packing,version5,64,8,0.027476744746454118,2.0524841194522563,2.0524836164393836,0
20260728_151736_obp_v5_rep1,online_bin_packing,version5,65,8,0.05011856368558674,2.055730779121019,2.0557280554486654,0
20260728_151736_obp_v5_rep1,online_bin_packing,version5,66,9,0.06276845525238305,2.18681052994857,2.186808955781451,0
20260728_151736_obp_v5_rep1,online_bin_packing,version5,67,6,0.051762187099628244,1.78353520968911,1.7835375552248767,0
20260728_151736_obp_v5_rep1,online_bin_packing,version5,68,9,0.02531999404659707,2.162196393007503,2.1621982531580675,0
20260728_151736_obp_v5_rep1,online_bin_packing,version5,69,9,0.027744823283948315,2.1803651761060907,2.1803649548765343,0
20260728_151736_obp_v5_rep1,online_bin_packing,version5,70,10,0.05519630745549078,2.2456939841509205,2.2456868829862593,0
20260728_151736_obp_v5_rep1,online_bin_packing,version5,71,9,0.05193680905057825,2.141493403294765,2.1413803283523074,0
20260728_151736_obp_v5_rep1,online_bin_packing,version5,72,8,0.07301385981455563,2.0714129130176424,2.0714206804098607,0
20260728_151736_obp_v5_rep1,online_bin_packing,version5,73,8,0.036746723883315055,2.0646811049126113,2.065475823157154,0
20260728_151736_obp_v5_rep1,online_bin_packing,version5,74,9,0.025021120656525675,2.1828919141670373,2.1828929506481467,0
20260728_151736_obp_v5_rep1,online_bin_packing,version5,75,8,0.03249722838134224,2.0508874246846096,2.050881809320461,0
20260728_151736_obp_v5_rep1,online_bin_packing,version5,76,7,0.04111417375532866,1.9372018261000432,1.9372024673451638,0
20260728_151736_obp_v5_rep1,online_bin_packing,version5,77,9,0.041237987483132364,2.183851043076226,2.1838486449323833,0
20260728_151736_obp_v5_rep1,online_bin_packing,version5,78,5,0.03811684628470382,1.606354175124463,1.6063515953345973,0
20260728_151736_obp_v5_rep1,online_bin_packing,version5,79,9,0.07005967534415812,2.1712531682887186,2.1712522913975048,0
20260728_151736_obp_v5_rep1,online_bin_packing,version5,80,7,0.027102978322463427,1.9310763870333536,1.931077512426596,0
20260728_151736_obp_v5_rep1,online_bin_packing,version5,81,7,0.017255682760892004,1.9381545735297971,1.938151451851695,0
20260728_151736_obp_v5_rep1,online_bin_packing,version5,82,8,0.038742507492468756,2.0511102997807176,2.051107251583268,0
20260728_151736_obp_v5_rep1,online_bin_packing,version5,83,7,0.034263065621916396,1.9338470021894332,1.9338405888417556,0
20260728_151736_obp_v5_rep1,online_bin_packing,version5,84,7,0.025297765990937103,1.9423773571588137,1.9423770903182993,0
20260728_151736_obp_v5_rep1,online_bin_packing,version5,85,7,0.03167880620655739,1.9333671967553272,1.9333738516164143,0
20260728_151736_obp_v5_rep1,online_bin_packing,version5,86,9,0.03274020469139148,2.179268499005047,2.179263385536379,0
20260728_151736_obp_v5_rep1,online_bin_packing,version5,87,9,0.0422748660553116,2.1720616851308123,2.1535162793006344,0
20260728_151736_obp_v5_rep1,online_bin_packing,version5,88,9,0.03555925087949277,2.189830605719164,2.189827260789926,0
20260728_151736_obp_v5_rep1,online_bin_packing,version5,89,7,0.07055637145477293,1.9224321702814156,1.9224278592209192,0
20260728_151736_obp_v5_rep1,online_bin_packing,version5,90,8,0.04462657938263233,2.0737343602352603,2.0737329505899806,0
20260728_151736_obp_v5_rep1,online_bin_packing,version5,91,8,0.028549609673430572,2.0551739053869507,2.03562246781316,0
20260728_151736_obp_v5_rep1,online_bin_packing,version5,92,5,0.053080472499024055,1.605883179847672,1.6031726976624754,0
20260728_151736_obp_v5_rep1,online_bin_packing,version5,93,9,0.022035876381019576,2.1939856882920026,2.1939854006961523,0
20260728_151736_obp_v5_rep1,online_bin_packing,version5,94,6,0.024560880436008875,1.787077760630394,1.7870791348784174,0
20260728_151736_obp_v5_rep1,online_bin_packing,version5,95,7,0.01753076069964103,1.9385909597973827,1.9385921120244158,0
20260728_151736_obp_v5_rep1,online_bin_packing,version5,96,8,0.08220849943115079,2.0663557029668405,2.066351593902851,0
20260728_151736_obp_v5_rep1,online_bin_packing,version5,97,5,0.07196969696962502,1.6017639051163657,1.6017643815193214,0
20260728_151736_obp_v5_rep1,online_bin_packing,version5,98,9,0.049858115057628855,2.1846966362690963,2.1846967996516926,0
20260728_151736_obp_v5_rep1,online_bin_packing,version5,99,10,0.03215849191455734,2.2917494077914187,2.291747328592124,0
20260728_151736_obp_v5_rep1,online_bin_packing,version5,100,8,0.033902691511353264,2.0588111529131843,2.058810599442635,0
20260728_151736_obp_v5_rep2,online_bin_packing,version5,1,9,0.27425467041414026,2.1772798160393334,2.1731261581963333,0
20260728_151736_obp_v5_rep2,online_bin_packing,version5,2,8,0.26278212501759635,2.069442697751398,2.0692812853817,0
20260728_151736_obp_v5_rep2,online_bin_packing,version5,3,10,0.19284140023303215,2.2983375432448825,2.299915771613899,1
20260728_151736_obp_v5_rep2,online_bin_packing,version5,4,10,0.0904759071454738,2.2924330378653495,2.291428626923051,0
20260728_151736_obp_v5_rep2,online_bin_packing,version5,5,10,0.04355133626059504,2.2661569567406232,2.2661569567406232,0
20260728_151736_obp_v5_rep2,online_bin_packing,version5,6,10,0.05251426000360304,2.2856982128509498,2.2836591894193585,0
20260728_151736_obp_v5_rep2,online_bin_packing,version5,7,7,0.026591875023904196,1.902391636569403,1.9023916365694027,0
20260728_151736_obp_v5_rep2,online_bin_packing,version5,8,10,0.06358688527332054,2.297343750966678,2.297878027535092,1
20260728_151736_obp_v5_rep2,online_bin_packing,version5,9,10,0.03513597248780452,2.290629953835616,2.297406881635805,0
20260728_151736_obp_v5_rep2,online_bin_packing,version5,10,9,0.06994952550364035,2.187600221314973,2.181363737811609,1
20260728_151736_obp_v5_rep2,online_bin_packing,version5,11,10,0.11776355727143635,2.2939799821658213,2.293535852026083,0
20260728_151736_obp_v5_rep2,online_bin_packing,version5,12,10,0.05280746859565577,2.2946589795247756,2.282026332449085,0
20260728_151736_obp_v5_rep2,online_bin_packing,version5,13,9,0.08325701230962225,2.191457826467836,2.1894161918500274,0
20260728_151736_obp_v5_rep2,online_bin_packing,version5,14,7,0.16595664651504993,1.9397457807702905,1.9407686229498422,0
20260728_151736_obp_v5_rep2,online_bin_packing,version5,15,8,0.0861795658591531,2.0760735867162454,2.074297423756293,1
20260728_151736_obp_v5_rep2,online_bin_packing,version5,16,7,0.0486443381179737,1.9340959998035219,1.9340988314674579,0
20260728_151736_obp_v5_rep2,online_bin_packing,version5,17,10,0.022092994724551583,2.2505634896123756,2.2533306300869596,0
20260728_151736_obp_v5_rep2,online_bin_packing,version5,18,9,0.023745347195458216,2.185884132980487,2.179774990093559,1
20260728_151736_obp_v5_rep2,online_bin_packing,version5,19,9,0.06912711353002948,2.186537965897692,2.1811546331244878,0
20260728_151736_obp_v5_rep2,online_bin_packing,version5,20,7,0.07214898112997171,1.9165668419281574,1.8912437131271485,0
20260728_151736_obp_v5_rep2,online_bin_packing,version5,21,9,0.022882950202849445,2.187357798522895,2.1873377045475704,0
20260728_151736_obp_v5_rep2,online_bin_packing,version5,22,9,0.042092180898108955,2.190740307328355,2.1907421146993045,0
20260728_151736_obp_v5_rep2,online_bin_packing,version5,23,9,0.005886939571144201,2.18800210154007,2.1879962245457296,1
20260728_151736_obp_v5_rep2,online_bin_packing,version5,24,9,0.010801123704338701,2.1844453626159313,2.1844530937509137,1
20260728_151736_obp_v5_rep2,online_bin_packing,version5,25,8,0.011648351648340001,2.0673388056388124,2.06733677644912,0
20260728_151736_obp_v5_rep2,online_bin_packing,version5,26,9,0.052304325145669045,2.1585710905621536,2.158482867282973,0
20260728_151736_obp_v5_rep2,online_bin_packing,version5,27,8,0.023550742794197638,2.070590932271612,2.0705565722387176,0
20260728_151736_obp_v5_rep2,online_bin_packing,version5,28,8,0.05352272727267375,2.0640543060368874,2.0640266812248607,0
20260728_151736_obp_v5_rep2,online_bin_packing,version5,29,8,0.03026364353288337,2.0639510456544703,2.0639114338595004,0
20260728_151736_obp_v5_rep2,online_bin_packing,version5,30,9,0.0464995439679202,2.1598425974052358,2.1526595649715636,1
20260728_151736_obp_v5_rep2,online_bin_packing,version5,31,10,0.031945613214865984,2.2908526247081444,2.2908126513309885,0
20260728_151736_obp_v5_rep2,online_bin_packing,version5,32,8,0.012677904287480645,2.069107539403247,2.0690969908162957,0
20260728_151736_obp_v5_rep2,online_bin_packing,version5,33,9,0.05463206190378434,2.1741410516279593,2.1740924565385673,0
20260728_151736_obp_v5_rep2,online_bin_packing,version5,34,9,0.02123817540482083,2.174454709310755,2.1743538032213707,0
20260728_151736_obp_v5_rep2,online_bin_packing,version5,35,9,0.055939390752336386,2.153596381747982,2.153675684032351,0
20260728_151736_obp_v5_rep2,online_bin_packing,version5,36,9,0.05011015272140397,2.172111700946242,2.167247076606376,0
20260728_151736_obp_v5_rep2,online_bin_packing,version5,37,10,0.042156526486189894,2.2857101578551515,2.2856789878604244,0
20260728_151736_obp_v5_rep2,online_bin_packing,version5,38,8,0.02791312996534085,2.0391261579479556,2.026708136715926,0
20260728_151736_obp_v5_rep2,online_bin_packing,version5,39,10,0.0181349206349025,2.2807487291535633,2.280617700257198,0
20260728_151736_obp_v5_rep2,online_bin_packing,version5,40,9,0.055096308838571556,2.182801411013002,2.182767084693316,0
20260728_151736_obp_v5_rep2,online_bin_packing,version5,41,9,0.008268225125108863,2.1701824151741604,2.1702868271058566,0
20260728_151736_obp_v5_rep2,online_bin_packing,version5,42,10,0.018925660204553208,2.286910761012945,2.286971172031935,1
20260728_151736_obp_v5_rep2,online_bin_packing,version5,43,9,0.019917090438477947,2.1743092080105537,2.17428004769498,0
20260728_151736_obp_v5_rep2,online_bin_packing,version5,44,10,0.015880371934591915,2.2497671510954436,2.2497987485663167,0
20260728_151736_obp_v5_rep2,online_bin_packing,version5,45,10,0.02253318075233629,2.270151476778181,2.2701714186344044,0
20260728_151736_obp_v5_rep2,online_bin_packing,version5,46,10,0.039300315881859484,2.269976886010678,2.2595397198661904,0
20260728_151736_obp_v5_rep2,online_bin_packing,version5,47,10,0.01104032604031499,2.29276747861698,2.2929145444017505,1
20260728_151736_obp_v5_rep2,online_bin_packing,version5,48,9,0.022501404048520968,2.188582675271903,2.188575976840694,0
20260728_151736_obp_v5_rep2,online_bin_packing,version5,49,10,0.03638326406898619,2.290692786063695,2.290693334361359,0
20260728_151736_obp_v5_rep2,online_bin_packing,version5,50,10,0.0340838591889542,2.2426385540030633,2.2421461001883864,0
20260728_151736_obp_v5_rep2,online_bin_packing,version5,51,9,0.034768173689707534,2.1867418939050505,2.186705329433466,0
20260728_151736_obp_v5_rep2,online_bin_packing,version5,52,9,0.04668782621139432,2.170762425573911,2.1706914927620864,1
20260728_151736_obp_v5_rep2,online_bin_packing,version5,53,10,0.03349922525906018,2.2583332792158304,2.238435893718756,0
20260728_151736_obp_v5_rep2,online_bin_packing,version5,54,10,0.051122833929241406,2.278337560139763,2.2500396434312395,0
20260728_151736_obp_v5_rep2,online_bin_packing,version5,55,10,0.020073313602150346,2.264501102800907,2.244636813693035,0
20260728_151736_obp_v5_rep2,online_bin_packing,version5,56,9,0.043807566935222225,2.180922547582407,2.180820905200897,0
20260728_151736_obp_v5_rep2,online_bin_packing,version5,57,10,0.02342878773319071,2.2897184771145414,2.289721328129472,0
20260728_151736_obp_v5_rep2,online_bin_packing,version5,58,10,0.06972294555660383,2.290576010867452,2.290417220622587,0
20260728_151736_obp_v5_rep2,online_bin_packing,version5,59,9,0.033172132162709325,2.190051468679425,2.1900273682828955,0
20260728_151736_obp_v5_rep2,online_bin_packing,version5,60,8,0.046824149083861524,2.0456509147491535,2.044304322119541,0
20260728_151736_obp_v5_rep2,online_bin_packing,version5,61,9,0.01701468067663549,2.1719150516435257,2.171845717079253,0
20260728_151736_obp_v5_rep2,online_bin_packing,version5,62,9,0.03174012094406928,2.186807530643248,2.1867929976098908,0
20260728_151736_obp_v5_rep2,online_bin_packing,version5,63,10,0.03773465292927995,2.268322448233687,2.2682439413712383,1
20260728_151736_obp_v5_rep2,online_bin_packing,version5,64,9,0.10474676215406481,2.170783357220609,2.165600219685611,0
20260728_151736_obp_v5_rep2,online_bin_packing,version5,65,10,0.0680952123236767,2.2718461178996554,2.2726556741387,0
20260728_151736_obp_v5_rep2,online_bin_packing,version5,66,10,0.025056099319077485,2.293759341324698,2.2937444796035966,0
20260728_151736_obp_v5_rep2,online_bin_packing,version5,67,10,0.008639401474146487,2.2799602183835685,2.279972634590399,0
20260728_151736_obp_v5_rep2,online_bin_packing,version5,68,9,0.0632096996175994,2.172774139333637,2.172565880160924,0
20260728_151736_obp_v5_rep2,online_bin_packing,version5,69,10,0.055839949524860634,2.2381702438887676,2.2326474723734395,1
20260728_151736_obp_v5_rep2,online_bin_packing,version5,70,10,0.030593253089183085,2.286365262310286,2.2863830373620537,0
20260728_151736_obp_v5_rep2,online_bin_packing,version5,71,9,0.03888348087020177,2.148363422485602,2.1226712084199506,0
20260728_151736_obp_v5_rep2,online_bin_packing,version5,72,10,0.022670830799067062,2.252972450691352,2.252976606580731,0
20260728_151736_obp_v5_rep2,online_bin_packing,version5,73,8,0.08048079227004662,2.056961867964522,2.05745365930669,0
20260728_151736_obp_v5_rep2,online_bin_packing,version5,74,10,0.037785684376981335,2.2441436160639445,2.243942104247536,0
20260728_151736_obp_v5_rep2,online_bin_packing,version5,75,10,0.025478478107703807,2.237726879129283,2.237637887640412,0
20260728_151736_obp_v5_rep2,online_bin_packing,version5,76,9,0.025310287393762683,2.1733276112897344,2.173299704391907,0
20260728_151736_obp_v5_rep2,online_bin_packing,version5,77,10,0.022694077270650898,2.2496978886914745,2.2496897523884973,0
20260728_151736_obp_v5_rep2,online_bin_packing,version5,78,9,0.033048353207003694,2.1794931053652356,2.177038690825084,0
20260728_151736_obp_v5_rep2,online_bin_packing,version5,79,10,0.024136321195120602,2.2587585204324365,2.2590998035286196,0
20260728_151736_obp_v5_rep2,online_bin_packing,version5,80,10,0.03512123928279787,2.259071860303564,2.2590309665925177,0
20260728_151736_obp_v5_rep2,online_bin_packing,version5,81,9,0.0028042328042299923,2.126477919149378,2.1264711539431542,0
20260728_151736_obp_v5_rep2,online_bin_packing,version5,82,10,0.031344901591373514,2.249500754093089,2.249494787581759,0
20260728_151736_obp_v5_rep2,online_bin_packing,version5,83,10,0.013168328159931384,2.2755691621213154,2.275485149710321,0
20260728_151736_obp_v5_rep2,online_bin_packing,version5,84,9,0.023756642002589347,2.1581281375655594,2.1499947085297646,0
20260728_151736_obp_v5_rep2,online_bin_packing,version5,85,10,0.03370023939492959,2.2529432889802306,2.251558087345889,0
20260728_151736_obp_v5_rep2,online_bin_packing,version5,86,10,0.025777315788616362,2.2396977543298697,2.2396643803875054,0
20260728_151736_obp_v5_rep2,online_bin_packing,version5,87,10,0.008250276854919756,2.2580138613433607,2.2579553126589205,0
20260728_151736_obp_v5_rep2,online_bin_packing,version5,88,9,0.025109142633689803,2.166793575852212,2.1605507708640346,0
20260728_151736_obp_v5_rep2,online_bin_packing,version5,89,10,0.06887310076298243,2.240396781146299,2.239981359741391,0
20260728_151736_obp_v5_rep2,online_bin_packing,version5,90,9,0.016554586878430203,2.134403343777278,2.1043769305915507,0
20260728_151736_obp_v5_rep2,online_bin_packing,version5,91,9,0.03373873503282258,2.168085335565645,2.1588923998198193,0
20260728_151736_obp_v5_rep2,online_bin_packing,version5,92,8,0.05435315545989337,2.0129178232906795,2.012815261391805,0
20260728_151736_obp_v5_rep2,online_bin_packing,version5,93,8,0.03282530268527901,2.0350036889309466,2.034870349506096,0
20260728_151736_obp_v5_rep2,online_bin_packing,version5,94,8,0.026096480292170966,2.044060622052905,2.0439718548106622,0
20260728_151736_obp_v5_rep2,online_bin_packing,version5,95,10,0.042379620990334994,2.2724882849335635,2.2650496716871897,0
20260728_151736_obp_v5_rep2,online_bin_packing,version5,96,9,0.03580125474028269,2.1337216283715925,2.1337910258929993,0
20260728_151736_obp_v5_rep2,online_bin_packing,version5,97,9,0.013227513227500001,2.126947074153211,2.126738387627754,0
20260728_151736_obp_v5_rep2,online_bin_packing,version5,98,10,0.04245291247989645,2.282841981802095,2.2827278343847643,0
20260728_151736_obp_v5_rep2,online_bin_packing,version5,99,10,0.04222439433873611,2.2274275239254315,2.218983605219041,0
20260728_151736_obp_v5_rep2,online_bin_packing,version5,100,10,0.015608039865945467,2.259320966469892,2.259315946533914,0
20260728_151736_obp_v5_rep3,online_bin_packing,version5,1,10,0.35189232255494796,2.2941678419701996,2.2957971193294346,0
20260728_151736_obp_v5_rep3,online_bin_packing,version5,2,10,0.20008710589904183,2.28587783809715,2.2788863306369898,0
20260728_151736_obp_v5_rep3,online_bin_packing,version5,3,10,0.14991229081407853,2.2973070741395922,2.2974226952301997,0
20260728_151736_obp_v5_rep3,online_bin_packing,version5,4,10,0.07437655466049828,2.2760050156808966,2.278016108298698,0
20260728_151736_obp_v5_rep3,online_bin_packing,version5,5,9,0.06698403036849532,2.1680903289305227,2.154700973263396,0
20260728_151736_obp_v5_rep3,online_bin_packing,version5,6,7,0.04325107516592554,1.9173999075540333,1.8934065740820003,0
20260728_151736_obp_v5_rep3,online_bin_packing,version5,7,8,0.025049603174578133,2.0237206887961534,2.063848078171815,0
20260728_151736_obp_v5_rep3,online_bin_packing,version5,8,6,0.012932973459276317,1.7891425046317124,1.7876641080113087,0
20260728_151736_obp_v5_rep3,online_bin_packing,version5,9,9,0.046603340710845584,2.1557677437380924,2.1599795740308183,0
20260728_151736_obp_v5_rep3,online_bin_packing,version5,10,9,0.05086164964208659,2.130934002868963,2.130896905591307,0
20260728_151736_obp_v5_rep3,online_bin_packing,version5,11,10,0.010391363022931586,2.2900566467888805,2.289685367763553,0
20260728_151736_obp_v5_rep3,online_bin_packing,version5,12,7,0.03602963452583912,1.9303342386906315,1.9339013305885815,0
20260728_151736_obp_v5_rep3,online_bin_packing,version5,13,9,0.021691826465366586,2.1739734667804127,2.1753341735935097,0
20260728_151736_obp_v5_rep3,online_bin_packing,version5,14,9,0.02465357343403659,2.1732246799423054,2.1738114797939456,0
20260728_151736_obp_v5_rep3,online_bin_packing,version5,15,9,0.016271339914734503,2.157064974724558,2.1551163956510715,0
20260728_151736_obp_v5_rep3,online_bin_packing,version5,16,7,0.0037593984962368374,1.926381981140084,1.9275683894398694,0
20260728_151736_obp_v5_rep3,online_bin_packing,version5,17,10,0.027286967418519083,2.2787891764184836,2.281123866363357,0
20260728_151736_obp_v5_rep3,online_bin_packing,version5,18,8,0.032068151147066445,2.0654973058731914,2.0602219469547505,0
20260728_151736_obp_v5_rep3,online_bin_packing,version5,19,9,0.008859399210267543,2.1858173849384595,2.187028867554798,0
20260728_151736_obp_v5_rep3,online_bin_packing,version5,20,10,0.015523215523199994,2.27920282760412,2.280623970303708,0
20260728_151736_obp_v5_rep3,online_bin_packing,version5,21,6,0.004504504504499991,1.7847586673042517,1.7836772626247788,0
20260728_151736_obp_v5_rep3,online_bin_packing,version5,22,6,0.017094017093999995,1.7765502225331264,1.7792575959564392,0
20260728_151736_obp_v5_rep3,online_bin_packing,version5,23,7,0.05506703395016245,1.9361184853278182,1.93610844401325,0
20260728_151736_obp_v5_rep3,online_bin_packing,version5,24,4,0.01316701316699999,1.3819412589555284,1.3819412589555284,0
20260728_151736_obp_v5_rep3,online_bin_packing,version5,25,7,0.01717272274761847,1.9280254575073965,1.9280254575073965,0
20260728_151736_obp_v5_rep3,online_bin_packing,version5,26,6,0.03484848484845,1.7554942615742528,1.752509509744271,0
20260728_151736_obp_v5_rep3,online_bin_packing,version5,27,6,0.0088904694167763,1.7847586673042517,1.783676148770916,0
20260728_151736_obp_v5_rep3,online_bin_packing,version5,28,7,0.028705008807675854,1.9346193966062968,1.9347768773687,0
20260728_151736_obp_v5_rep3,online_bin_packing,version5,29,5,0.010256410256400008,1.5997289154634322,1.6036225247922142,0
20260728_151736_obp_v5_rep3,online_bin_packing,version5,30,5,0.02619542619539999,1.5957512876620719,1.5957512876620719,0
20260728_151736_obp_v5_rep3,online_bin_packing,version5,31,5,0.01581196581195001,1.5970425776976769,1.5970425776976769,0
20260728_151736_obp_v5_rep3,online_bin_packing,version5,32,5,0.049896810506516696,1.599961121701585,1.599961121701585,0
20260728_151736_obp_v5_rep3,online_bin_packing,version5,33,5,0.040512820512780004,1.6064780941473915,1.59914177980306,0
20260728_151736_obp_v5_rep3,online_bin_packing,version5,34,6,0.01720647773277632,1.7874581778680034,1.787458177868003,0
20260728_151736_obp_v5_rep3,online_bin_packing,version5,35,7,0.018715838452661827,1.9357660029027801,1.9357660029027803,0
20260728_151736_obp_v5_rep3,online_bin_packing,version5,36,6,0.05130289764430975,1.780402531818432,1.7820073327849575,0
20260728_151736_obp_v5_rep3,online_bin_packing,version5,37,3,0.031746031746,1.092722349871454,1.004783601468039,0
20260728_151736_obp_v5_rep3,online_bin_packing,version5,38,7,0.010829644975975607,1.9188989804585976,1.9199959654542094,0
20260728_151736_obp_v5_rep3,online_bin_packing,version5,39,7,0.01844193817876183,1.9235777432666121,1.9165179018522536,0
20260728_151736_obp_v5_rep3,online_bin_packing,version5,40,6,0.01315789473682893,1.7833793762946393,1.7871668050012215,0
20260728_151736_obp_v5_rep3,online_bin_packing,version5,41,5,0.03989055659783377,1.6032787241443087,1.592058307129483,0
20260728_151736_obp_v5_rep3,online_bin_packing,version5,42,4,0.030487804878018287,1.3801631326701844,1.3753475212659894,0
20260728_151736_obp_v5_rep3,online_bin_packing,version5,43,4,0.019745960535414456,1.3833543501122714,1.3797722464897901,0
20260728_151736_obp_v5_rep3,online_bin_packing,version5,44,6,0.013157894736828948,1.7746084356534504,1.7746743358843635,0
20260728_151736_obp_v5_rep3,online_bin_packing,version5,45,7,0.043345543345500004,1.8866136379607825,1.8307321895011985,0
20260728_151736_obp_v5_rep3,online_bin_packing,version5,46,4,0.006249999999993755,1.374612653264546,1.374612653264546,0
20260728_151736_obp_v5_rep3,online_bin_packing,version5,47,6,0.0288722117990122,1.785918546522483,1.785918546522483,0
20260728_151736_obp_v5_rep3,online_bin_packing,version5,48,2,0.013888888888875005,0.6931471805599453,0.6931471805599453,0
20260728_151736_obp_v5_rep3,online_bin_packing,version5,49,5,0.020647773279331583,1.6075754352849665,1.6075754352849665,0
20260728_151736_obp_v5_rep3,online_bin_packing,version5,50,2,0.0,0.6931471805599453,0.6931471805599453,0
20260728_151736_obp_v5_rep3,online_bin_packing,version5,51,5,0.0,1.5998913049683852,1.5998899165122054,0
20260728_151736_obp_v5_rep3,online_bin_packing,version5,52,10,0.036603464249186965,2.290098071433685,2.2925543168457283,0
20260728_151736_obp_v5_rep3,online_bin_packing,version5,53,4,0.03798076923073122,1.3804933519212281,1.3744723877817004,0
20260728_151736_obp_v5_rep3,online_bin_packing,version5,54,3,0.0,1.0935140928810343,1.0935140928810343,0
20260728_151736_obp_v5_rep3,online_bin_packing,version5,55,4,0.11751403559202554,1.3832148170717615,1.3832118375298834,0
20260728_151736_obp_v5_rep3,online_bin_packing,version5,56,5,0.03873873873869998,1.5659820364291808,1.5938201287057177,0
20260728_151736_obp_v5_rep3,online_bin_packing,version5,57,8,0.031854331788968925,2.0486695375316373,2.0486750928479487,0
20260728_151736_obp_v5_rep3,online_bin_packing,version5,58,6,0.017556017555999986,1.7872656951016148,1.7817686705821203,0
20260728_151736_obp_v5_rep3,online_bin_packing,version5,59,8,0.02252446018891135,2.067701971794308,2.0698670199485085,0
20260728_151736_obp_v5_rep3,online_bin_packing,version5,60,4,0.0065789473684144655,1.38111919643263,1.38111919643263,0
20260728_151736_obp_v5_rep3,online_bin_packing,version5,61,8,0.02456395348834753,2.058011615633316,2.050088860247223,0
20260728_151736_obp_v5_rep3,online_bin_packing,version5,62,4,0.03084634663578946,1.3793305767999102,1.350595002806036,0
20260728_151736_obp_v5_rep3,online_bin_packing,version5,63,7,0.00762040235723683,1.9410361153718398,1.9410361153718398,0
20260728_151736_obp_v5_rep3,online_bin_packing,version5,64,3,0.0,1.0936823626925607,1.097523368300109,0
20260728_151736_obp_v5_rep3,online_bin_packing,version5,65,1,0.0,0.0,0.0,0
20260728_151736_obp_v5_rep3,online_bin_packing,version5,66,6,0.009015594541901312,1.7865557588615428,1.7857687689882844,1
20260728_151736_obp_v5_rep3,online_bin_packing,version5,67,6,0.02711323763952631,1.770925977432777,1.7709637661422555,0
20260728_151736_obp_v5_rep3,online_bin_packing,version5,68,9,0.008550757234959211,2.1907016355558944,2.1862138769237633,0
20260728_151736_obp_v5_rep3,online_bin_packing,version5,69,7,0.01822826296508685,1.9412435550593585,1.9412424763019156,1
20260728_151736_obp_v5_rep3,online_bin_packing,version5,70,6,0.00438596491227631,1.7809010945984254,1.7809010945984256,0
20260728_151736_obp_v5_rep3,online_bin_packing,version5,71,6,0.02394404690913926,1.763756819159221,1.763754252061908,0
20260728_151736_obp_v5_rep3,online_bin_packing,version5,72,9,0.03767247017385053,2.1723260650262293,2.1723025228182453,0
20260728_151736_obp_v5_rep3,online_bin_packing,version5,73,9,0.016772962215820933,2.1761019882389516,2.168782789766027,0
20260728_151736_obp_v5_rep3,online_bin_packing,version5,74,7,0.02956095563273339,1.9186698060802863,1.9187048218182818,0
20260728_151736_obp_v5_rep3,online_bin_packing,version5,75,7,0.0,1.928131422151528,1.928161891419807,0
20260728_151736_obp_v5_rep3,online_bin_packing,version5,76,10,0.037442151344552935,2.28112638692674,2.2821861828648524,0
20260728_151736_obp_v5_rep3,online_bin_packing,version5,77,8,0.02144001831499688,2.0397405572839364,2.0087870787285205,0
20260728_151736_obp_v5_rep3,online_bin_packing,version5,78,4,0.006410256410250005,1.3762100784214888,1.3761827325250025,1
20260728_151736_obp_v5_rep3,online_bin_packing,version5,79,9,0.005701754385959209,2.1498500268748115,2.149754039499342,0
20260728_151736_obp_v5_rep3,online_bin_packing,version5,80,7,0.017541954169843606,1.9309055493551353,1.9309065646294588,0
20260728_151736_obp_v5_rep3,online_bin_packing,version5,81,3,0.0,1.0866304293209974,1.0868044993830615,0
20260728_151736_obp_v5_rep3,online_bin_packing,version5,82,5,0.0,1.5838743318866635,1.5839245899451717,0
20260728_151736_obp_v5_rep3,online_bin_packing,version5,83,7,0.010544217687064294,1.9364414962857646,1.9350007156841942,0
20260728_151736_obp_v5_rep3,online_bin_packing,version5,84,6,0.012398373983727451,1.7769652170376042,1.7769193880035365,0
20260728_151736_obp_v5_rep3,online_bin_packing,version5,85,4,0.0,1.34221236307264,1.342607638900166,0
20260728_151736_obp_v5_rep3,online_bin_packing,version5,86,5,0.0,1.6027068817471926,1.6027980827592754,0
20260728_151736_obp_v5_rep3,online_bin_packing,version5,87,4,0.006249999999993755,1.383307139721741,1.3833189218383075,0
20260728_151736_obp_v5_rep3,online_bin_packing,version5,88,5,0.01417497231449304,1.5700807767527092,1.5700718184363023,1
20260728_151736_obp_v5_rep3,online_bin_packing,version5,89,4,0.0058139534883662886,1.383318655979892,1.3832757399842346,0
20260728_151736_obp_v5_rep3,online_bin_packing,version5,90,6,0.004504504504499991,1.7136691102910402,1.713355024227754,0
20260728_151736_obp_v5_rep3,online_bin_packing,version5,91,8,0.006031976744180022,2.0682119258901555,2.068161760802905,1
20260728_151736_obp_v5_rep3,online_bin_packing,version5,92,7,0.032378732378699995,1.9331242739762415,1.9330815930294722,0
20260728_151736_obp_v5_rep3,online_bin_packing,version5,93,10,0.01111550285462217,2.2777824266821987,2.277695214898032,0
20260728_151736_obp_v5_rep3,online_bin_packing,version5,94,8,0.011561839323455666,2.0763107138331245,2.0763037291317628,0
20260728_151736_obp_v5_rep3,online_bin_packing,version5,95,10,0.020143579000560345,2.27884327553878,2.278823765897135,0
20260728_151736_obp_v5_rep3,online_bin_packing,version5,96,8,0.029406153930581044,2.0323005160177234,2.0322877203544727,0
20260728_151736_obp_v5_rep3,online_bin_packing,version5,97,9,0.00517075517075,2.1541946506154606,2.1595402144476674,0
20260728_151736_obp_v5_rep3,online_bin_packing,version5,98,8,0.008396464646456254,2.041833930315811,2.019251420935923,0
20260728_151736_obp_v5_rep3,online_bin_packing,version5,99,9,0.014926297534978268,2.1494196764122786,2.1493589812068885,0
20260728_151736_obp_v5_rep3,online_bin_packing,version5,100,10,0.027881967601030573,2.2687451953656113,2.2686550512398753,0
v6_20260801_183249_obp_v6_rep1,online_bin_packing,version6,1,8,0.3565659220985837,2.0754870080165517,2.0730585168200792,1
v6_20260801_183249_obp_v6_rep1,online_bin_packing,version6,2,8,0.27958249887405395,2.077524495009504,2.0763452132168787,0
v6_20260801_183249_obp_v6_rep1,online_bin_packing,version6,3,6,0.3085173091973569,1.7796071456033458,1.7815057545636908,0
v6_20260801_183249_obp_v6_rep1,online_bin_packing,version6,4,8,0.28198864306765986,2.0774729925016215,2.078068111051064,0
v6_20260801_183249_obp_v6_rep1,online_bin_packing,version6,5,10,0.12174899785417123,2.292864637388657,2.2917099228755045,0
v6_20260801_183249_obp_v6_rep1,online_bin_packing,version6,6,10,0.140208394154517,2.2818148651737546,2.284482643624411,0
v6_20260801_183249_obp_v6_rep1,online_bin_packing,version6,7,10,0.1082524069140445,2.2804785774298213,2.281779964952886,0
v6_20260801_183249_obp_v6_rep1,online_bin_packing,version6,8,10,0.146392453768224,2.285958962905807,2.2883701807650025,0
v6_20260801_183249_obp_v6_rep1,online_bin_packing,version6,9,10,0.12117900972846973,2.290846403291688,2.290846744820997,0
v6_20260801_183249_obp_v6_rep1,online_bin_packing,version6,10,10,0.05989072139803529,2.2993372047931007,2.29538301042686,0
v6_20260801_183249_obp_v6_rep1,online_bin_packing,version6,11,10,0.0859204187366525,2.2622594394242266,2.2633903649930174,0
v6_20260801_183249_obp_v6_rep1,online_bin_packing,version6,12,10,0.10445398254985332,2.2654824284649964,2.2764314805978967,0
v6_20260801_183249_obp_v6_rep1,online_bin_packing,version6,13,9,0.04385172766071339,2.167931657133542,2.1698050368280635,0
v6_20260801_183249_obp_v6_rep1,online_bin_packing,version6,14,10,0.06761393645107813,2.288847027219609,2.286110960463042,0
v6_20260801_183249_obp_v6_rep1,online_bin_packing,version6,15,8,0.029619823006421304,2.0647315390603875,2.0646295196007456,0
v6_20260801_183249_obp_v6_rep1,online_bin_packing,version6,16,10,0.10882780010676103,2.2931647119523815,2.293212656957529,0
v6_20260801_183249_obp_v6_rep1,online_bin_packing,version6,17,10,0.05881218658439098,2.284722695482185,2.2848226628731676,0
v6_20260801_183249_obp_v6_rep1,online_bin_packing,version6,18,10,0.08523347632130651,2.2995306684353394,2.300094313155427,0
v6_20260801_183249_obp_v6_rep1,online_bin_packing,version6,19,10,0.03924780645706954,2.2842871229600568,2.2842871296876965,0
v6_20260801_183249_obp_v6_rep1,online_bin_packing,version6,20,10,0.13336096526480595,2.2756667009977654,2.273648667728269,0
v6_20260801_183249_obp_v6_rep1,online_bin_packing,version6,21,9,0.08638123417526544,2.1686740102214,2.1664945042052937,0
v6_20260801_183249_obp_v6_rep1,online_bin_packing,version6,22,10,0.05617680741692439,2.2937609651353656,2.29379104413432,1
v6_20260801_183249_obp_v6_rep1,online_bin_packing,version6,23,10,0.06647508043839842,2.290091073377179,2.292104975982763,0
v6_20260801_183249_obp_v6_rep1,online_bin_packing,version6,24,10,0.04809796905912933,2.2825909852020394,2.2825732065460516,0
v6_20260801_183249_obp_v6_rep1,online_bin_packing,version6,25,10,0.07082847455996924,2.285800410623729,2.285839295133548,0
v6_20260801_183249_obp_v6_rep1,online_bin_packing,version6,26,10,0.0702646821513586,2.3003362062038657,2.3003046354381755,0
v6_20260801_183249_obp_v6_rep1,online_bin_packing,version6,27,10,0.10208775773355232,2.282369921712914,2.2815283704044194,0
v6_20260801_183249_obp_v6_rep1,online_bin_packing,version6,28,8,0.09464185260766529,2.0457656526686367,2.0495866161823435,0
v6_20260801_183249_obp_v6_rep1,online_bin_packing,version6,29,10,0.12887337522101389,2.292506652997682,2.292341963128633,0
v6_20260801_183249_obp_v6_rep1,online_bin_packing,version6,30,10,0.11238996319622938,2.288066178416924,2.288069790102983,1
v6_20260801_183249_obp_v6_rep1,online_bin_packing,version6,31,10,0.04448422545192292,2.266808272147983,2.2667726936938317,0
v6_20260801_183249_obp_v6_rep1,online_bin_packing,version6,32,9,0.059868345997178975,2.191782163124183,2.191557239975496,0
v6_20260801_183249_obp_v6_rep1,online_bin_packing,version6,33,10,0.09168722830663191,2.2987337930135667,2.297937098780197,0
v6_20260801_183249_obp_v6_rep1,online_bin_packing,version6,34,10,0.08323763058638455,2.2861744383561664,2.2861623017994273,0
v6_20260801_183249_obp_v6_rep1,online_bin_packing,version6,35,10,0.14236127439172733,2.2998880466331193,2.299910283599485,0
v6_20260801_183249_obp_v6_rep1,online_bin_packing,version6,36,10,0.13822040359621202,2.282300485313187,2.2823416242753125,1
v6_20260801_183249_obp_v6_rep1,online_bin_packing,version6,37,10,0.1938724115719762,2.292988024501725,2.2931220719709184,0
v6_20260801_183249_obp_v6_rep1,online_bin_packing,version6,38,10,0.14070727395222157,2.2878612592788454,2.2877692955211364,0
v6_20260801_183249_obp_v6_rep1,online_bin_packing,version6,39,10,0.14104580430988842,2.295920168785628,2.292224693771357,0
v6_20260801_183249_obp_v6_rep1,online_bin_packing,version6,40,10,0.09313982792710554,2.2985736855104983,2.298572660451317,0
v6_20260801_183249_obp_v6_rep1,online_bin_packing,version6,41,10,0.05366897397605643,2.299675169133278,2.2996502680151956,0
v6_20260801_183249_obp_v6_rep1,online_bin_packing,version6,42,10,0.07341791091661064,2.2897955415044975,2.2897751186058963,1
v6_20260801_183249_obp_v6_rep1,online_bin_packing,version6,43,10,0.06825338233904836,2.261927518225667,2.26259206890722,0
v6_20260801_183249_obp_v6_rep1,online_bin_packing,version6,44,10,0.05653995207858124,2.2989413863231944,2.2989093695904588,0
v6_20260801_183249_obp_v6_rep1,online_bin_packing,version6,45,10,0.04148992473475389,2.292747695817454,2.2926299541344353,0
v6_20260801_183249_obp_v6_rep1,online_bin_packing,version6,46,10,0.06097782272006598,2.3002259724678167,2.2944234390138916,0
v6_20260801_183249_obp_v6_rep1,online_bin_packing,version6,47,10,0.06710757353554647,2.2863730718313735,2.2829780520512517,0
v6_20260801_183249_obp_v6_rep1,online_bin_packing,version6,48,10,0.06788034572866815,2.2794219609327184,2.2744828183215713,0
v6_20260801_183249_obp_v6_rep1,online_bin_packing,version6,49,9,0.07548436503221567,2.1692089171277447,2.1691601385683477,0
v6_20260801_183249_obp_v6_rep1,online_bin_packing,version6,50,10,0.06097380617264251,2.2748057588161723,2.275284621386618,0
v6_20260801_183249_obp_v6_rep1,online_bin_packing,version6,51,10,0.06238234111065466,2.2963293989264826,2.294957297120821,0
v6_20260801_183249_obp_v6_rep1,online_bin_packing,version6,52,10,0.059282256430040314,2.2776888746850683,2.278566129743979,0
v6_20260801_183249_obp_v6_rep1,online_bin_packing,version6,53,9,0.0736781367541527,2.1930467586670948,2.1929096938222754,0
v6_20260801_183249_obp_v6_rep1,online_bin_packing,version6,54,10,0.08135410305748549,2.2904367583244927,2.2903796267851333,0
v6_20260801_183249_obp_v6_rep1,online_bin_packing,version6,55,10,0.06654969508784059,2.2883152844102645,2.2884875132843057,0
v6_20260801_183249_obp_v6_rep1,online_bin_packing,version6,56,10,0.05209760520742274,2.288308193101278,2.287154964490471,1
v6_20260801_183249_obp_v6_rep1,online_bin_packing,version6,57,10,0.05018071919844054,2.287429567522921,2.2874374133613777,0
v6_20260801_183249_obp_v6_rep1,online_bin_packing,version6,58,10,0.04930352609589962,2.2777325073833494,2.2777001175526466,0
v6_20260801_183249_obp_v6_rep1,online_bin_packing,version6,59,9,0.08599495440187711,2.1842461812192764,2.1842581484787758,0
v6_20260801_183249_obp_v6_rep1,online_bin_packing,version6,60,10,0.043015877372853964,2.2901413359841194,2.290138233188599,0
v6_20260801_183249_obp_v6_rep1,online_bin_packing,version6,61,10,0.044241378065418356,2.289639638067126,2.289664612410801,0
v6_20260801_183249_obp_v6_rep1,online_bin_packing,version6,62,10,0.08132102285748985,2.3012965191069505,2.3013589526721514,0
v6_20260801_183249_obp_v6_rep1,online_bin_packing,version6,63,10,0.07868228058782997,2.294261308058274,2.294257503807205,0
v6_20260801_183249_obp_v6_rep1,online_bin_packing,version6,64,9,0.07071709474231838,2.175667203983117,2.1755929317520653,0
v6_20260801_183249_obp_v6_rep1,online_bin_packing,version6,65,9,0.06532786133133683,2.1635877829793553,2.14768794086123,0
v6_20260801_183249_obp_v6_rep1,online_bin_packing,version6,66,10,0.06665781959548278,2.286036126310242,2.2859794194349528,1
v6_20260801_183249_obp_v6_rep1,online_bin_packing,version6,67,10,0.08607517327625588,2.2944704389594666,2.2944594199492587,0
v6_20260801_183249_obp_v6_rep1,online_bin_packing,version6,68,10,0.0761044208615267,2.3006366432562473,2.300630090075623,0
v6_20260801_183249_obp_v6_rep1,online_bin_packing,version6,69,10,0.07797869290409651,2.3002243207094777,2.30016412445968,0
v6_20260801_183249_obp_v6_rep1,online_bin_packing,version6,70,10,0.07538028849950087,2.297533267467436,2.2975459891595906,0
v6_20260801_183249_obp_v6_rep1,online_bin_packing,version6,71,10,0.06551303680371372,2.268493096500372,2.2682920211000654,0
v6_20260801_183249_obp_v6_rep1,online_bin_packing,version6,72,8,0.058358723718608334,2.0604695395059327,2.060423178707973,0
v6_20260801_183249_obp_v6_rep1,online_bin_packing,version6,73,10,0.07438714189986242,2.287512465452909,2.2871861649467125,0
v6_20260801_183249_obp_v6_rep1,online_bin_packing,version6,74,9,0.05520967471275794,2.1876306610198615,2.1880097716259392,0
v6_20260801_183249_obp_v6_rep1,online_bin_packing,version6,75,10,0.06797906152381236,2.295454187522262,2.2953493111430356,0
v6_20260801_183249_obp_v6_rep1,online_bin_packing,version6,76,10,0.07645134523591215,2.277557237336865,2.2774660626752907,0
v6_20260801_183249_obp_v6_rep1,online_bin_packing,version6,77,9,0.06933427632680506,2.196193436897791,2.1961270165686884,0
v6_20260801_183249_obp_v6_rep1,online_bin_packing,version6,78,10,0.05680168944682271,2.3000847455489226,2.3000950832216485,0
v6_20260801_183249_obp_v6_rep1,online_bin_packing,version6,79,10,0.0765131130245002,2.300140027823394,2.3002055817600118,0
v6_20260801_183249_obp_v6_rep1,online_bin_packing,version6,80,10,0.05788218047359618,2.30083074029602,2.2989550357194872,0
v6_20260801_183249_obp_v6_rep1,online_bin_packing,version6,81,10,0.09858628788053692,2.2895904220118672,2.292945769011881,0
v6_20260801_183249_obp_v6_rep1,online_bin_packing,version6,82,10,0.09142488742408315,2.2919897191261196,2.2919195579110005,0
v6_20260801_183249_obp_v6_rep1,online_bin_packing,version6,83,10,0.10179593393784576,2.3000743040702774,2.3000302984743946,0
v6_20260801_183249_obp_v6_rep1,online_bin_packing,version6,84,10,0.06678827124379652,2.2990580168156036,2.299012778238459,0
v6_20260801_183249_obp_v6_rep1,online_bin_packing,version6,85,10,0.12302514099871657,2.297148316446213,2.297140701156693,0
v6_20260801_183249_obp_v6_rep1,online_bin_packing,version6,86,10,0.0868830439607345,2.291936432358022,2.2905359098112505,0
v6_20260801_183249_obp_v6_rep1,online_bin_packing,version6,87,10,0.06868207903987221,2.2980713568309383,2.2980538747829446,0
v6_20260801_183249_obp_v6_rep1,online_bin_packing,version6,88,10,0.08025310286764933,2.299621461279754,2.299650958951112,0
v6_20260801_183249_obp_v6_rep1,online_bin_packing,version6,89,10,0.0873041667014523,2.2972623109090557,2.297244978044592,0
v6_20260801_183249_obp_v6_rep1,online_bin_packing,version6,90,10,0.07758568036228056,2.296211113483526,2.2962693937721266,0
v6_20260801_183249_obp_v6_rep1,online_bin_packing,version6,91,10,0.058028188303797835,2.296717119281013,2.296701828877763,0
v6_20260801_183249_obp_v6_rep1,online_bin_packing,version6,92,10,0.06432366223747496,2.295070703833589,2.2951155603977473,0
v6_20260801_183249_obp_v6_rep1,online_bin_packing,version6,93,10,0.05939947205913446,2.29144141695431,2.2912880685628583,0
v6_20260801_183249_obp_v6_rep1,online_bin_packing,version6,94,9,0.12154067589221101,2.1891798143685604,2.190191940620069,0
v6_20260801_183249_obp_v6_rep1,online_bin_packing,version6,95,10,0.08306823188931685,2.3001298086219926,2.3000839302065015,0
v6_20260801_183249_obp_v6_rep1,online_bin_packing,version6,96,10,0.16721886416549597,2.2898646997652423,2.289847350684991,0
v6_20260801_183249_obp_v6_rep1,online_bin_packing,version6,97,10,0.11588773266239452,2.291185963530112,2.2910572389383175,0
v6_20260801_183249_obp_v6_rep1,online_bin_packing,version6,98,10,0.06729516119424883,2.296973329429855,2.296526317201475,0
v6_20260801_183249_obp_v6_rep1,online_bin_packing,version6,99,10,0.07194475107384846,2.297393824504674,2.2973789368209205,0
v6_20260801_183249_obp_v6_rep1,online_bin_packing,version6,100,10,0.07858796171137108,2.2766648252849704,2.2765627418675027,0
v6_20260801_183249_obp_v6_rep2,online_bin_packing,version6,1,10,0.2527429357502188,2.291113278948414,2.2916071439717065,0
v6_20260801_183249_obp_v6_rep2,online_bin_packing,version6,2,10,0.1707033565337506,2.2938280410802676,2.2954719960511687,0
v6_20260801_183249_obp_v6_rep2,online_bin_packing,version6,3,5,0.24359616170729828,1.6089913332027785,1.609037609710148,0
v6_20260801_183249_obp_v6_rep2,online_bin_packing,version6,4,10,0.15416994214545723,2.2920942920359066,2.282249926231421,0
v6_20260801_183249_obp_v6_rep2,online_bin_packing,version6,5,10,0.07436837778921312,2.2786678654233796,2.2815429439466977,0
v6_20260801_183249_obp_v6_rep2,online_bin_packing,version6,6,10,0.08327105084449699,2.2808742025863387,2.289333787731968,0
v6_20260801_183249_obp_v6_rep2,online_bin_packing,version6,7,10,0.07200085119529195,2.2739338446383908,2.282480228976909,0
v6_20260801_183249_obp_v6_rep2,online_bin_packing,version6,8,10,0.05788252112949641,2.276326585101977,2.2784270496314267,0
v6_20260801_183249_obp_v6_rep2,online_bin_packing,version6,9,10,0.03252491694348906,2.2482680356391804,2.2482680356391804,0
v6_20260801_183249_obp_v6_rep2,online_bin_packing,version6,10,10,0.016741775902281007,2.2487493100018354,2.2553638947208197,0
v6_20260801_183249_obp_v6_rep2,online_bin_packing,version6,11,9,0.0156970400872683,2.1624842331117184,2.1624842331117184,0
v6_20260801_183249_obp_v6_rep2,online_bin_packing,version6,12,10,0.031852091942814485,2.2405151431847985,2.243603339795401,0
v6_20260801_183249_obp_v6_rep2,online_bin_packing,version6,13,10,0.023073880715053657,2.2374453810731376,2.237445381073137,0
v6_20260801_183249_obp_v6_rep2,online_bin_packing,version6,14,10,0.02762770521843199,2.2680443427927885,2.2686874786121223,0
v6_20260801_183249_obp_v6_rep2,online_bin_packing,version6,15,10,0.01824658545586954,2.2537588741185672,2.2489369316679193,0
v6_20260801_183249_obp_v6_rep2,online_bin_packing,version6,16,10,0.026745603964668064,2.263924119398121,2.276077769021578,0
v6_20260801_183249_obp_v6_rep2,online_bin_packing,version6,17,10,0.03614067504307793,2.269929546392526,2.2834331691584,0
v6_20260801_183249_obp_v6_rep2,online_bin_packing,version6,18,10,0.05604527321382798,2.259684673574224,2.258863257260632,0
v6_20260801_183249_obp_v6_rep2,online_bin_packing,version6,19,10,0.03848864379675101,2.283949791342122,2.2878491742945823,0
v6_20260801_183249_obp_v6_rep2,online_bin_packing,version6,20,10,0.015888383327700102,2.255664803503621,2.2578853742714866,0
v6_20260801_183249_obp_v6_rep2,online_bin_packing,version6,21,10,0.051302660753828964,2.243204770406551,2.2154498403814062,0
v6_20260801_183249_obp_v6_rep2,online_bin_packing,version6,22,10,0.06281858360511447,2.267274112915636,2.2749793616313165,0
v6_20260801_183249_obp_v6_rep2,online_bin_packing,version6,23,10,0.021839723359027348,2.2530677008968545,2.2541892201274276,0
v6_20260801_183249_obp_v6_rep2,online_bin_packing,version6,24,10,0.059225571176731474,2.2387496401555085,2.2117870566658793,0
v6_20260801_183249_obp_v6_rep2,online_bin_packing,version6,25,10,0.015762273901793022,2.259840921571457,2.2616633230739476,0
v6_20260801_183249_obp_v6_rep2,online_bin_packing,version6,26,10,0.027055680624668843,2.267041287163716,2.273216273789092,0
v6_20260801_183249_obp_v6_rep2,online_bin_packing,version6,27,10,0.025233933206114445,2.2794387381277015,2.284863995711094,0
v6_20260801_183249_obp_v6_rep2,online_bin_packing,version6,28,10,0.06336297572195786,2.2811958323713095,2.2824605097358535,0
v6_20260801_183249_obp_v6_rep2,online_bin_packing,version6,29,10,0.029653756164861194,2.2599054258450733,2.26813215533787,0
v6_20260801_183249_obp_v6_rep2,online_bin_packing,version6,30,10,0.01174873276970799,2.250957720205329,2.2588990531533133,0
v6_20260801_183249_obp_v6_rep2,online_bin_packing,version6,31,10,0.055317997605176326,2.2830951277958684,2.282797348370668,0
v6_20260801_183249_obp_v6_rep2,online_bin_packing,version6,32,10,0.006976744186039547,2.264572209100801,2.2699349208802544,0
v6_20260801_183249_obp_v6_rep2,online_bin_packing,version6,33,10,0.015909090909074997,2.261384338982473,2.2556638698446596,0
v6_20260801_183249_obp_v6_rep2,online_bin_packing,version6,34,10,0.02075760536770772,2.2400263487468375,2.258854183271,0
v6_20260801_183249_obp_v6_rep2,online_bin_packing,version6,35,10,0.013308589607621903,2.2386963130425612,2.2386963130425612,0
v6_20260801_183249_obp_v6_rep2,online_bin_packing,version6,36,10,0.0408623987613154,2.2449733617577428,2.2385073563074283,0
v6_20260801_183249_obp_v6_rep2,online_bin_packing,version6,37,10,0.02714285714283,2.2346206511958435,2.1982798217308437,0
v6_20260801_183249_obp_v6_rep2,online_bin_packing,version6,38,10,0.004598308668071513,2.2381797219653623,2.240096456551333,0
v6_20260801_183249_obp_v6_rep2,online_bin_packing,version6,39,10,0.02461163709897346,2.2449063919556496,2.2457847214511,0
v6_20260801_183249_obp_v6_rep2,online_bin_packing,version6,40,10,0.02012505060499088,2.253372958286466,2.2639295299414246,0
v6_20260801_183249_obp_v6_rep2,online_bin_packing,version6,41,9,0.015167939558168288,2.1498085367480186,2.1498085367480186,0
v6_20260801_183249_obp_v6_rep2,online_bin_packing,version6,42,10,0.009095607235133014,2.2442486632518057,2.253035032501815,0
v6_20260801_183249_obp_v6_rep2,online_bin_packing,version6,43,9,0.012669657234861955,2.1607933808861626,2.154765346275916,0
v6_20260801_183249_obp_v6_rep2,online_bin_packing,version6,44,10,0.02664000071885317,2.25365576333075,2.2564623018680576,0
v6_20260801_183249_obp_v6_rep2,online_bin_packing,version6,45,10,0.015465678013690864,2.261394350758923,2.2613943507589225,0
v6_20260801_183249_obp_v6_rep2,online_bin_packing,version6,46,10,0.032217643928575165,2.246183337626908,2.251043416434713,0
v6_20260801_183249_obp_v6_rep2,online_bin_packing,version6,47,10,0.009150657229515621,2.2413347401670167,2.2182801627950646,0
v6_20260801_183249_obp_v6_rep2,online_bin_packing,version6,48,10,0.018730862633282927,2.2819700368610034,2.2834665192076735,0
v6_20260801_183249_obp_v6_rep2,online_bin_packing,version6,49,10,0.02305986696228294,2.2519217655958554,2.2321537609343536,0
v6_20260801_183249_obp_v6_rep2,online_bin_packing,version6,50,10,0.0023255813953465152,2.2478082169671225,2.2336671313050602,0
v6_20260801_183249_obp_v6_rep2,online_bin_packing,version6,51,9,0.007874984619162799,2.1652897576875048,2.165289757687505,0
v6_20260801_183249_obp_v6_rep2,online_bin_packing,version6,52,9,0.042055169343921915,2.141379122934398,2.1370809678458276,0
v6_20260801_183249_obp_v6_rep2,online_bin_packing,version6,53,10,0.009357696566989537,2.2797007438022114,2.275833935687366,0
v6_20260801_183249_obp_v6_rep2,online_bin_packing,version6,54,10,0.03367690692713838,2.2580220215826015,2.2597431327754363,0
v6_20260801_183249_obp_v6_rep2,online_bin_packing,version6,55,10,0.04932609899364321,2.2650482150578886,2.2670389280605328,0
v6_20260801_183249_obp_v6_rep2,online_bin_packing,version6,56,10,0.04109336905086082,2.2838372881935505,2.276838752462452,0
v6_20260801_183249_obp_v6_rep2,online_bin_packing,version6,57,10,0.02338132152083303,2.278002538496306,2.278002538496306,0
v6_20260801_183249_obp_v6_rep2,online_bin_packing,version6,58,10,0.00476460578558798,2.2670523670444265,2.2670522115588962,0
v6_20260801_183249_obp_v6_rep2,online_bin_packing,version6,59,10,0.028045621108553916,2.2792204376365226,2.2795057775350136,0
v6_20260801_183249_obp_v6_rep2,online_bin_packing,version6,60,9,0.012575366063725588,2.1528265548225423,2.1528265548225427,0
v6_20260801_183249_obp_v6_rep2,online_bin_packing,version6,61,10,0.02002495860822867,2.2469333799913938,2.249563301498634,0
v6_20260801_183249_obp_v6_rep2,online_bin_packing,version6,62,9,0.00973770122705319,2.1506241466535148,2.1526316541476067,0
v6_20260801_183249_obp_v6_rep2,online_bin_packing,version6,63,10,0.03322902942464837,2.2726199194685464,2.267305412952925,0
v6_20260801_183249_obp_v6_rep2,online_bin_packing,version6,64,10,0.03851526240298931,2.2778087322207936,2.280044886560728,0
v6_20260801_183249_obp_v6_rep2,online_bin_packing,version6,65,10,0.007051961823959016,2.2586626343258858,2.2586626343258853,0
v6_20260801_183249_obp_v6_rep2,online_bin_packing,version6,66,10,0.004761904761900005,2.291401362842362,2.2904893388719874,0
v6_20260801_183249_obp_v6_rep2,online_bin_packing,version6,67,10,0.013802308802295013,2.269365537325906,2.2700257268129733,0
v6_20260801_183249_obp_v6_rep2,online_bin_packing,version6,68,10,0.011907462928437987,2.288257581618472,2.2859063541645557,0
v6_20260801_183249_obp_v6_rep2,online_bin_packing,version6,69,10,0.03552416383466198,2.2605604284153,2.26028270203554,0
v6_20260801_183249_obp_v6_rep2,online_bin_packing,version6,70,10,0.02041360448335151,2.282962898793818,2.282962898793818,0
v6_20260801_183249_obp_v6_rep2,online_bin_packing,version6,71,10,0.04074431040911235,2.2678241522969755,2.2687635342609322,0
v6_20260801_183249_obp_v6_rep2,online_bin_packing,version6,72,10,0.02466464442195039,2.278286265102279,2.2724229265927867,0
v6_20260801_183249_obp_v6_rep2,online_bin_packing,version6,73,10,0.04582034591105448,2.255561231085432,2.2555434212586922,0
v6_20260801_183249_obp_v6_rep2,online_bin_packing,version6,74,10,0.015689541988571906,2.2565104441876778,2.2582104072848326,0
v6_20260801_183249_obp_v6_rep2,online_bin_packing,version6,75,10,0.011469344608868025,2.267000794114114,2.266434937794386,0
v6_20260801_183249_obp_v6_rep2,online_bin_packing,version6,76,10,0.016082435242941,2.2531324814383313,2.253132481438331,0
v6_20260801_183249_obp_v6_rep2,online_bin_packing,version6,77,10,0.028349944628986046,2.2796364389866794,2.2815676459428005,0
v6_20260801_183249_obp_v6_rep2,online_bin_packing,version6,78,10,0.009196617336143015,2.26965581887379,2.26965581887379,0
v6_20260801_183249_obp_v6_rep2,online_bin_packing,version6,79,9,0.013042943275488376,2.1777796468263957,2.1777796468263957,0
v6_20260801_183249_obp_v6_rep2,online_bin_packing,version6,80,10,0.014066747206268026,2.27978880607576,2.2810235011473226,0
v6_20260801_183249_obp_v6_rep2,online_bin_packing,version6,81,10,0.009357696566989537,2.2761605539930767,2.283763818697003,0
v6_20260801_183249_obp_v6_rep2,online_bin_packing,version6,82,9,0.034849955959360725,2.183365606385367,2.1845476007484432,0
v6_20260801_183249_obp_v6_rep2,online_bin_packing,version6,83,9,0.039883893423033626,2.1546106005520933,2.1546106005520933,0
v6_20260801_183249_obp_v6_rep2,online_bin_packing,version6,84,8,0.006024970963989335,2.0481582915591043,2.0530820037635635,0
v6_20260801_183249_obp_v6_rep2,online_bin_packing,version6,85,7,0.01004587881663289,1.919805247656102,1.899504710629245,0
v6_20260801_183249_obp_v6_rep2,online_bin_packing,version6,86,10,0.01873124937076553,2.2747494425506005,2.2747497414479554,0
v6_20260801_183249_obp_v6_rep2,online_bin_packing,version6,87,9,0.015576789967018306,2.169325250570451,2.169325250570451,0
v6_20260801_183249_obp_v6_rep2,online_bin_packing,version6,88,9,0.00516795865632559,2.188715810700746,2.1887158107007463,0
v6_20260801_183249_obp_v6_rep2,online_bin_packing,version6,89,5,0.004761904761900005,1.6055992917067146,1.5973387105587546,0
v6_20260801_183249_obp_v6_rep2,online_bin_packing,version6,90,7,0.023009203681449573,1.8976801027969183,1.9037545484328002,0
v6_20260801_183249_obp_v6_rep2,online_bin_packing,version6,91,5,0.01860465116277208,1.6016534960747397,1.6057370082430706,0
v6_20260801_183249_obp_v6_rep2,online_bin_packing,version6,92,6,0.01965669988923838,1.774003075427106,1.774012138135329,0
v6_20260801_183249_obp_v6_rep2,online_bin_packing,version6,93,8,0.02266433747409743,2.0484928140500887,2.049275135083396,0
v6_20260801_183249_obp_v6_rep2,online_bin_packing,version6,94,7,0.018598928933256847,1.8926004409208461,1.8926004409208461,0
v6_20260801_183249_obp_v6_rep2,online_bin_packing,version6,95,5,0.02748414376318604,1.5884737882701985,1.5884737882701985,0
v6_20260801_183249_obp_v6_rep2,online_bin_packing,version6,96,6,0.011816978634890807,1.7615424328355682,1.7615424328355689,0
v6_20260801_183249_obp_v6_rep2,online_bin_packing,version6,97,7,0.017010661326339983,1.9319142261364866,1.9319057929080548,0
v6_20260801_183249_obp_v6_rep2,online_bin_packing,version6,98,7,0.006723619680423597,1.9354448829334245,1.9354342345184186,0
v6_20260801_183249_obp_v6_rep2,online_bin_packing,version6,99,8,0.017382084969276908,2.045614008969787,2.045953763189,0
v6_20260801_183249_obp_v6_rep2,online_bin_packing,version6,100,7,0.0167014467314114,1.9262467616190482,1.9262668814171078,1
v6_20260801_183249_obp_v6_rep3,online_bin_packing,version6,1,10,0.3179531590991661,2.296458906070884,2.2972255767379606,1
v6_20260801_183249_obp_v6_rep3,online_bin_packing,version6,2,8,0.2388469864985765,2.0743355318218697,2.074323104858863,0
v6_20260801_183249_obp_v6_rep3,online_bin_packing,version6,3,8,0.2832571468479196,2.0718835752965425,2.072065304326366,0
v6_20260801_183249_obp_v6_rep3,online_bin_packing,version6,4,9,0.06982473487601291,2.1867970736423956,2.1782397230868957,0
v6_20260801_183249_obp_v6_rep3,online_bin_packing,version6,5,10,0.10264008173881249,2.2785424627725512,2.281916737740204,0
v6_20260801_183249_obp_v6_rep3,online_bin_packing,version6,6,10,0.10491699157687065,2.2772581075934357,2.272444576214921,0
v6_20260801_183249_obp_v6_rep3,online_bin_packing,version6,7,10,0.12797873752950603,2.287098534083345,2.2853154598001497,0
v6_20260801_183249_obp_v6_rep3,online_bin_packing,version6,8,10,0.05853269964945753,2.293904204442497,2.295077478576209,0
v6_20260801_183249_obp_v6_rep3,online_bin_packing,version6,9,10,0.0534918860209023,2.2975961905183255,2.294493666725812,0
v6_20260801_183249_obp_v6_rep3,online_bin_packing,version6,10,10,0.10450680191523398,2.291674891694349,2.283878773507198,0
v6_20260801_183249_obp_v6_rep3,online_bin_packing,version6,11,10,0.042591964772773244,2.2825474803922448,2.291587951310963,0
v6_20260801_183249_obp_v6_rep3,online_bin_packing,version6,12,10,0.04573813295776687,2.279935376093452,2.2822830216058043,0
v6_20260801_183249_obp_v6_rep3,online_bin_packing,version6,13,10,0.04775040144684309,2.29067430444905,2.2886815389882007,0
v6_20260801_183249_obp_v6_rep3,online_bin_packing,version6,14,10,0.04197932469751122,2.2732228803213994,2.2763734452998943,0
v6_20260801_183249_obp_v6_rep3,online_bin_packing,version6,15,10,0.04664261754500994,2.279412665459458,2.2847535417702076,0
v6_20260801_183249_obp_v6_rep3,online_bin_packing,version6,16,10,0.053944637403885796,2.290868727967875,2.294079505618224,0
v6_20260801_183249_obp_v6_rep3,online_bin_packing,version6,17,10,0.055425886530857046,2.280474279525209,2.283760122088772,0
v6_20260801_183249_obp_v6_rep3,online_bin_packing,version6,18,10,0.03242457436515701,2.2789368425438083,2.2855566475944373,0
v6_20260801_183249_obp_v6_rep3,online_bin_packing,version6,19,10,0.08687679502346532,2.294784500657368,2.2935795783344632,0
v6_20260801_183249_obp_v6_rep3,online_bin_packing,version6,20,10,0.06832369181199557,2.290078001369313,2.2882254269669144,0
v6_20260801_183249_obp_v6_rep3,online_bin_packing,version6,21,10,0.1112281047683662,2.2872446986664743,2.2872039701470017,0
v6_20260801_183249_obp_v6_rep3,online_bin_packing,version6,22,10,0.045616349365594736,2.2856812023688198,2.275338369485546,0
v6_20260801_183249_obp_v6_rep3,online_bin_packing,version6,23,10,0.06966708324600247,2.2933633227195624,2.2882648622621597,0
v6_20260801_183249_obp_v6_rep3,online_bin_packing,version6,24,10,0.0237795639319792,2.2882686827708274,2.2877723894305833,0
v6_20260801_183249_obp_v6_rep3,online_bin_packing,version6,25,10,0.0651663207315692,2.2657954935395495,2.2663434407361853,0
v6_20260801_183249_obp_v6_rep3,online_bin_packing,version6,26,10,0.027415894915867517,2.2710034883839745,2.276624742986176,0
v6_20260801_183249_obp_v6_rep3,online_bin_packing,version6,27,10,0.019642857142837495,2.2916692298816677,2.2917485634414785,1
v6_20260801_183249_obp_v6_rep3,online_bin_packing,version6,28,10,0.05538734133580372,2.272986062292537,2.269998964371126,0
v6_20260801_183249_obp_v6_rep3,online_bin_packing,version6,29,10,0.03954737450007424,2.2815936475959577,2.282335494543088,1
v6_20260801_183249_obp_v6_rep3,online_bin_packing,version6,30,10,0.021010452961651466,2.2977782873949524,2.297719101724537,1
v6_20260801_183249_obp_v6_rep3,online_bin_packing,version6,31,10,0.029191368311169454,2.2839576303667504,2.2852777168630416,1
v6_20260801_183249_obp_v6_rep3,online_bin_packing,version6,32,9,0.03155082201490578,2.1610312619590695,2.161007498418287,1
v6_20260801_183249_obp_v6_rep3,online_bin_packing,version6,33,9,0.047859105992427646,2.188086510556197,2.1875097541979294,0
v6_20260801_183249_obp_v6_rep3,online_bin_packing,version6,34,9,0.06896181045110318,2.1900195947994354,2.1871301754625123,0
v6_20260801_183249_obp_v6_rep3,online_bin_packing,version6,35,10,0.07929653754859405,2.2872414333672877,2.290216058686196,1
v6_20260801_183249_obp_v6_rep3,online_bin_packing,version6,36,10,0.03692675887794148,2.299893955862982,2.297815143488594,0
v6_20260801_183249_obp_v6_rep3,online_bin_packing,version6,37,10,0.09827884906394653,2.2895126085602415,2.289504068082274,0
v6_20260801_183249_obp_v6_rep3,online_bin_packing,version6,38,10,0.14474437912890997,2.288018097561169,2.2885659563902294,0
v6_20260801_183249_obp_v6_rep3,online_bin_packing,version6,39,8,0.052205656154944644,2.072704248064034,2.0727028620816585,0
v6_20260801_183249_obp_v6_rep3,online_bin_packing,version6,40,9,0.03944499483091346,2.1882754806409723,2.1869764246487824,1
v6_20260801_183249_obp_v6_rep3,online_bin_packing,version6,41,10,0.053111326555079844,2.285630977615025,2.2815683008849996,0
v6_20260801_183249_obp_v6_rep3,online_bin_packing,version6,42,10,0.054773424095005865,2.294544966092693,2.2945908388754006,0
v6_20260801_183249_obp_v6_rep3,online_bin_packing,version6,43,10,0.0763727263988123,2.2672178404630046,2.267053921699196,0
v6_20260801_183249_obp_v6_rep3,online_bin_packing,version6,44,10,0.05716112053555875,2.2799576699302246,2.2706344251111026,0
v6_20260801_183249_obp_v6_rep3,online_bin_packing,version6,45,8,0.02412725244834401,2.067597501254327,2.0668390260107445,0
v6_20260801_183249_obp_v6_rep3,online_bin_packing,version6,46,9,0.07818900836401706,2.1850120742641805,2.184622863319871,0
v6_20260801_183249_obp_v6_rep3,online_bin_packing,version6,47,10,0.03263302220109588,2.2970220988802694,2.2939510798326608,0
v6_20260801_183249_obp_v6_rep3,online_bin_packing,version6,48,10,0.11299409181395521,2.2904433572519403,2.290496296498036,0
v6_20260801_183249_obp_v6_rep3,online_bin_packing,version6,49,10,0.03653138775064589,2.2829234693534257,2.2817716433705675,0
v6_20260801_183249_obp_v6_rep3,online_bin_packing,version6,50,9,0.05920642835393402,2.179306953460892,2.1759034972365847,0
v6_20260801_183249_obp_v6_rep3,online_bin_packing,version6,51,9,0.0351078740674663,2.1799467855315893,2.1799139987420313,0
v6_20260801_183249_obp_v6_rep3,online_bin_packing,version6,52,10,0.05534186227677027,2.2897477069263177,2.2896856373559884,1
v6_20260801_183249_obp_v6_rep3,online_bin_packing,version6,53,10,0.05386467386798417,2.2827714149357776,2.282779720747684,0
v6_20260801_183249_obp_v6_rep3,online_bin_packing,version6,54,10,0.06476438829725875,2.293525293524571,2.293415474665468,0
v6_20260801_183249_obp_v6_rep3,online_bin_packing,version6,55,10,0.047873794391983596,2.2960681619687238,2.295948448828998,0
v6_20260801_183249_obp_v6_rep3,online_bin_packing,version6,56,10,0.047653864968696565,2.2844965935706343,2.2846776868322567,0
v6_20260801_183249_obp_v6_rep3,online_bin_packing,version6,57,10,0.05542248445684923,2.298125380455406,2.29812984114152,1
v6_20260801_183249_obp_v6_rep3,online_bin_packing,version6,58,10,0.026857484032822777,2.2957685825922662,2.29573975786673,0
v6_20260801_183249_obp_v6_rep3,online_bin_packing,version6,59,9,0.05712826935059964,2.188844133630599,2.1885237255582775,1
v6_20260801_183249_obp_v6_rep3,online_bin_packing,version6,60,10,0.05103560860200275,2.2997736505027646,2.2974207016375234,0
v6_20260801_183249_obp_v6_rep3,online_bin_packing,version6,61,10,0.03360452876799535,2.2829666982327828,2.274824357254104,0
v6_20260801_183249_obp_v6_rep3,online_bin_packing,version6,62,9,0.02879054906767595,2.1759813781403814,2.1687083610088953,0
v6_20260801_183249_obp_v6_rep3,online_bin_packing,version6,63,8,0.07224667489366146,2.071990474561021,2.071606537621493,1
v6_20260801_183249_obp_v6_rep3,online_bin_packing,version6,64,10,0.07879170284458108,2.2963053185631557,2.2961522786461095,0
v6_20260801_183249_obp_v6_rep3,online_bin_packing,version6,65,9,0.039414799736280225,2.1859455849077847,2.1859073802556734,0
v6_20260801_183249_obp_v6_rep3,online_bin_packing,version6,66,10,0.0846617807327282,2.2998498188965963,2.2984130104904668,0
v6_20260801_183249_obp_v6_rep3,online_bin_packing,version6,67,10,0.08552417316861019,2.299505839287249,2.300149456019441,0
v6_20260801_183249_obp_v6_rep3,online_bin_packing,version6,68,10,0.052590107059636,2.2938496616515245,2.2924732889365504,0
v6_20260801_183249_obp_v6_rep3,online_bin_packing,version6,69,10,0.05954164442661197,2.2964571485684084,2.2963704819905524,0
v6_20260801_183249_obp_v6_rep3,online_bin_packing,version6,70,10,0.09387339780949548,2.2870347548723995,2.284349835896129,0
v6_20260801_183249_obp_v6_rep3,online_bin_packing,version6,71,10,0.060762919315620556,2.295701751940838,2.295871186338207,1
v6_20260801_183249_obp_v6_rep3,online_bin_packing,version6,72,10,0.028879544824663345,2.297796262526559,2.297076302070063,0
v6_20260801_183249_obp_v6_rep3,online_bin_packing,version6,73,10,0.044937825025460544,2.295483541823062,2.298481481497287,0
v6_20260801_183249_obp_v6_rep3,online_bin_packing,version6,74,10,0.0816968831837461,2.287451302883939,2.28716651687444,0
v6_20260801_183249_obp_v6_rep3,online_bin_packing,version6,75,10,0.06773814529589438,2.290858262211865,2.291349165570999,0
v6_20260801_183249_obp_v6_rep3,online_bin_packing,version6,76,10,0.045728422388461296,2.3015098998905557,2.301515895932834,0
v6_20260801_183249_obp_v6_rep3,online_bin_packing,version6,77,10,0.07834868039943116,2.2991660571301242,2.2984996757262226,0
v6_20260801_183249_obp_v6_rep3,online_bin_packing,version6,78,10,0.03966121138553215,2.2958386653941876,2.2972830445532413,1
v6_20260801_183249_obp_v6_rep3,online_bin_packing,version6,79,9,0.053736779000339324,2.1937998685299953,2.1936823982718314,0
v6_20260801_183249_obp_v6_rep3,online_bin_packing,version6,80,10,0.05048383690096202,2.2866391931065357,2.2865751709907074,0
v6_20260801_183249_obp_v6_rep3,online_bin_packing,version6,81,10,0.09826991398872678,2.2955395405628174,2.295504012153225,0
v6_20260801_183249_obp_v6_rep3,online_bin_packing,version6,82,10,0.0799964148987324,2.2997891855334327,2.299773210147511,0
v6_20260801_183249_obp_v6_rep3,online_bin_packing,version6,83,10,0.06144581247543929,2.2964565535715153,2.296393969899551,0
v6_20260801_183249_obp_v6_rep3,online_bin_packing,version6,84,10,0.07180314343152029,2.299277318352821,2.2992426954091405,0
v6_20260801_183249_obp_v6_rep3,online_bin_packing,version6,85,10,0.06427549352020961,2.296379968528084,2.29300350462739,0
v6_20260801_183249_obp_v6_rep3,online_bin_packing,version6,86,9,0.07135067113780148,2.1945678227466985,2.1944305854790827,0
v6_20260801_183249_obp_v6_rep3,online_bin_packing,version6,87,10,0.07842938891444873,2.2981621264545193,2.2969647486651072,0
v6_20260801_183249_obp_v6_rep3,online_bin_packing,version6,88,10,0.07003775391378893,2.2928870447016867,2.292755271610672,0
v6_20260801_183249_obp_v6_rep3,online_bin_packing,version6,89,10,0.09996497959934936,2.3001606937297385,2.3001713564762682,0
v6_20260801_183249_obp_v6_rep3,online_bin_packing,version6,90,10,0.10991137530211914,2.300505836986607,2.3003125684761545,0
v6_20260801_183249_obp_v6_rep3,online_bin_packing,version6,91,9,0.0912016845439732,2.1942752633201907,2.19424786440965,0
v6_20260801_183249_obp_v6_rep3,online_bin_packing,version6,92,10,0.07088344612773614,2.2942163596227334,2.292272219457207,0
v6_20260801_183249_obp_v6_rep3,online_bin_packing,version6,93,10,0.03270255258773355,2.2961876838315716,2.29600114516863,0
v6_20260801_183249_obp_v6_rep3,online_bin_packing,version6,94,9,0.05040108141543241,2.187635376759995,2.187432107050088,0
v6_20260801_183249_obp_v6_rep3,online_bin_packing,version6,95,10,0.07806309834963562,2.298523574160211,2.298417277868774,0
v6_20260801_183249_obp_v6_rep3,online_bin_packing,version6,96,10,0.06948021379374283,2.285888437920771,2.2860085668037127,0
v6_20260801_183249_obp_v6_rep3,online_bin_packing,version6,97,10,0.047001466388272725,2.28898745682696,2.2896921983266276,0
v6_20260801_183249_obp_v6_rep3,online_bin_packing,version6,98,10,0.04900279693518193,2.2951320792730625,2.294498217169942,0
v6_20260801_183249_obp_v6_rep3,online_bin_packing,version6,99,10,0.06489279305966242,2.299037329233032,2.298024108115762,0
v6_20260801_183249_obp_v6_rep3,online_bin_packing,version6,100,10,0.06526062968820964,2.2923729440692107,2.2874836683641364,0
20260723_204526_opaco_v4_rep1,op_aco,version4,1,9,0.29013408795666074,2.1920388102584822,2.1934980851368264,1
20260723_204526_opaco_v4_rep1,op_aco,version4,2,9,0.17539999107486426,2.193615925563841,2.1933813031405878,1
20260723_204526_opaco_v4_rep1,op_aco,version4,3,8,0.18926535670104652,2.076347262531673,2.0749010508477537,0
20260723_204526_opaco_v4_rep1,op_aco,version4,4,10,0.08585343358662714,2.301015696282883,2.3008780741003445,0
20260723_204526_opaco_v4_rep1,op_aco,version4,5,10,0.08582931453794071,2.293151485667512,2.2930981340630643,1
20260723_204526_opaco_v4_rep1,op_aco,version4,6,10,0.11642110110244035,2.2948285833433153,2.2950398425763696,0
20260723_204526_opaco_v4_rep1,op_aco,version4,7,10,0.12750008983405053,2.2957187536688335,2.295546521276773,0
20260723_204526_opaco_v4_rep1,op_aco,version4,8,9,0.10383386491317197,2.190139295768441,2.1905260800995716,0
20260723_204526_opaco_v4_rep1,op_aco,version4,9,9,0.10268791559991554,2.1957514612967266,2.1951243986780606,0
20260723_204526_opaco_v4_rep1,op_aco,version4,10,10,0.11989711898447182,2.2956660264415256,2.2957926448899575,1
20260723_204526_opaco_v4_rep1,op_aco,version4,11,10,0.09721119412848768,2.2994033240256324,2.299263421696249,1
20260723_204526_opaco_v4_rep1,op_aco,version4,12,10,0.1328111676731651,2.2942109525912,2.2962183335270927,0
20260723_204526_opaco_v4_rep1,op_aco,version4,13,9,0.08560774052419819,2.1917441142962546,2.1905244582345422,0
20260723_204526_opaco_v4_rep1,op_aco,version4,14,10,0.10915255407706428,2.28916254799517,2.2873433966357957,0
20260723_204526_opaco_v4_rep1,op_aco,version4,15,9,0.10013538570313922,2.1956310120743754,2.1955012163013023,0
20260723_204526_opaco_v4_rep1,op_aco,version4,16,10,0.10032594520467789,2.3008842696697087,2.2997334767445383,1
20260723_204526_opaco_v4_rep1,op_aco,version4,17,10,0.11772388902040472,2.2968755487830665,2.2979692213716683,0
20260723_204526_opaco_v4_rep1,op_aco,version4,18,10,0.084000895963768,2.2781635272691863,2.277090433748251,0
20260723_204526_opaco_v4_rep1,op_aco,version4,19,8,0.07202400106638324,2.0739871348820773,2.0730636867395575,0
20260723_204526_opaco_v4_rep1,op_aco,version4,20,10,0.09039125715844826,2.298109099952075,2.2983847592241613,0
20260723_204526_opaco_v4_rep1,op_aco,version4,21,10,0.10912390933870637,2.295878357337064,2.2959822107758163,0
20260723_204526_opaco_v4_rep1,op_aco,version4,22,10,0.08705087226361777,2.287086434555226,2.278741659287631,0
20260723_204526_opaco_v4_rep1,op_aco,version4,23,10,0.0929154086523943,2.2920421556746122,2.2921537209239142,0
20260723_204526_opaco_v4_rep1,op_aco,version4,24,10,0.08712833271160365,2.2974130626668816,2.297240735709086,0
20260723_204526_opaco_v4_rep1,op_aco,version4,25,10,0.08030406229966346,2.2970316022048856,2.296729582768584,0
20260723_204526_opaco_v4_rep1,op_aco,version4,26,10,0.06421192857670764,2.294700992312156,2.294680439267768,1
20260723_204526_opaco_v4_rep1,op_aco,version4,27,10,0.09898075542879568,2.293710592729195,2.2925352022633496,0
20260723_204526_opaco_v4_rep1,op_aco,version4,28,10,0.08990442070303604,2.2929696406188578,2.2925904609827144,0
20260723_204526_opaco_v4_rep1,op_aco,version4,29,10,0.08820848654204202,2.296398342917248,2.2942224789242083,0
20260723_204526_opaco_v4_rep1,op_aco,version4,30,9,0.11232496683474086,2.189806364458833,2.188599208031918,0
20260723_204526_opaco_v4_rep1,op_aco,version4,31,10,0.13807875683168763,2.278705507330424,2.2790968101920734,0
20260723_204526_opaco_v4_rep1,op_aco,version4,32,10,0.08002605796625736,2.2724302874595277,2.272384588143813,0
20260723_204526_opaco_v4_rep1,op_aco,version4,33,10,0.08482587126984463,2.293987010285091,2.2939208213937605,0
20260723_204526_opaco_v4_rep1,op_aco,version4,34,10,0.0702819025497913,2.2895080862886346,2.289453709327598,0
20260723_204526_opaco_v4_rep1,op_aco,version4,35,10,0.06343623594180153,2.2876754935327903,2.2789115928594312,0
20260723_204526_opaco_v4_rep1,op_aco,version4,36,10,0.05829142946094359,2.2907272335042386,2.290103471141408,0
20260723_204526_opaco_v4_rep1,op_aco,version4,37,10,0.10460377364006054,2.290529995908693,2.287840019658631,0
20260723_204526_opaco_v4_rep1,op_aco,version4,38,10,0.05813763236763049,2.300529861891235,2.300531984417952,0
20260723_204526_opaco_v4_rep1,op_aco,version4,39,9,0.07937052013437704,2.1925741550625357,2.192534445105872,1
20260723_204526_opaco_v4_rep1,op_aco,version4,40,10,0.05427779977217535,2.2948324721989843,2.2948834630908133,1
20260723_204526_opaco_v4_rep1,op_aco,version4,41,10,0.09067893250636833,2.2967090235721384,2.2966011719799035,0
20260723_204526_opaco_v4_rep1,op_aco,version4,42,9,0.10488454542485126,2.1926551791788866,2.1926295609791837,0
20260723_204526_opaco_v4_rep1,op_aco,version4,43,10,0.10841423249309265,2.2948599488182944,2.2947981733897915,0
20260723_204526_opaco_v4_rep1,op_aco,version4,44,9,0.085953242912184,2.1900301989337776,2.190075234585804,0
20260723_204526_opaco_v4_rep1,op_aco,version4,45,9,0.09555613963136583,2.1916443417855334,2.1915811371300253,1
20260723_204526_opaco_v4_rep1,op_aco,version4,46,10,0.07830802746811573,2.2959954559389395,2.296049003138422,0
20260723_204526_opaco_v4_rep1,op_aco,version4,47,9,0.11972024177722261,2.190515630082282,2.1903804132999394,0
20260723_204526_opaco_v4_rep1,op_aco,version4,48,10,0.1095474276435903,2.2996186120014683,2.2995388888324424,0
20260723_204526_opaco_v4_rep1,op_aco,version4,49,10,0.15387636432535928,2.299700882432177,2.2997497836988177,0
20260723_204526_opaco_v4_rep1,op_aco,version4,50,10,0.11726825295483576,2.293758125943584,2.293559033795286,1
20260723_204526_opaco_v4_rep1,op_aco,version4,51,10,0.09089669767502298,2.297605733198663,2.2974968281704213,0
20260723_204526_opaco_v4_rep1,op_aco,version4,52,10,0.06422492193343222,2.2935105188493896,2.2934055315575033,0
20260723_204526_opaco_v4_rep1,op_aco,version4,53,10,0.05829749399026912,2.2992128363926536,2.29923926705091,0
20260723_204526_opaco_v4_rep1,op_aco,version4,54,10,0.08259443774517254,2.296480262494746,2.295750958041891,0
20260723_204526_opaco_v4_rep1,op_aco,version4,55,8,0.05351630366435547,2.0638316160953827,2.056268136032733,0
20260723_204526_opaco_v4_rep1,op_aco,version4,56,10,0.06112767792694822,2.2889562017378893,2.2890561868155435,0
20260723_204526_opaco_v4_rep1,op_aco,version4,57,10,0.0756202513460654,2.289434990975709,2.289422310606069,0
20260723_204526_opaco_v4_rep1,op_aco,version4,58,10,0.11360591066273502,2.2912976052061462,2.29091559986957,0
20260723_204526_opaco_v4_rep1,op_aco,version4,59,9,0.08070998066008915,2.1919108127768823,2.191787863124538,0
20260723_204526_opaco_v4_rep1,op_aco,version4,60,10,0.061922938860877984,2.285560825154394,2.285673251481002,0
20260723_204526_opaco_v4_rep1,op_aco,version4,61,10,0.09451122939328989,2.297593815539291,2.297576902246204,0
20260723_204526_opaco_v4_rep1,op_aco,version4,62,10,0.08317479122661214,2.2923818220878154,2.291746140670659,0
20260723_204526_opaco_v4_rep1,op_aco,version4,63,10,0.04111209998460215,2.2954086400550704,2.2950684156559302,0
20260723_204526_opaco_v4_rep1,op_aco,version4,64,10,0.056666220156181876,2.284811314730765,2.287634382363408,0
20260723_204526_opaco_v4_rep1,op_aco,version4,65,7,0.12933342363029296,1.9353004488684413,1.9373322255667262,0
20260723_204526_opaco_v4_rep1,op_aco,version4,66,10,0.08431106904569287,2.295259058678926,2.2951664453231806,0
20260723_204526_opaco_v4_rep1,op_aco,version4,67,10,0.1084735261705367,2.2954045926841276,2.2949347336470125,0
20260723_204526_opaco_v4_rep1,op_aco,version4,68,10,0.05036262704482567,2.299506605355193,2.2991547966605066,0
20260723_204526_opaco_v4_rep1,op_aco,version4,69,10,0.11717995112525514,2.29797620747215,2.296594211788081,0
20260723_204526_opaco_v4_rep1,op_aco,version4,70,10,0.08984035336904003,2.2972794014121307,2.2966454407657375,0
20260723_204526_opaco_v4_rep1,op_aco,version4,71,10,0.09201896659286565,2.299241103565739,2.2992951480792483,0
20260723_204526_opaco_v4_rep1,op_aco,version4,72,8,0.04581724226450125,2.0664903483360315,2.067274677167819,0
20260723_204526_opaco_v4_rep1,op_aco,version4,73,9,0.07724465090328127,2.1893693693171046,2.189368990360611,0
20260723_204526_opaco_v4_rep1,op_aco,version4,74,10,0.06414202432911512,2.295694290448831,2.295264982822754,0
20260723_204526_opaco_v4_rep1,op_aco,version4,75,9,0.06558655247572617,2.163372228288535,2.156992689738405,0
20260723_204526_opaco_v4_rep1,op_aco,version4,76,10,0.05628145077296378,2.284156599367478,2.284125928601852,0
20260723_204526_opaco_v4_rep1,op_aco,version4,77,10,0.07415159956594344,2.301592322079556,2.30157575068596,0
20260723_204526_opaco_v4_rep1,op_aco,version4,78,10,0.09312273937176566,2.2891680992246415,2.2892575243315765,0
20260723_204526_opaco_v4_rep1,op_aco,version4,79,10,0.04721995953556351,2.2844944037536576,2.284093612445933,0
20260723_204526_opaco_v4_rep1,op_aco,version4,80,10,0.068079717820016,2.295019990673487,2.2944809326404187,0
20260723_204526_opaco_v4_rep1,op_aco,version4,81,10,0.05889945344412713,2.2759605887262393,2.2757551859859855,0
20260723_204526_opaco_v4_rep1,op_aco,version4,82,9,0.09033563382603639,2.186815503106574,2.186124228169028,0
20260723_204526_opaco_v4_rep1,op_aco,version4,83,9,0.040940193800408836,2.1384142176910355,2.1375530629957047,0
20260723_204526_opaco_v4_rep1,op_aco,version4,84,10,0.07845732965901289,2.2935034079101837,2.2931101338330064,0
20260723_204526_opaco_v4_rep1,op_aco,version4,85,8,0.04851506332387327,2.071787762347225,2.07124221874448,0
20260723_204526_opaco_v4_rep1,op_aco,version4,86,10,0.08351684860954786,2.298537497013889,2.298614798992144,0
20260723_204526_opaco_v4_rep1,op_aco,version4,87,8,0.06696587119257362,2.0694839064884363,2.0692802724073287,0
20260723_204526_opaco_v4_rep1,op_aco,version4,88,9,0.048898196027320956,2.1806523603494656,2.1799586963623385,0
20260723_204526_opaco_v4_rep1,op_aco,version4,89,10,0.07419006156296215,2.2976530870157723,2.2975298557264217,0
20260723_204526_opaco_v4_rep1,op_aco,version4,90,9,0.1584364788114865,2.182225098619707,2.177246525069599,0
20260723_204526_opaco_v4_rep1,op_aco,version4,91,10,0.04501648688777419,2.29849270268785,2.298531684681278,0
20260723_204526_opaco_v4_rep1,op_aco,version4,92,9,0.09449284752916426,2.1945492663385378,2.1942785829029567,0
20260723_204526_opaco_v4_rep1,op_aco,version4,93,9,0.0490541615038458,2.1872671148304903,2.187730339733646,0
20260723_204526_opaco_v4_rep1,op_aco,version4,94,10,0.02413095984018151,2.29835347002786,2.298182323820168,0
20260723_204526_opaco_v4_rep1,op_aco,version4,95,10,0.06859592484851082,2.2635989729623933,2.2556444078355624,0
20260723_204526_opaco_v4_rep1,op_aco,version4,96,10,0.09925571134809616,2.2818109194147196,2.279385973214669,0
20260723_204526_opaco_v4_rep1,op_aco,version4,97,10,0.03490792323591086,2.301942280070309,2.301881530234789,0
20260723_204526_opaco_v4_rep1,op_aco,version4,98,10,0.04917475115707185,2.289360881046457,2.289300416806595,0
20260723_204526_opaco_v4_rep1,op_aco,version4,99,10,0.015614693483475156,2.2984824147026766,2.2984824147026766,0
20260723_204526_opaco_v4_rep1,op_aco,version4,100,10,0.0584246481536558,2.2904658455658606,2.290118327712009,0
20260723_204526_opaco_v4_rep2,op_aco,version4,1,9,0.28437977917284324,2.1937326078369592,2.1910444026327722,1
20260723_204526_opaco_v4_rep2,op_aco,version4,2,8,0.19713886196936686,2.073078211212213,2.0734072864784,1
20260723_204526_opaco_v4_rep2,op_aco,version4,3,7,0.18113003637619984,1.942379359746289,1.9436632202057238,1
20260723_204526_opaco_v4_rep2,op_aco,version4,4,10,0.13445026065098314,2.297437913218621,2.2972809719808747,0
20260723_204526_opaco_v4_rep2,op_aco,version4,5,8,0.08980166126069222,2.077607788147218,2.0780271747855736,0
20260723_204526_opaco_v4_rep2,op_aco,version4,6,8,0.10296176178776895,2.0633802531095053,2.0655965818635713,1
20260723_204526_opaco_v4_rep2,op_aco,version4,7,10,0.07097656564346236,2.2969161455191363,2.2972598588363926,1
20260723_204526_opaco_v4_rep2,op_aco,version4,8,10,0.10585774005797965,2.2996369087068875,2.2993061131854073,0
20260723_204526_opaco_v4_rep2,op_aco,version4,9,10,0.07503732314260608,2.292387890111458,2.2917678378681337,0
20260723_204526_opaco_v4_rep2,op_aco,version4,10,10,0.05396985547823059,2.2678946570822833,2.2647887113938663,1
20260723_204526_opaco_v4_rep2,op_aco,version4,11,10,0.08213142179232083,2.3021163765188914,2.301997384191153,1
20260723_204526_opaco_v4_rep2,op_aco,version4,12,9,0.08058278234157465,2.190704891745687,2.1904417692406293,1
20260723_204526_opaco_v4_rep2,op_aco,version4,13,10,0.055913618913496554,2.2972137072894556,2.2971732289396365,0
20260723_204526_opaco_v4_rep2,op_aco,version4,14,9,0.034444079782686,2.182867834351327,2.1834013789961477,0
20260723_204526_opaco_v4_rep2,op_aco,version4,15,9,0.10779860751310674,2.1937740964101207,2.1932231451472957,0
20260723_204526_opaco_v4_rep2,op_aco,version4,16,10,0.06405037445081595,2.29279784241424,2.2917999236367415,1
20260723_204526_opaco_v4_rep2,op_aco,version4,17,8,0.04442340012713477,2.0785911560145927,2.0787257444575573,0
20260723_204526_opaco_v4_rep2,op_aco,version4,18,10,0.043501644381591,2.2532682540305884,2.2528593871736358,0
20260723_204526_opaco_v4_rep2,op_aco,version4,19,10,0.06616242392445867,2.2983759414639406,2.2982810171009733,0
20260723_204526_opaco_v4_rep2,op_aco,version4,20,9,0.06715959971532366,2.1878514182272326,2.1877729445845606,0
20260723_204526_opaco_v4_rep2,op_aco,version4,21,9,0.07594043359412123,2.183978906444313,2.1825991484495346,0
20260723_204526_opaco_v4_rep2,op_aco,version4,22,10,0.050838851402283336,2.2994654305210025,2.2999197970684735,0
20260723_204526_opaco_v4_rep2,op_aco,version4,23,9,0.07126505991254856,2.177613588341188,2.1762577120650417,0
20260723_204526_opaco_v4_rep2,op_aco,version4,24,8,0.05996157526793429,2.058321242014159,2.058506597758836,0
20260723_204526_opaco_v4_rep2,op_aco,version4,25,9,0.06813961374304861,2.171801629267316,2.1714770522126776,1
20260723_204526_opaco_v4_rep2,op_aco,version4,26,10,0.07566627409494459,2.284748341375897,2.2851442445885186,0
20260723_204526_opaco_v4_rep2,op_aco,version4,27,10,0.07727046037090858,2.259881984351761,2.2588500972647227,0
20260723_204526_opaco_v4_rep2,op_aco,version4,28,10,0.03237453004340084,2.268825499500447,2.273230092620837,0
20260723_204526_opaco_v4_rep2,op_aco,version4,29,9,0.08180685837879048,2.1794532767394736,2.179018725694371,0
20260723_204526_opaco_v4_rep2,op_aco,version4,30,10,0.033873046651225744,2.28993271863333,2.289951115448232,0
20260723_204526_opaco_v4_rep2,op_aco,version4,31,8,0.07327865663191202,2.0556771358353143,2.054899233248136,0
20260723_204526_opaco_v4_rep2,op_aco,version4,32,9,0.108893764321546,2.183627587203687,2.1836091514401614,1
20260723_204526_opaco_v4_rep2,op_aco,version4,33,10,0.047833841798880616,2.290680408181777,2.2890856117044187,1
20260723_204526_opaco_v4_rep2,op_aco,version4,34,10,0.0748381655659353,2.2889146041514166,2.2829496264936324,0
20260723_204526_opaco_v4_rep2,op_aco,version4,35,10,0.046243741409357345,2.2993669682029845,2.2990725294781225,0
20260723_204526_opaco_v4_rep2,op_aco,version4,36,8,0.03529578488200245,2.0692713533980815,2.0692396256188834,1
20260723_204526_opaco_v4_rep2,op_aco,version4,37,9,0.046872820418938,2.1789225009911517,2.178558730543986,0
20260723_204526_opaco_v4_rep2,op_aco,version4,38,8,0.05682403598984573,2.0632357889873596,2.0634397984199664,1
20260723_204526_opaco_v4_rep2,op_aco,version4,39,10,0.06482180073018576,2.2823582107167395,2.280862508618841,0
20260723_204526_opaco_v4_rep2,op_aco,version4,40,9,0.05752342898107854,2.188623362998428,2.1888196937428392,0
20260723_204526_opaco_v4_rep2,op_aco,version4,41,10,0.07870257043654529,2.293858043944961,2.2937781883490818,1
20260723_204526_opaco_v4_rep2,op_aco,version4,42,8,0.05247740224417007,2.065919265032033,2.06598155127352,0
20260723_204526_opaco_v4_rep2,op_aco,version4,43,10,0.09974773942795931,2.2923689311882396,2.292444666372082,1
20260723_204526_opaco_v4_rep2,op_aco,version4,44,8,0.050966034325508426,2.049599014132469,2.0485308908069015,0
20260723_204526_opaco_v4_rep2,op_aco,version4,45,9,0.02647957124218273,2.1916609794318123,2.1901192303389414,1
20260723_204526_opaco_v4_rep2,op_aco,version4,46,10,0.06295253414804561,2.2778824642311157,2.2815419402382893,0
20260723_204526_opaco_v4_rep2,op_aco,version4,47,9,0.05394946546593446,2.1759162138149883,2.175483408482348,1
20260723_204526_opaco_v4_rep2,op_aco,version4,48,10,0.0581817299191794,2.294534322517204,2.294478328430656,0
20260723_204526_opaco_v4_rep2,op_aco,version4,49,9,0.022997977370861566,2.1903532400476955,2.1898949676471604,0
20260723_204526_opaco_v4_rep2,op_aco,version4,50,8,0.04183641905977871,2.0781474723565303,2.0781271794394502,0
20260723_204526_opaco_v4_rep2,op_aco,version4,51,9,0.049073829801117685,2.1746203162162523,2.174921598963461,0
20260723_204526_opaco_v4_rep2,op_aco,version4,52,9,0.07421876302439862,2.1725971574928105,2.176151855328703,0
20260723_204526_opaco_v4_rep2,op_aco,version4,53,10,0.05853120679164858,2.3016488199300236,2.301586267762189,0
20260723_204526_opaco_v4_rep2,op_aco,version4,54,9,0.0915511391932185,2.1661517471669445,2.16599776933824,0
20260723_204526_opaco_v4_rep2,op_aco,version4,55,9,0.05454911297138442,2.1854963158745693,2.187052033305296,0
20260723_204526_opaco_v4_rep2,op_aco,version4,56,8,0.13014302917487688,2.0789020772758686,2.0790259664356157,0
20260723_204526_opaco_v4_rep2,op_aco,version4,57,10,0.04647445618669707,2.2687442769870207,2.26853434608065,0
20260723_204526_opaco_v4_rep2,op_aco,version4,58,10,0.04608894389004867,2.2694224651997446,2.269505046798424,0
20260723_204526_opaco_v4_rep2,op_aco,version4,59,9,0.0671357607175095,2.1448852497669946,2.143365222093858,0
20260723_204526_opaco_v4_rep2,op_aco,version4,60,10,0.04061284803155425,2.295209561023828,2.2951819667616613,0
20260723_204526_opaco_v4_rep2,op_aco,version4,61,10,0.05825019230800836,2.2773007967530674,2.277132756388001,0
20260723_204526_opaco_v4_rep2,op_aco,version4,62,10,0.061365486344994294,2.2922221763848576,2.2921889706552454,0
20260723_204526_opaco_v4_rep2,op_aco,version4,63,9,0.08461791228406362,2.1676784258370816,2.1693885344470996,0
20260723_204526_opaco_v4_rep2,op_aco,version4,64,9,0.053431723465769576,2.188954154949999,2.1889576975594824,0
20260723_204526_opaco_v4_rep2,op_aco,version4,65,9,0.0713484210761949,2.1573709060345045,2.162782852969734,0
20260723_204526_opaco_v4_rep2,op_aco,version4,66,9,0.12254234090775963,2.1877500828172534,2.187892443262868,0
20260723_204526_opaco_v4_rep2,op_aco,version4,67,9,0.08622563150531286,2.1684903004866225,2.156536111200797,0
20260723_204526_opaco_v4_rep2,op_aco,version4,68,10,0.09627244751651438,2.282792314448035,2.2827976988769882,0
20260723_204526_opaco_v4_rep2,op_aco,version4,69,10,0.10487039759470174,2.2940519817598117,2.294742711417965,0
20260723_204526_opaco_v4_rep2,op_aco,version4,70,10,0.11183316434645119,2.285477309697146,2.278002052036074,0
20260723_204526_opaco_v4_rep2,op_aco,version4,71,9,0.06723608111977965,2.194688352197755,2.194801340817226,0
20260723_204526_opaco_v4_rep2,op_aco,version4,72,9,0.08016521439982618,2.178339772333811,2.1798322657723928,0
20260723_204526_opaco_v4_rep2,op_aco,version4,73,8,0.0747702580578248,2.069485316384111,2.068937455528082,0
20260723_204526_opaco_v4_rep2,op_aco,version4,74,9,0.06656682892394468,2.17902163929967,2.178762003360198,0
20260723_204526_opaco_v4_rep2,op_aco,version4,75,10,0.08944314235197429,2.293397138201427,2.2933652229139905,0
20260723_204526_opaco_v4_rep2,op_aco,version4,76,10,0.06806699094292643,2.2746062691749636,2.2744827735784803,0
20260723_204526_opaco_v4_rep2,op_aco,version4,77,9,0.07173996973210466,2.176239344339896,2.1751361434273173,0
20260723_204526_opaco_v4_rep2,op_aco,version4,78,9,0.03790629689422109,2.164954394634772,2.164334658255683,0
20260723_204526_opaco_v4_rep2,op_aco,version4,79,8,0.0950653108716862,2.06661899755572,2.0664401085162885,0
20260723_204526_opaco_v4_rep2,op_aco,version4,80,9,0.049829256880427976,2.1789684006049113,2.1788379427909774,0
20260723_204526_opaco_v4_rep2,op_aco,version4,81,9,0.04771896582338449,2.193705114479413,2.1936714333367076,0
20260723_204526_opaco_v4_rep2,op_aco,version4,82,7,0.10217520989673888,1.9442074042580646,1.9442711353267244,0
20260723_204526_opaco_v4_rep2,op_aco,version4,83,10,0.06871380093968445,2.298325988946115,2.2981888699497333,0
20260723_204526_opaco_v4_rep2,op_aco,version4,84,10,0.0654871133991615,2.29476239944185,2.2948266683213854,0
20260723_204526_opaco_v4_rep2,op_aco,version4,85,8,0.06141685076133847,2.0688560610926605,2.0683608489636343,0
20260723_204526_opaco_v4_rep2,op_aco,version4,86,9,0.05927885451424321,2.18363513716362,2.183525523510086,0
20260723_204526_opaco_v4_rep2,op_aco,version4,87,10,0.07221334431340203,2.294998322531603,2.2947406149674547,0
20260723_204526_opaco_v4_rep2,op_aco,version4,88,10,0.05717543475163771,2.2682153278091315,2.268221828474533,0
20260723_204526_opaco_v4_rep2,op_aco,version4,89,9,0.0751268731106376,2.193527891855181,2.193523523944954,1
20260723_204526_opaco_v4_rep2,op_aco,version4,90,10,0.09313773093754266,2.299923203397322,2.299332431817964,0
20260723_204526_opaco_v4_rep2,op_aco,version4,91,9,0.04313432961682205,2.1892108315141368,2.189209849123123,0
20260723_204526_opaco_v4_rep2,op_aco,version4,92,7,0.05700995251886492,1.926192880088236,1.9262047046947806,0
20260723_204526_opaco_v4_rep2,op_aco,version4,93,10,0.04843493382211291,2.283812724372681,2.2837070737522622,0
20260723_204526_opaco_v4_rep2,op_aco,version4,94,8,0.06987714340584447,2.0710494221370714,2.0709925112781136,0
20260723_204526_opaco_v4_rep2,op_aco,version4,95,9,0.11423707978342584,2.1913793145544997,2.191262106373579,0
20260723_204526_opaco_v4_rep2,op_aco,version4,96,10,0.040081493831192125,2.273097459832922,2.2731860020924906,0
20260723_204526_opaco_v4_rep2,op_aco,version4,97,9,0.061689749423295956,2.185272938629767,2.1853941133400365,0
20260723_204526_opaco_v4_rep2,op_aco,version4,98,8,0.07594239056867055,2.0731846868085917,2.0728485243502375,0
20260723_204526_opaco_v4_rep2,op_aco,version4,99,9,0.050345434991981526,2.144690924044889,2.1441634066500823,0
20260723_204526_opaco_v4_rep2,op_aco,version4,100,10,0.12381670707573858,2.3003271267461316,2.3001428238965387,0
20260723_204526_opaco_v4_rep3,op_aco,version4,1,9,0.281046210622284,2.1929885552674135,2.191091467940945,1
20260723_204526_opaco_v4_rep3,op_aco,version4,2,8,0.2031357286232068,2.073986364902395,2.070791336435282,0
20260723_204526_opaco_v4_rep3,op_aco,version4,3,9,0.13933578294394805,2.1909979773391632,2.191071254564351,0
20260723_204526_opaco_v4_rep3,op_aco,version4,4,10,0.08292304642289083,2.299028623913715,2.298812204548989,0
20260723_204526_opaco_v4_rep3,op_aco,version4,5,10,0.08422251247239088,2.2973737624070276,2.297003848381952,0
20260723_204526_opaco_v4_rep3,op_aco,version4,6,9,0.12905261917948885,2.1909374319671153,2.189113369300382,0
20260723_204526_opaco_v4_rep3,op_aco,version4,7,9,0.05131552498540185,2.191046283299001,2.185948349079483,0
20260723_204526_opaco_v4_rep3,op_aco,version4,8,10,0.08856410355836154,2.2984988900708094,2.295152292229806,1
20260723_204526_opaco_v4_rep3,op_aco,version4,9,10,0.07699897008844636,2.2924336151561953,2.2925757900353934,1
20260723_204526_opaco_v4_rep3,op_aco,version4,10,10,0.0486292615762522,2.286529695800854,2.284796496446366,1
20260723_204526_opaco_v4_rep3,op_aco,version4,11,10,0.07257515159645872,2.29257745329549,2.292391288317076,1
20260723_204526_opaco_v4_rep3,op_aco,version4,12,10,0.08816036379639636,2.297783536771878,2.297875653709575,1
20260723_204526_opaco_v4_rep3,op_aco,version4,13,10,0.08414764516888472,2.300677199332676,2.3007120317997187,0
20260723_204526_opaco_v4_rep3,op_aco,version4,14,8,0.08395447330162964,2.071499431550418,2.071426611333928,0
20260723_204526_opaco_v4_rep3,op_aco,version4,15,9,0.09297954041836823,2.190420732510174,2.1902457835224816,0
20260723_204526_opaco_v4_rep3,op_aco,version4,16,10,0.09406885486580559,2.295649460069966,2.2952699907337455,1
20260723_204526_opaco_v4_rep3,op_aco,version4,17,9,0.1086160918618499,2.1911295773023856,2.1902973421125855,1
20260723_204526_opaco_v4_rep3,op_aco,version4,18,10,0.0820503558432871,2.3007310888940857,2.300716697791744,0
20260723_204526_opaco_v4_rep3,op_aco,version4,19,9,0.10620736615802351,2.195812422332412,2.1958572737618347,1
20260723_204526_opaco_v4_rep3,op_aco,version4,20,9,0.10257229402550162,2.196362490685902,2.196353193719844,0
20260723_204526_opaco_v4_rep3,op_aco,version4,21,10,0.0998430579441015,2.2910995911488037,2.2873814617433035,0
20260723_204526_opaco_v4_rep3,op_aco,version4,22,10,0.10047961699086971,2.301181288656965,2.3011776120048557,0
20260723_204526_opaco_v4_rep3,op_aco,version4,23,9,0.11947259026084692,2.190545389492238,2.1904446563326405,1
20260723_204526_opaco_v4_rep3,op_aco,version4,24,10,0.06346813625575878,2.2944655356488735,2.2944559001929115,1
20260723_204526_opaco_v4_rep3,op_aco,version4,25,10,0.07719287725738375,2.29203531288035,2.2899479680644546,0
20260723_204526_opaco_v4_rep3,op_aco,version4,26,10,0.09295767952819686,2.300204177939055,2.3001414974906527,0
20260723_204526_opaco_v4_rep3,op_aco,version4,27,10,0.058297283273064146,2.292710425592607,2.292564430926336,1
20260723_204526_opaco_v4_rep3,op_aco,version4,28,10,0.06923080900627665,2.2989714119941715,2.2987592753000827,0
20260723_204526_opaco_v4_rep3,op_aco,version4,29,9,0.07663446043801975,2.1892634980512815,2.189080717296426,0
20260723_204526_opaco_v4_rep3,op_aco,version4,30,10,0.08695034248384016,2.2734481766825962,2.272845454019418,0
20260723_204526_opaco_v4_rep3,op_aco,version4,31,9,0.053038207334778584,2.1940150190604424,2.194121817153823,0
20260723_204526_opaco_v4_rep3,op_aco,version4,32,10,0.09400693435421176,2.29924507631571,2.2992933558543767,0
20260723_204526_opaco_v4_rep3,op_aco,version4,33,10,0.050565726241346476,2.2918365043934474,2.2917564374416286,0
20260723_204526_opaco_v4_rep3,op_aco,version4,34,9,0.05652984831139693,2.1931704957255618,2.1931419965065713,0
20260723_204526_opaco_v4_rep3,op_aco,version4,35,10,0.07419416396132748,2.281604236377145,2.2816099293728858,0
20260723_204526_opaco_v4_rep3,op_aco,version4,36,8,0.08660839995365685,2.0740259783497743,2.0741681767122055,0
20260723_204526_opaco_v4_rep3,op_aco,version4,37,9,0.05125114946252097,2.179476391707033,2.1793520760236897,0
20260723_204526_opaco_v4_rep3,op_aco,version4,38,10,0.04657341044239579,2.2854342748419643,2.285430422739733,0
20260723_204526_opaco_v4_rep3,op_aco,version4,39,9,0.055469024535016516,2.1923393577549426,2.1924152941274477,1
20260723_204526_opaco_v4_rep3,op_aco,version4,40,9,0.09100375375669979,2.1779793706845436,2.16547904704757,0
20260723_204526_opaco_v4_rep3,op_aco,version4,41,10,0.06476404560540164,2.2887020421496205,2.2886005340599023,0
20260723_204526_opaco_v4_rep3,op_aco,version4,42,10,0.0888608794932316,2.2956734331337447,2.295712435494435,0
20260723_204526_opaco_v4_rep3,op_aco,version4,43,9,0.07867284850860871,2.16841123053204,2.164676064733621,0
20260723_204526_opaco_v4_rep3,op_aco,version4,44,10,0.0634407227589786,2.285519974870435,2.2838221272374355,0
20260723_204526_opaco_v4_rep3,op_aco,version4,45,10,0.07058188239901556,2.293270782263062,2.2929293367553347,0
20260723_204526_opaco_v4_rep3,op_aco,version4,46,10,0.038028505018584666,2.2991852763809177,2.299170517340073,0
20260723_204526_opaco_v4_rep3,op_aco,version4,47,10,0.08649322520706916,2.276790660078929,2.2759044036623433,0
20260723_204526_opaco_v4_rep3,op_aco,version4,48,10,0.04979730535127096,2.293816037774911,2.2939017673941913,0
20260723_204526_opaco_v4_rep3,op_aco,version4,49,10,0.08229146260393677,2.297468762797199,2.296935334343339,0
20260723_204526_opaco_v4_rep3,op_aco,version4,50,9,0.043643440540626674,2.193934109058814,2.193139654882641,0
20260723_204526_opaco_v4_rep3,op_aco,version4,51,9,0.08119899741081295,2.1925670686984047,2.192476836548503,0
20260723_204526_opaco_v4_rep3,op_aco,version4,52,8,0.0889810104555072,2.0710578560317607,2.0708189920480797,0
20260723_204526_opaco_v4_rep3,op_aco,version4,53,8,0.07062112431573808,2.0735868659296557,2.0733029532107228,0
20260723_204526_opaco_v4_rep3,op_aco,version4,54,9,0.059393768983661714,2.190018186236489,2.1899947641496667,0
20260723_204526_opaco_v4_rep3,op_aco,version4,55,10,0.06210965935925374,2.296528768417089,2.296628821163211,0
20260723_204526_opaco_v4_rep3,op_aco,version4,56,10,0.09093721333188146,2.2955781445519046,2.2955450867770844,0
20260723_204526_opaco_v4_rep3,op_aco,version4,57,9,0.06462974993259238,2.1914030978715497,2.191258485597994,0
20260723_204526_opaco_v4_rep3,op_aco,version4,58,10,0.0522145698705031,2.3001063656582765,2.300144057571554,0
20260723_204526_opaco_v4_rep3,op_aco,version4,59,10,0.04172727728687879,2.2821245888539434,2.281562737425275,0
20260723_204526_opaco_v4_rep3,op_aco,version4,60,10,0.06879821568893235,2.2996519599676786,2.2991490546751225,0
20260723_204526_opaco_v4_rep3,op_aco,version4,61,10,0.08047175278761332,2.300875906279112,2.29994859131693,0
20260723_204526_opaco_v4_rep3,op_aco,version4,62,9,0.07760334535909907,2.1867752954985353,2.18736348595917,0
20260723_204526_opaco_v4_rep3,op_aco,version4,63,10,0.08044841448415413,2.2928027426275723,2.2926859497120367,0
20260723_204526_opaco_v4_rep3,op_aco,version4,64,9,0.08809744813783617,2.1927284886181373,2.192635869877034,0
20260723_204526_opaco_v4_rep3,op_aco,version4,65,9,0.07458072095816139,2.1953066177943237,2.1952400550149793,0
20260723_204526_opaco_v4_rep3,op_aco,version4,66,9,0.04560733430169754,2.169265397082267,2.169563106565443,0
20260723_204526_opaco_v4_rep3,op_aco,version4,67,10,0.11263137148009847,2.274235188642431,2.2731646785143917,1
20260723_204526_opaco_v4_rep3,op_aco,version4,68,9,0.06331592206754363,2.1810120215687925,2.179941659703543,0
20260723_204526_opaco_v4_rep3,op_aco,version4,69,9,0.06776716676683538,2.190917395569313,2.191015566121241,0
20260723_204526_opaco_v4_rep3,op_aco,version4,70,10,0.06996235875405529,2.2829058949244776,2.2825579323748846,0
20260723_204526_opaco_v4_rep3,op_aco,version4,71,10,0.07843833136583002,2.282682661737965,2.280992848699455,0
20260723_204526_opaco_v4_rep3,op_aco,version4,72,10,0.06803677956198093,2.2631165221587026,2.261814170039873,0
20260723_204526_opaco_v4_rep3,op_aco,version4,73,10,0.06837179167019627,2.291667246710177,2.2912731240069255,0
20260723_204526_opaco_v4_rep3,op_aco,version4,74,10,0.07764072775391681,2.2823002560882255,2.2808290456632454,0
20260723_204526_opaco_v4_rep3,op_aco,version4,75,7,0.06580428608281993,1.9389953170428962,1.9380630190886559,0
20260723_204526_opaco_v4_rep3,op_aco,version4,76,9,0.05563793875180313,2.166404955944858,2.164392988052887,0
20260723_204526_opaco_v4_rep3,op_aco,version4,77,9,0.050386256495236904,2.1857660139416835,2.185976923415043,0
20260723_204526_opaco_v4_rep3,op_aco,version4,78,8,0.05414972168947444,2.063871430985361,2.0634990240684643,0
20260723_204526_opaco_v4_rep3,op_aco,version4,79,7,0.04517018666038445,1.9248510080819186,1.9244099686766911,0
20260723_204526_opaco_v4_rep3,op_aco,version4,80,8,0.08465381249189531,2.0643548786965815,2.0590144354628035,0
20260723_204526_opaco_v4_rep3,op_aco,version4,81,10,0.05391368886624677,2.2754392208162795,2.2748781332635457,0
20260723_204526_opaco_v4_rep3,op_aco,version4,82,9,0.034839554393888916,2.1832793543680244,2.18255887165904,0
20260723_204526_opaco_v4_rep3,op_aco,version4,83,9,0.020520885469865087,2.1862738721668906,2.189486605038341,0
20260723_204526_opaco_v4_rep3,op_aco,version4,84,9,0.012723274444839961,2.1850828087163707,2.18480340093083,0
20260723_204526_opaco_v4_rep3,op_aco,version4,85,9,0.03979380712567685,2.168781013198411,2.1681612561606682,0
20260723_204526_opaco_v4_rep3,op_aco,version4,86,9,0.09918216726822957,2.1802507637863333,2.1804684731269717,0
20260723_204526_opaco_v4_rep3,op_aco,version4,87,9,0.01786384804554582,2.1725889745109805,2.1723420224585905,0
20260723_204526_opaco_v4_rep3,op_aco,version4,88,9,0.06861527673691578,2.1617860875165738,2.1586080783696118,0
20260723_204526_opaco_v4_rep3,op_aco,version4,89,9,0.028169561473812284,2.1840007040921474,2.184025210163969,0
20260723_204526_opaco_v4_rep3,op_aco,version4,90,7,0.09645905982947932,1.928008453782497,1.9270245300524496,0
20260723_204526_opaco_v4_rep3,op_aco,version4,91,10,0.05074607666465063,2.2723595249917747,2.2659623776926487,0
20260723_204526_opaco_v4_rep3,op_aco,version4,92,9,0.033381951814328584,2.13930190723058,2.1372440244208213,0
20260723_204526_opaco_v4_rep3,op_aco,version4,93,8,0.046365352648945236,2.0535503847614294,2.0520100910377144,0
20260723_204526_opaco_v4_rep3,op_aco,version4,94,10,0.054780859785641345,2.268783122851899,2.2591352760209276,0
20260723_204526_opaco_v4_rep3,op_aco,version4,95,9,0.03938476711467778,2.186394538783474,2.1863038939418433,0
20260723_204526_opaco_v4_rep3,op_aco,version4,96,9,0.05677683897506623,2.169959448878113,2.1689250584960087,0
20260723_204526_opaco_v4_rep3,op_aco,version4,97,10,0.06323906259024026,2.29677726041946,2.2966537640657037,0
20260723_204526_opaco_v4_rep3,op_aco,version4,98,10,0.0717556379173815,2.266304295346408,2.26484814575223,0
20260723_204526_opaco_v4_rep3,op_aco,version4,99,10,0.05540529719622368,2.2827322420731146,2.281979150571793,0
20260723_204526_opaco_v4_rep3,op_aco,version4,100,9,0.05546084597581732,2.1870127917461817,2.1868994923158755,0
20260728_151736_opaco_v5_rep1,op_aco,version5,1,10,0.2903932447454344,2.3007817082415447,2.2991517381559063,1
20260728_151736_opaco_v5_rep1,op_aco,version5,2,10,0.17838637501200288,2.298820297739954,2.2990804640170426,1
20260728_151736_opaco_v5_rep1,op_aco,version5,3,10,0.25030362333093037,2.266597535221062,2.2680108452681482,0
20260728_151736_opaco_v5_rep1,op_aco,version5,4,10,0.07480958837109511,2.2986879336765167,2.2990886452189416,0
20260728_151736_opaco_v5_rep1,op_aco,version5,5,9,0.05632941673780786,2.18795782096845,2.1863648632713697,1
20260728_151736_opaco_v5_rep1,op_aco,version5,6,10,0.05153098638421187,2.2865962891663574,2.2872485175458848,0
20260728_151736_opaco_v5_rep1,op_aco,version5,7,10,0.052554203791871715,2.290656337616197,2.2908866124799756,0
20260728_151736_opaco_v5_rep1,op_aco,version5,8,9,0.028577070506942654,2.18499685338154,2.1869053242295147,1
20260728_151736_opaco_v5_rep1,op_aco,version5,9,10,0.045722409084878665,2.296900693424884,2.2968687430606103,1
20260728_151736_opaco_v5_rep1,op_aco,version5,10,10,0.05799803914065219,2.2624736736463342,2.2469000903433947,0
20260728_151736_opaco_v5_rep1,op_aco,version5,11,9,0.03547057323546808,2.1670922003690056,2.1688484446851586,1
20260728_151736_opaco_v5_rep1,op_aco,version5,12,10,0.061299970033208764,2.272426062361591,2.263538616382597,0
20260728_151736_opaco_v5_rep1,op_aco,version5,13,9,0.03492470634740565,2.1901411711515397,2.1872513775901012,1
20260728_151736_opaco_v5_rep1,op_aco,version5,14,8,0.03687371714621254,2.0695830085142304,2.07011479362054,0
20260728_151736_opaco_v5_rep1,op_aco,version5,15,8,0.05417259409187841,2.0738159912953886,2.073979189907264,0
20260728_151736_opaco_v5_rep1,op_aco,version5,16,9,0.026192427625488405,2.188356382080707,2.1874208207527794,0
20260728_151736_opaco_v5_rep1,op_aco,version5,17,8,0.047658169673500554,2.0630377069259334,2.0627431026314897,0
20260728_151736_opaco_v5_rep1,op_aco,version5,18,8,0.06759680136420121,2.070664790839433,2.0699305238576375,0
20260728_151736_opaco_v5_rep1,op_aco,version5,19,8,0.0461655779681244,2.0676307344433993,2.066958887938775,1
20260728_151736_opaco_v5_rep1,op_aco,version5,20,8,0.03855138330539508,2.0528655148308603,2.0527730358208247,0
20260728_151736_opaco_v5_rep1,op_aco,version5,21,10,0.0289742117938801,2.284540224025698,2.2844151172288756,0
20260728_151736_opaco_v5_rep1,op_aco,version5,22,6,0.04629946653338895,1.7840071384745697,1.7815183393333656,0
20260728_151736_opaco_v5_rep1,op_aco,version5,23,9,0.009941740181898959,2.14656735848276,2.145797865928749,0
20260728_151736_opaco_v5_rep1,op_aco,version5,24,8,0.03744866932305157,2.0496660304671352,2.0415143199031234,0
20260728_151736_opaco_v5_rep1,op_aco,version5,25,8,0.025500436610568947,2.0565889807801767,2.051651138806495,1
20260728_151736_opaco_v5_rep1,op_aco,version5,26,10,0.03330430312120345,2.2826209063193987,2.2821286441833113,0
20260728_151736_opaco_v5_rep1,op_aco,version5,27,8,0.019093154833035336,2.041010395332055,2.041543849648765,0
20260728_151736_opaco_v5_rep1,op_aco,version5,28,10,0.011981969254047015,2.27046869057718,2.2618642236534052,0
20260728_151736_opaco_v5_rep1,op_aco,version5,29,7,0.025427893860347803,1.9246115853710106,1.9244463752555758,0
20260728_151736_opaco_v5_rep1,op_aco,version5,30,9,0.012157809983884767,2.1772164186041927,2.1773428323969872,0
20260728_151736_opaco_v5_rep1,op_aco,version5,31,9,0.016937687171056627,2.1556040847261064,2.1492286214874428,0
20260728_151736_opaco_v5_rep1,op_aco,version5,32,8,0.013785459709358955,2.067221778102585,2.0671202927745984,0
20260728_151736_opaco_v5_rep1,op_aco,version5,33,10,0.014220731349048133,2.27098455361255,2.269946021930211,0
20260728_151736_opaco_v5_rep1,op_aco,version5,34,8,0.013574263643630274,2.060402127725558,2.0602977336274595,0
20260728_151736_opaco_v5_rep1,op_aco,version5,35,9,0.024042252433900776,2.166642688899005,2.163367398006191,0
20260728_151736_opaco_v5_rep1,op_aco,version5,36,9,0.020666430343829034,2.169676745699094,2.165277758573349,0
20260728_151736_opaco_v5_rep1,op_aco,version5,37,9,0.012210307137831151,2.1353780161196854,2.1323775656403767,0
20260728_151736_opaco_v5_rep1,op_aco,version5,38,9,0.00897617889486909,2.132357390243933,2.130342857755345,0
20260728_151736_opaco_v5_rep1,op_aco,version5,39,7,0.014113181504471734,1.93450907173554,1.93396097801418,0
20260728_151736_opaco_v5_rep1,op_aco,version5,40,9,0.013183989634858416,2.169962772706381,2.1690551372699405,0
20260728_151736_opaco_v5_rep1,op_aco,version5,41,10,0.01954540577110315,2.27762063770645,2.274692618307422,0
20260728_151736_opaco_v5_rep1,op_aco,version5,42,8,0.015157027199024743,2.072364095445865,2.073173687899546,0
20260728_151736_opaco_v5_rep1,op_aco,version5,43,9,0.010899239977243258,2.182820080809219,2.1822884520258765,0
20260728_151736_opaco_v5_rep1,op_aco,version5,44,10,0.023840775085371652,2.2458471158805344,2.2321545120377975,0
20260728_151736_opaco_v5_rep1,op_aco,version5,45,8,0.025985932960891127,2.068076972928664,2.0679829366035394,0
20260728_151736_opaco_v5_rep1,op_aco,version5,46,10,0.03043459081565792,2.2314229168812587,2.2212557673106357,0
20260728_151736_opaco_v5_rep1,op_aco,version5,47,8,0.02131215212846152,2.0328652652015204,2.0347258207229753,0
20260728_151736_opaco_v5_rep1,op_aco,version5,48,7,0.017320774463614273,1.9373318457805904,1.937711692448307,0
20260728_151736_opaco_v5_rep1,op_aco,version5,49,10,0.027967214116433426,2.2627723032831555,2.2640956701846173,0
20260728_151736_opaco_v5_rep1,op_aco,version5,50,10,0.041071436214375576,2.2726602130566076,2.261287587117766,0
20260728_151736_opaco_v5_rep1,op_aco,version5,51,7,0.007800732954766467,1.9093086155883332,1.9099468921245775,0
20260728_151736_opaco_v5_rep1,op_aco,version5,52,8,0.030977515100044005,2.0559442152846126,2.045881544180551,0
20260728_151736_opaco_v5_rep1,op_aco,version5,53,9,0.021581824285729617,2.1723218035362253,2.171673978267325,0
20260728_151736_opaco_v5_rep1,op_aco,version5,54,9,0.007340468731114378,2.173292362051606,2.172495664602749,0
20260728_151736_opaco_v5_rep1,op_aco,version5,55,8,0.01663822288820624,2.0714120876927544,2.0713539730545305,0
20260728_151736_opaco_v5_rep1,op_aco,version5,56,9,0.018319807201892784,2.1535455616425643,2.1491667578327966,0
20260728_151736_opaco_v5_rep1,op_aco,version5,57,9,0.009783091304820652,2.175146090821914,2.175499156053984,0
20260728_151736_opaco_v5_rep1,op_aco,version5,58,9,0.02854632683759318,2.175153908154532,2.1743266816812765,0
20260728_151736_opaco_v5_rep1,op_aco,version5,59,10,0.029038380710466754,2.2482095948424745,2.244710410994344,0
20260728_151736_opaco_v5_rep1,op_aco,version5,60,9,0.008642585047070793,2.183138621186705,2.1828616703028425,0
20260728_151736_opaco_v5_rep1,op_aco,version5,61,9,0.012252196831243352,2.166700928133724,2.1667005028015143,0
20260728_151736_opaco_v5_rep1,op_aco,version5,62,10,0.011028836754632171,2.2829893954103797,2.2832915071832978,0
20260728_151736_opaco_v5_rep1,op_aco,version5,63,10,0.04279750915098163,2.277849244962213,2.274006002221858,0
20260728_151736_opaco_v5_rep1,op_aco,version5,64,9,0.02826151293821119,2.182809486493385,2.18282299435471,0
20260728_151736_opaco_v5_rep1,op_aco,version5,65,10,0.02405559815357549,2.2771200864737278,2.2755396361124776,0
20260728_151736_opaco_v5_rep1,op_aco,version5,66,10,0.07016191377860989,2.273250950348058,2.2696715984241567,0
20260728_151736_opaco_v5_rep1,op_aco,version5,67,10,0.03550098815218762,2.260513434634676,2.2598542029996125,0
20260728_151736_opaco_v5_rep1,op_aco,version5,68,9,0.03812329465518169,2.1635447200106053,2.1633489314349457,0
20260728_151736_opaco_v5_rep1,op_aco,version5,69,10,0.026667447868686744,2.260511125863711,2.2485561117142034,0
20260728_151736_opaco_v5_rep1,op_aco,version5,70,10,0.02297497624822019,2.2660778096027876,2.2672314754269736,0
20260728_151736_opaco_v5_rep1,op_aco,version5,71,9,0.010786224821301767,2.1828623541219154,2.1831714754629563,0
20260728_151736_opaco_v5_rep1,op_aco,version5,72,9,0.014500520596609378,2.173731550527297,2.1735996610946984,0
20260728_151736_opaco_v5_rep1,op_aco,version5,73,10,0.022959413352051157,2.2635629569889657,2.2573223219796597,0
20260728_151736_opaco_v5_rep1,op_aco,version5,74,10,0.036065494424504636,2.289955049346408,2.2849343462031237,0
20260728_151736_opaco_v5_rep1,op_aco,version5,75,8,0.016102639557679634,2.012706417989924,1.9892996101279872,0
20260728_151736_opaco_v5_rep1,op_aco,version5,76,9,0.10302827012735048,2.1607751462246836,2.157538159689551,0
20260728_151736_opaco_v5_rep1,op_aco,version5,77,9,0.01812508479173333,2.138992574172278,2.124422347610147,0
20260728_151736_opaco_v5_rep1,op_aco,version5,78,7,0.003139717425428576,1.8927028377174542,1.8931871699500749,0
20260728_151736_opaco_v5_rep1,op_aco,version5,79,8,0.03382945837683834,2.035685295990631,2.0359595787051368,0
20260728_151736_opaco_v5_rep1,op_aco,version5,80,8,0.03607052669549063,2.0423200771686907,2.030201966212962,0
20260728_151736_opaco_v5_rep1,op_aco,version5,81,10,0.01815965643550034,2.2761522892192207,2.2679334013902266,0
20260728_151736_opaco_v5_rep1,op_aco,version5,82,9,0.02179789493456026,2.157683970681893,2.1517573433123283,0
20260728_151736_opaco_v5_rep1,op_aco,version5,83,7,0.026828709011667746,1.936335800249107,1.9359754781153748,0
20260728_151736_opaco_v5_rep1,op_aco,version5,84,10,0.02762955820882417,2.286599681630795,2.2866837197919367,0
20260728_151736_opaco_v5_rep1,op_aco,version5,85,8,0.026145346900739913,2.0562269093047782,2.046716850831264,0
20260728_151736_opaco_v5_rep1,op_aco,version5,86,7,0.014398778561325733,1.9304723893385098,1.9301484716982171,0
20260728_151736_opaco_v5_rep1,op_aco,version5,87,8,0.04508337739364572,2.0720912631488044,2.070630826316796,0
20260728_151736_opaco_v5_rep1,op_aco,version5,88,9,0.010116175313763026,2.1937459453743964,2.1937806826998973,0
20260728_151736_opaco_v5_rep1,op_aco,version5,89,9,0.02889076306999288,2.191279227627419,2.1887678696075112,0
20260728_151736_opaco_v5_rep1,op_aco,version5,90,10,0.03804261679566399,2.279130962628807,2.2581782992649932,0
20260728_151736_opaco_v5_rep1,op_aco,version5,91,9,0.025665888641249898,2.1552693274253314,2.1535237675228416,0
20260728_151736_opaco_v5_rep1,op_aco,version5,92,9,0.016347426360354946,2.18110639189341,2.180921841628727,0
20260728_151736_opaco_v5_rep1,op_aco,version5,93,9,0.03936383298305111,2.1884067814389763,2.185687833439806,0
20260728_151736_opaco_v5_rep1,op_aco,version5,94,10,0.012300515576365334,2.2781178191125555,2.2789421900428977,0
20260728_151736_opaco_v5_rep1,op_aco,version5,95,10,0.03191971679906116,2.268739798458004,2.266626447037244,0
20260728_151736_opaco_v5_rep1,op_aco,version5,96,6,0.022326258843090443,1.7810293234976955,1.7810011074270926,0
20260728_151736_opaco_v5_rep1,op_aco,version5,97,8,0.04688118229261025,2.017935647771004,2.017964953571952,0
20260728_151736_opaco_v5_rep1,op_aco,version5,98,8,0.02341638169676864,2.0503100892528145,2.0502645603770975,0
20260728_151736_opaco_v5_rep1,op_aco,version5,99,10,0.03231714765767735,2.2906645737578684,2.290519636060617,0
20260728_151736_opaco_v5_rep1,op_aco,version5,100,6,0.10265837249023739,1.7712565177079764,1.7743936402002936,0
20260728_151736_opaco_v5_rep2,op_aco,version5,1,10,0.2691252608792653,2.299662251995706,2.2996453893256112,1
20260728_151736_opaco_v5_rep2,op_aco,version5,2,9,0.1435003100684421,2.194115770894074,2.1933471109582205,0
20260728_151736_opaco_v5_rep2,op_aco,version5,3,7,0.17164423146366797,1.9360029211323753,1.9376884822803688,1
20260728_151736_opaco_v5_rep2,op_aco,version5,4,9,0.11088969619029843,2.190994026531084,2.191703322275186,1
20260728_151736_opaco_v5_rep2,op_aco,version5,5,10,0.09644714796573514,2.2927036957631692,2.2931075058091324,0
20260728_151736_opaco_v5_rep2,op_aco,version5,6,10,0.08382445719345802,2.299808741358053,2.2993719915722037,1
20260728_151736_opaco_v5_rep2,op_aco,version5,7,10,0.06896718289799551,2.30148872310264,2.300809414585145,1
20260728_151736_opaco_v5_rep2,op_aco,version5,8,10,0.07604937435781689,2.300221473050492,2.3002906366090414,0
20260728_151736_opaco_v5_rep2,op_aco,version5,9,10,0.10461444046180306,2.2974495040108667,2.297580318101187,1
20260728_151736_opaco_v5_rep2,op_aco,version5,10,10,0.08648747541512727,2.289609890232548,2.2838806789944996,0
20260728_151736_opaco_v5_rep2,op_aco,version5,11,8,0.06742338379262496,2.0616000499953806,2.0610233864197225,0
20260728_151736_opaco_v5_rep2,op_aco,version5,12,10,0.06770051803858809,2.298558542457078,2.2981865019627996,1
20260728_151736_opaco_v5_rep2,op_aco,version5,13,10,0.18958301885563628,2.283350131058725,2.286761169453708,0
20260728_151736_opaco_v5_rep2,op_aco,version5,14,10,0.0950308101158241,2.275438086148729,2.2672656458581204,0
20260728_151736_opaco_v5_rep2,op_aco,version5,15,10,0.12228441621224953,2.292392550783691,2.291902488446881,0
20260728_151736_opaco_v5_rep2,op_aco,version5,16,10,0.10087615723056191,2.2747312093211667,2.274330412384197,0
20260728_151736_opaco_v5_rep2,op_aco,version5,17,10,0.14015331672818046,2.2725071059639594,2.2695040415929006,1
20260728_151736_opaco_v5_rep2,op_aco,version5,18,9,0.07333478859810065,2.1927579486435884,2.1926261028493683,1
20260728_151736_opaco_v5_rep2,op_aco,version5,19,10,0.12020160439133551,2.2800458968123576,2.277261022353982,0
20260728_151736_opaco_v5_rep2,op_aco,version5,20,10,0.06679185338107063,2.297590976953813,2.298047095373626,1
20260728_151736_opaco_v5_rep2,op_aco,version5,21,10,0.057251310686596044,2.293781601022463,2.2945958302932064,0
20260728_151736_opaco_v5_rep2,op_aco,version5,22,10,0.08439321357128396,2.2831789130668527,2.2774354262797907,1
20260728_151736_opaco_v5_rep2,op_aco,version5,23,9,0.09012234024885293,2.1877893780925,2.188394008825403,0
20260728_151736_opaco_v5_rep2,op_aco,version5,24,9,0.01344298703688052,2.153279062947921,2.152528109863816,0
20260728_151736_opaco_v5_rep2,op_aco,version5,25,9,0.04600887110586559,2.1712567527391484,2.1716374202557995,0
20260728_151736_opaco_v5_rep2,op_aco,version5,26,10,0.06792935251016693,2.300961257690471,2.3010117784459725,0
20260728_151736_opaco_v5_rep2,op_aco,version5,27,8,0.01938883447132812,2.03830219749948,2.0398664180280814,0
20260728_151736_opaco_v5_rep2,op_aco,version5,28,10,0.04825205529222706,2.2760973119377703,2.27319026145988,0
20260728_151736_opaco_v5_rep2,op_aco,version5,29,6,0.0213783961857708,1.7828506087840659,1.7831840264177843,0
20260728_151736_opaco_v5_rep2,op_aco,version5,30,5,0.020917251331023533,1.6062358574662152,1.6070197458616113,0
20260728_151736_opaco_v5_rep2,op_aco,version5,31,9,0.043566961601170746,2.1823770779938094,2.1820990983243687,0
20260728_151736_opaco_v5_rep2,op_aco,version5,32,9,0.07192291449376803,2.184262314681447,2.183561055382298,0
20260728_151736_opaco_v5_rep2,op_aco,version5,33,9,0.05747757058368735,2.175903614846712,2.175571312313461,0
20260728_151736_opaco_v5_rep2,op_aco,version5,34,10,0.045361036130472585,2.298367249569956,2.2973135723591662,0
20260728_151736_opaco_v5_rep2,op_aco,version5,35,10,0.06650846345692053,2.282498995816708,2.2830432800962983,0
20260728_151736_opaco_v5_rep2,op_aco,version5,36,9,0.029969378499013037,2.192921551429012,2.1929663476919483,0
20260728_151736_opaco_v5_rep2,op_aco,version5,37,9,0.06090452135064217,2.1890631975755386,2.1876270190449367,0
20260728_151736_opaco_v5_rep2,op_aco,version5,38,10,0.06251381773126953,2.288779426367425,2.2888211068433764,0
20260728_151736_opaco_v5_rep2,op_aco,version5,39,10,0.10578327313664779,2.285695802099765,2.285732242240136,0
20260728_151736_opaco_v5_rep2,op_aco,version5,40,10,0.04662826250513324,2.286880722906033,2.292090128934313,0
20260728_151736_opaco_v5_rep2,op_aco,version5,41,8,0.024158846421753297,2.0286419478692825,2.029522515551455,0
20260728_151736_opaco_v5_rep2,op_aco,version5,42,9,0.03374839557317587,2.1524548215552555,2.12922743462845,0
20260728_151736_opaco_v5_rep2,op_aco,version5,43,8,0.03777485252525102,2.051382123181084,2.049863889121093,0
20260728_151736_opaco_v5_rep2,op_aco,version5,44,10,0.039601037844059744,2.276716075050254,2.27174274904778,0
20260728_151736_opaco_v5_rep2,op_aco,version5,45,10,0.0362395925066334,2.2705731973327508,2.272066889948791,0
20260728_151736_opaco_v5_rep2,op_aco,version5,46,10,0.02947818993926009,2.2894911221605003,2.289244431078282,0
20260728_151736_opaco_v5_rep2,op_aco,version5,47,10,0.03952644181211657,2.2829126147872736,2.2847587932605165,0
20260728_151736_opaco_v5_rep2,op_aco,version5,48,10,0.039001109979648715,2.274925665503739,2.2743237983165945,0
20260728_151736_opaco_v5_rep2,op_aco,version5,49,10,0.05322953773214811,2.26701213348997,2.2618022516001264,0
20260728_151736_opaco_v5_rep2,op_aco,version5,50,10,0.042404971279495614,2.2667833968014053,2.2702269018534897,0
20260728_151736_opaco_v5_rep2,op_aco,version5,51,10,0.06311524152250361,2.2772345306067185,2.2780790436142277,0
20260728_151736_opaco_v5_rep2,op_aco,version5,52,9,0.04080682437611503,2.1727698604075045,2.174580993418859,0
20260728_151736_opaco_v5_rep2,op_aco,version5,53,10,0.05940307516633486,2.2973710164507577,2.297117452486162,0
20260728_151736_opaco_v5_rep2,op_aco,version5,54,10,0.03180284414871504,2.264769666212927,2.26811136238646,0
20260728_151736_opaco_v5_rep2,op_aco,version5,55,9,0.04162999166080131,2.1553804457705987,2.1557151220078232,0
20260728_151736_opaco_v5_rep2,op_aco,version5,56,9,0.03236575538780088,2.175731327867991,2.174788174360167,0
20260728_151736_opaco_v5_rep2,op_aco,version5,57,10,0.012596978065140865,2.2442859374834563,2.239938337805433,1
20260728_151736_opaco_v5_rep2,op_aco,version5,58,10,0.03635275292231471,2.272107174509143,2.2718573825248587,1
20260728_151736_opaco_v5_rep2,op_aco,version5,59,9,0.06005931203327042,2.1735240001426552,2.1573939239249125,0
20260728_151736_opaco_v5_rep2,op_aco,version5,60,10,0.03039581175931102,2.2341546588208163,2.2339307411634186,0
20260728_151736_opaco_v5_rep2,op_aco,version5,61,10,0.06167621316501317,2.2682218927263067,2.269411227818311,1
20260728_151736_opaco_v5_rep2,op_aco,version5,62,10,0.0497794765663577,2.26189598572817,2.2616295145348855,0
20260728_151736_opaco_v5_rep2,op_aco,version5,63,8,0.05718083334774074,2.066754960113695,2.0644842353346515,0
20260728_151736_opaco_v5_rep2,op_aco,version5,64,10,0.05014784082565958,2.2716146298672895,2.267098492355429,0
20260728_151736_opaco_v5_rep2,op_aco,version5,65,8,0.052286556893793114,2.039306314377673,2.025923416033269,0
20260728_151736_opaco_v5_rep2,op_aco,version5,66,10,0.04279844037110896,2.2885433868714418,2.2907893195392792,0
20260728_151736_opaco_v5_rep2,op_aco,version5,67,10,0.016571428571411997,2.2826646750485464,2.2827458984247113,0
20260728_151736_opaco_v5_rep2,op_aco,version5,68,10,0.027876267917849428,2.2458912601605245,2.2439436307388076,0
20260728_151736_opaco_v5_rep2,op_aco,version5,69,10,0.05980267159294424,2.2806005603459427,2.2798355592209965,0
20260728_151736_opaco_v5_rep2,op_aco,version5,70,9,0.044337695698768734,2.172831023368479,2.1730595251622162,0
20260728_151736_opaco_v5_rep2,op_aco,version5,71,10,0.0316297274928415,2.2817297682174416,2.2762275320229417,0
20260728_151736_opaco_v5_rep2,op_aco,version5,72,9,0.07050063858578565,2.1750407315068574,2.175096151375487,0
20260728_151736_opaco_v5_rep2,op_aco,version5,73,9,0.06152320858387059,2.1876790750111725,2.188010911496714,1
20260728_151736_opaco_v5_rep2,op_aco,version5,74,10,0.04213828866917762,2.2756853202166045,2.2768714690913443,1
20260728_151736_opaco_v5_rep2,op_aco,version5,75,8,0.014827453619133492,2.0443877736185008,2.044666868596123,0
20260728_151736_opaco_v5_rep2,op_aco,version5,76,9,0.03588165157659687,2.185705737790389,2.18584002774867,0
20260728_151736_opaco_v5_rep2,op_aco,version5,77,10,0.04428868552401729,2.299293956422149,2.2993836763504274,0
20260728_151736_opaco_v5_rep2,op_aco,version5,78,10,0.023636412614550423,2.3002198675441234,2.3000788862227393,0
20260728_151736_opaco_v5_rep2,op_aco,version5,79,9,0.05635635174602506,2.19074395383444,2.1898162531178857,0
20260728_151736_opaco_v5_rep2,op_aco,version5,80,8,0.054940363169163633,2.0591626059267734,2.058708094415831,1
20260728_151736_opaco_v5_rep2,op_aco,version5,81,9,0.04639276772605466,2.1667470707403638,2.1663325973598355,1
20260728_151736_opaco_v5_rep2,op_aco,version5,82,10,0.0641581681698681,2.2847136669038326,2.2845965730015982,0
20260728_151736_opaco_v5_rep2,op_aco,version5,83,10,0.06650724393945175,2.3009800309504462,2.300723706419081,0
20260728_151736_opaco_v5_rep2,op_aco,version5,84,9,0.07049989827011968,2.1910104536392594,2.190947304702691,0
20260728_151736_opaco_v5_rep2,op_aco,version5,85,10,0.07312296114706576,2.2901085619356247,2.2894651676973483,0
20260728_151736_opaco_v5_rep2,op_aco,version5,86,10,0.0840099504867971,2.285600614684084,2.2855246636051265,0
20260728_151736_opaco_v5_rep2,op_aco,version5,87,9,0.02724384552365056,2.184908813417672,2.184826229260164,0
20260728_151736_opaco_v5_rep2,op_aco,version5,88,8,0.039604516248632364,2.0716487361566647,2.071768635917838,0
20260728_151736_opaco_v5_rep2,op_aco,version5,89,10,0.0638041517036296,2.292964699099688,2.2912216559018312,1
20260728_151736_opaco_v5_rep2,op_aco,version5,90,9,0.0694527454849919,2.188803077299154,2.1890828215657745,0
20260728_151736_opaco_v5_rep2,op_aco,version5,91,7,0.04100133629908703,1.8877779144098403,1.8865737462772594,0
20260728_151736_opaco_v5_rep2,op_aco,version5,92,9,0.04355075192390191,2.183168369884708,2.183345060532824,0
20260728_151736_opaco_v5_rep2,op_aco,version5,93,9,0.031984820074920844,2.1369262753865597,2.1364265158731612,0
20260728_151736_opaco_v5_rep2,op_aco,version5,94,7,0.0879894475434868,1.9380192698254897,1.930624671208226,0
20260728_151736_opaco_v5_rep2,op_aco,version5,95,8,0.040211321449612855,2.0112813471487883,2.011548406214391,0
20260728_151736_opaco_v5_rep2,op_aco,version5,96,10,0.02347125827809022,2.242555754889771,2.241804433479916,0
20260728_151736_opaco_v5_rep2,op_aco,version5,97,10,0.03385468767620173,2.2519987969954696,2.2516221074447538,0
20260728_151736_opaco_v5_rep2,op_aco,version5,98,9,0.028733152066448733,2.1421928612465786,2.1408189239347033,0
20260728_151736_opaco_v5_rep2,op_aco,version5,99,10,0.05893313128661333,2.285606001127423,2.2851272988541056,0
20260728_151736_opaco_v5_rep2,op_aco,version5,100,8,0.08017198354091888,2.067518202186487,2.06623406394814,0
20260728_151736_opaco_v5_rep3,op_aco,version5,1,9,0.2856800356710858,2.1900985445414656,2.1922754101263253,1
20260728_151736_opaco_v5_rep3,op_aco,version5,2,10,0.15608381559621148,2.300655587095032,2.301225500820263,0
20260728_151736_opaco_v5_rep3,op_aco,version5,3,10,0.15302749805938118,2.296697371267434,2.2968093423109317,0
20260728_151736_opaco_v5_rep3,op_aco,version5,4,9,0.11933737418169092,2.1857804666267393,2.185515127074992,1
20260728_151736_opaco_v5_rep3,op_aco,version5,5,8,0.08964247296717162,2.056107416295426,2.0557329104256716,0
20260728_151736_opaco_v5_rep3,op_aco,version5,6,10,0.06537952371214846,2.2746408865391743,2.2707411767251218,0
20260728_151736_opaco_v5_rep3,op_aco,version5,7,10,0.030895365183308952,2.275372326103011,2.2753346254172615,1
20260728_151736_opaco_v5_rep3,op_aco,version5,8,10,0.03882857371379779,2.295211011075412,2.2957212930772437,0
20260728_151736_opaco_v5_rep3,op_aco,version5,9,8,0.034851227147490775,2.0705785001244656,2.0710503159299014,0
20260728_151736_opaco_v5_rep3,op_aco,version5,10,10,0.030586789753425835,2.295456643506792,2.2954662709642824,1
20260728_151736_opaco_v5_rep3,op_aco,version5,11,9,0.0396160642733083,2.1757747972132946,2.1754773478184313,0
20260728_151736_opaco_v5_rep3,op_aco,version5,12,9,0.05297998514044815,2.179268707906563,2.178107047210537,0
20260728_151736_opaco_v5_rep3,op_aco,version5,13,10,0.039823362342262594,2.295523541356116,2.294077886805737,0
20260728_151736_opaco_v5_rep3,op_aco,version5,14,9,0.06818485268156205,2.1375107755788494,2.1385941064955833,0
20260728_151736_opaco_v5_rep3,op_aco,version5,15,10,0.07040291093785905,2.265901417933508,2.2638399485648377,0
20260728_151736_opaco_v5_rep3,op_aco,version5,16,6,0.1456916902385622,1.7840979117298823,1.783449772704195,0
20260728_151736_opaco_v5_rep3,op_aco,version5,17,10,0.04029069696208303,2.2663723917310916,2.2633818158475023,1
20260728_151736_opaco_v5_rep3,op_aco,version5,18,10,0.04703672668987796,2.2722843114018123,2.276118214573277,1
20260728_151736_opaco_v5_rep3,op_aco,version5,19,9,0.035151791590063465,2.1787221129884156,2.1778640643190985,1
20260728_151736_opaco_v5_rep3,op_aco,version5,20,10,0.022073223908744295,2.294426905874556,2.2903119894636466,1
20260728_151736_opaco_v5_rep3,op_aco,version5,21,8,0.02155713600004925,2.0594150546539285,2.0592540713337777,0
20260728_151736_opaco_v5_rep3,op_aco,version5,22,7,0.051984748099092974,1.936492906240344,1.9362873192335268,0
20260728_151736_opaco_v5_rep3,op_aco,version5,23,9,0.026071850894751693,2.181471609209021,2.181232390416019,1
20260728_151736_opaco_v5_rep3,op_aco,version5,24,10,0.027582522864778573,2.2940469797832836,2.2940758644599826,1
20260728_151736_opaco_v5_rep3,op_aco,version5,25,10,0.1010807735717308,2.292224731132709,2.292296785915585,1
20260728_151736_opaco_v5_rep3,op_aco,version5,26,9,0.030809957224067985,2.1892088298351293,2.188679052610421,0
20260728_151736_opaco_v5_rep3,op_aco,version5,27,6,0.03947457245720625,1.7774368410733064,1.7775019353384311,0
20260728_151736_opaco_v5_rep3,op_aco,version5,28,9,0.027848449783694898,2.1689626901397734,2.168715214374222,1
20260728_151736_opaco_v5_rep3,op_aco,version5,29,9,0.07379168623057794,2.1725904954849278,2.1693167011335563,0
20260728_151736_opaco_v5_rep3,op_aco,version5,30,8,0.06248080485253416,2.060071441664512,2.0603277892257337,0
20260728_151736_opaco_v5_rep3,op_aco,version5,31,10,0.04631753287203995,2.2790572798185105,2.279081863353094,0
20260728_151736_opaco_v5_rep3,op_aco,version5,32,10,0.010640225100205208,2.2840675661147323,2.2837345718193394,1
20260728_151736_opaco_v5_rep3,op_aco,version5,33,8,0.06373827740184047,2.038955417640994,2.0385253293909926,0
20260728_151736_opaco_v5_rep3,op_aco,version5,34,8,0.04012859214745622,2.071932718934473,2.072072675438129,0
20260728_151736_opaco_v5_rep3,op_aco,version5,35,8,0.027674479097002044,2.035583634300117,2.0341876982814413,0
20260728_151736_opaco_v5_rep3,op_aco,version5,36,10,0.03372232534677684,2.281976385144013,2.281919083756661,0
20260728_151736_opaco_v5_rep3,op_aco,version5,37,8,0.031207659816110404,2.066261568431064,2.06612717968999,1
20260728_151736_opaco_v5_rep3,op_aco,version5,38,10,0.05035108106332703,2.2655968497801373,2.2656130617639345,0
20260728_151736_opaco_v5_rep3,op_aco,version5,39,10,0.034836370484857215,2.287281125043912,2.2873408805848188,0
20260728_151736_opaco_v5_rep3,op_aco,version5,40,9,0.027117618992952872,2.161832059108984,2.1614396772860998,0
20260728_151736_opaco_v5_rep3,op_aco,version5,41,9,0.09515533169416451,2.1320279468063412,2.1322458902657044,0
20260728_151736_opaco_v5_rep3,op_aco,version5,42,10,0.06461336357776679,2.283189053641956,2.2829586492009186,0
20260728_151736_opaco_v5_rep3,op_aco,version5,43,10,0.01678867357277025,2.2953459017580378,2.2892955803598873,0
20260728_151736_opaco_v5_rep3,op_aco,version5,44,9,0.02283239796900798,2.160002595461624,2.144472117106118,0
20260728_151736_opaco_v5_rep3,op_aco,version5,45,9,0.024985856228606586,2.18120931553873,2.18092912092889,0
20260728_151736_opaco_v5_rep3,op_aco,version5,46,10,0.05613293574823661,2.2818973975801513,2.273687248837211,0
20260728_151736_opaco_v5_rep3,op_aco,version5,47,9,0.046133488318673005,2.1847512278736527,2.184825257257008,0
20260728_151736_opaco_v5_rep3,op_aco,version5,48,10,0.03188009984999278,2.2807104639663653,2.279228879177126,0
20260728_151736_opaco_v5_rep3,op_aco,version5,49,10,0.05460062515790613,2.2661372780666214,2.2633831257508907,0
20260728_151736_opaco_v5_rep3,op_aco,version5,50,6,0.008737678008376265,1.7884542862304569,1.7884620913980294,0
20260728_151736_opaco_v5_rep3,op_aco,version5,51,9,0.023891343478948453,2.1849357224702,2.1849146985404997,0
20260728_151736_opaco_v5_rep3,op_aco,version5,52,10,0.09747170428609189,2.272846050082159,2.2715161894219444,0
20260728_151736_opaco_v5_rep3,op_aco,version5,53,8,0.0639942915999373,2.0185185925997366,2.0185052101342893,0
20260728_151736_opaco_v5_rep3,op_aco,version5,54,9,0.05583649030112468,2.145269928613988,2.1412847433822613,0
20260728_151736_opaco_v5_rep3,op_aco,version5,55,9,0.018304615035953375,2.18738209927985,2.1872955808792214,0
20260728_151736_opaco_v5_rep3,op_aco,version5,56,10,0.027086249265898178,2.2591619026252547,2.2573565695885915,0
20260728_151736_opaco_v5_rep3,op_aco,version5,57,10,0.012372476957429962,2.282032554321154,2.281896083267947,0
20260728_151736_opaco_v5_rep3,op_aco,version5,58,10,0.0564170950993201,2.2681560106412384,2.2678573295546514,0
20260728_151736_opaco_v5_rep3,op_aco,version5,59,10,0.01445556315308184,2.2726440018858898,2.2729422613197934,0
20260728_151736_opaco_v5_rep3,op_aco,version5,60,10,0.04235552798929229,2.2658745177747615,2.2602548434237906,0
20260728_151736_opaco_v5_rep3,op_aco,version5,61,10,0.01693477645725528,2.2472564508602195,2.240939226292847,0
20260728_151736_opaco_v5_rep3,op_aco,version5,62,10,0.02690353637507739,2.2516986180102867,2.2422152586230197,0
20260728_151736_opaco_v5_rep3,op_aco,version5,63,8,0.05764127368106292,2.0539282477245546,2.0562693275635624,0
20260728_151736_opaco_v5_rep3,op_aco,version5,64,8,0.04488993587248315,2.0509046585743587,2.050704834479464,0
20260728_151736_opaco_v5_rep3,op_aco,version5,65,9,0.04203532552658201,2.150785302896789,2.146916957091726,0
20260728_151736_opaco_v5_rep3,op_aco,version5,66,10,0.027435073118361082,2.2757887267776615,2.2767505526821417,0
20260728_151736_opaco_v5_rep3,op_aco,version5,67,10,0.01641969727871655,2.2719578849030664,2.2718280457952273,0
20260728_151736_opaco_v5_rep3,op_aco,version5,68,9,0.03166403339956338,2.16137541223479,2.160863796638509,0
20260728_151736_opaco_v5_rep3,op_aco,version5,69,9,0.03445006857323983,2.1639630693706096,2.150264660988222,0
20260728_151736_opaco_v5_rep3,op_aco,version5,70,10,0.09740087109180348,2.239164148451541,2.241186479537884,1
20260728_151736_opaco_v5_rep3,op_aco,version5,71,9,0.06611348292329465,2.182686457694456,2.182791245147106,0
20260728_151736_opaco_v5_rep3,op_aco,version5,72,10,0.03255566658317706,2.262193343086376,2.256718163077692,0
20260728_151736_opaco_v5_rep3,op_aco,version5,73,8,0.04072978358957423,2.066370738769713,2.066723702754842,0
20260728_151736_opaco_v5_rep3,op_aco,version5,74,9,0.059470658739799634,2.1940030356586675,2.19251986490366,0
20260728_151736_opaco_v5_rep3,op_aco,version5,75,9,0.039817209656001565,2.1931244381746593,2.193134152344547,0
20260728_151736_opaco_v5_rep3,op_aco,version5,76,10,0.03683581591468861,2.261986879625894,2.2616441366659084,0
20260728_151736_opaco_v5_rep3,op_aco,version5,77,7,0.07161395092999222,1.9357285431381104,1.9355028728584829,1
20260728_151736_opaco_v5_rep3,op_aco,version5,78,10,0.03556004867847677,2.292011667095929,2.2911762368536133,0
20260728_151736_opaco_v5_rep3,op_aco,version5,79,10,0.020284983771381708,2.2981228057127625,2.298227199422309,1
20260728_151736_opaco_v5_rep3,op_aco,version5,80,10,0.03539827173519226,2.2580312481547726,2.2541753391247674,0
20260728_151736_opaco_v5_rep3,op_aco,version5,81,9,0.04602319550900062,2.1541986498684773,2.156568483189692,0
20260728_151736_opaco_v5_rep3,op_aco,version5,82,9,0.013981699610772577,2.192697667380454,2.1927961978628074,0
20260728_151736_opaco_v5_rep3,op_aco,version5,83,10,0.016894260046521403,2.273621835083226,2.2754049224158344,0
20260728_151736_opaco_v5_rep3,op_aco,version5,84,7,0.0169895586866127,1.9395130639166176,1.939398204288248,0
20260728_151736_opaco_v5_rep3,op_aco,version5,85,7,0.020058723626042378,1.924196599717884,1.923551975597853,0
20260728_151736_opaco_v5_rep3,op_aco,version5,86,7,0.03586173682892647,1.9406991615674123,1.9406132581086135,0
20260728_151736_opaco_v5_rep3,op_aco,version5,87,10,0.010175474522796562,2.2982094085995195,2.29819764604955,0
20260728_151736_opaco_v5_rep3,op_aco,version5,88,10,0.03110659074002493,2.265990420026531,2.265783283041443,0
20260728_151736_opaco_v5_rep3,op_aco,version5,89,10,0.037538931757341715,2.2697236992378764,2.266308641114101,0
20260728_151736_opaco_v5_rep3,op_aco,version5,90,8,0.032006144876108894,2.068783854340964,2.068615148056031,1
20260728_151736_opaco_v5_rep3,op_aco,version5,91,7,0.003348214285710937,1.922386717530615,1.922239749650791,0
20260728_151736_opaco_v5_rep3,op_aco,version5,92,7,0.04032491512816211,1.880537304554088,1.879201092704648,0
20260728_151736_opaco_v5_rep3,op_aco,version5,93,10,0.013076923076909996,2.205101612917281,2.171771069023552,0
20260728_151736_opaco_v5_rep3,op_aco,version5,94,6,0.033500492553759496,1.74767298122658,1.747420099693402,0
20260728_151736_opaco_v5_rep3,op_aco,version5,95,7,0.050125758675236845,1.889581222916764,1.8831674643616392,0
20260728_151736_opaco_v5_rep3,op_aco,version5,96,9,0.006864316239309369,2.1268286696254517,2.125800071482577,0
20260728_151736_opaco_v5_rep3,op_aco,version5,97,8,0.013671874999986327,2.0065417292000705,2.0056748121715504,0
20260728_151736_opaco_v5_rep3,op_aco,version5,98,7,0.009865730643392532,1.8857317111199912,1.8850870717446222,0
20260728_151736_opaco_v5_rep3,op_aco,version5,99,10,0.05794939517667623,2.2839915737958836,2.2838179856793297,0
20260728_151736_opaco_v5_rep3,op_aco,version5,100,9,0.045932581160511986,2.123760635599603,2.123118131070286,0
v6_20260801_183249_opaco_v6_rep1,op_aco,version6,1,9,0.2875805391878552,2.187616479875076,2.189285140865003,1
v6_20260801_183249_opaco_v6_rep1,op_aco,version6,2,10,0.14708438662933526,2.2962882965064666,2.297668366330941,1
v6_20260801_183249_opaco_v6_rep1,op_aco,version6,3,10,0.16533418122106933,2.298048387523255,2.2986655494861443,0
v6_20260801_183249_opaco_v6_rep1,op_aco,version6,4,10,0.1930257111128249,2.2865060656823606,2.281003928428764,0
v6_20260801_183249_opaco_v6_rep1,op_aco,version6,5,9,0.11711121713904642,2.193846924114212,2.1946608080500267,0
v6_20260801_183249_opaco_v6_rep1,op_aco,version6,6,9,0.11354028482969321,2.1942842177541,2.195712729339244,0
v6_20260801_183249_opaco_v6_rep1,op_aco,version6,7,8,0.1122284633387663,2.074392309962008,2.074100581143317,0
v6_20260801_183249_opaco_v6_rep1,op_aco,version6,8,8,0.0944489858148089,2.0616268781432976,2.0650664029075467,0
v6_20260801_183249_opaco_v6_rep1,op_aco,version6,9,8,0.13154030284226026,2.0764229313093434,2.074806840453446,0
v6_20260801_183249_opaco_v6_rep1,op_aco,version6,10,10,0.09497082676044859,2.2996213393299922,2.3001716860969728,0
v6_20260801_183249_opaco_v6_rep1,op_aco,version6,11,10,0.10408644304999833,2.282669223257165,2.2791388651539246,0
v6_20260801_183249_opaco_v6_rep1,op_aco,version6,12,10,0.07939496329210731,2.261650344104341,2.2592569347177625,0
v6_20260801_183249_opaco_v6_rep1,op_aco,version6,13,9,0.07072094839985305,2.187235657074225,2.1872072129030022,0
v6_20260801_183249_opaco_v6_rep1,op_aco,version6,14,10,0.13612448935527482,2.298126098574043,2.2977892294757556,0
v6_20260801_183249_opaco_v6_rep1,op_aco,version6,15,9,0.07549138082183356,2.1899180361017887,2.188542655405819,1
v6_20260801_183249_opaco_v6_rep1,op_aco,version6,16,9,0.08402669795804492,2.195128081873875,2.1930618013134606,0
v6_20260801_183249_opaco_v6_rep1,op_aco,version6,17,10,0.10402992490397904,2.301728111573944,2.301545016342167,0
v6_20260801_183249_opaco_v6_rep1,op_aco,version6,18,10,0.07865572841732961,2.302020151761301,2.300723937663174,1
v6_20260801_183249_opaco_v6_rep1,op_aco,version6,19,9,0.0898057821361003,2.1964263958620833,2.196474452790844,0
v6_20260801_183249_opaco_v6_rep1,op_aco,version6,20,10,0.07119346526152831,2.278579549044402,2.273118318538261,1
v6_20260801_183249_opaco_v6_rep1,op_aco,version6,21,9,0.056782969824633454,2.1781783436111453,2.177761550337929,1
v6_20260801_183249_opaco_v6_rep1,op_aco,version6,22,9,0.0835983705090087,2.1468460870674138,2.136385147141382,0
v6_20260801_183249_opaco_v6_rep1,op_aco,version6,23,9,0.09644667941488942,2.1791366768699696,2.1760747906261835,1
v6_20260801_183249_opaco_v6_rep1,op_aco,version6,24,8,0.041280078691594016,2.0720963990031347,2.0721060551670436,0
v6_20260801_183249_opaco_v6_rep1,op_aco,version6,25,10,0.07915316363006135,2.2938298079224544,2.2947620895334455,0
v6_20260801_183249_opaco_v6_rep1,op_aco,version6,26,10,0.07461817313581913,2.29761526933895,2.2973876740733554,0
v6_20260801_183249_opaco_v6_rep1,op_aco,version6,27,10,0.12197623120530812,2.2968989794640424,2.296569768364307,0
v6_20260801_183249_opaco_v6_rep1,op_aco,version6,28,10,0.09794298707245286,2.2750908698124896,2.275235436590164,0
v6_20260801_183249_opaco_v6_rep1,op_aco,version6,29,9,0.07753611089868263,2.1895300187353355,2.1893353058559817,0
v6_20260801_183249_opaco_v6_rep1,op_aco,version6,30,9,0.0603283260605746,2.183651600181708,2.183903787296867,0
v6_20260801_183249_opaco_v6_rep1,op_aco,version6,31,9,0.05104170071873262,2.1856389469210318,2.182607850132009,1
v6_20260801_183249_opaco_v6_rep1,op_aco,version6,32,10,0.09652845631132591,2.2975615688112545,2.2958755922151926,0
v6_20260801_183249_opaco_v6_rep1,op_aco,version6,33,10,0.05639453360553146,2.2819863476418676,2.269062902032446,0
v6_20260801_183249_opaco_v6_rep1,op_aco,version6,34,8,0.06703750382085155,2.06574116605891,2.066288130935199,0
v6_20260801_183249_opaco_v6_rep1,op_aco,version6,35,10,0.058602239303631454,2.298045867757669,2.2969376277242546,0
v6_20260801_183249_opaco_v6_rep1,op_aco,version6,36,9,0.07876935797289819,2.196177915602554,2.1967026800542047,0
v6_20260801_183249_opaco_v6_rep1,op_aco,version6,37,9,0.09391611919617307,2.1903458514906706,2.190284275122324,0
v6_20260801_183249_opaco_v6_rep1,op_aco,version6,38,9,0.0822708917630644,2.192299388462115,2.1898208416935727,0
v6_20260801_183249_opaco_v6_rep1,op_aco,version6,39,8,0.08941708665886429,2.0672634113822275,2.0686062595498207,0
v6_20260801_183249_opaco_v6_rep1,op_aco,version6,40,9,0.09613842305979407,2.183572245438037,2.1850827916371505,0
v6_20260801_183249_opaco_v6_rep1,op_aco,version6,41,10,0.09621793789369945,2.269186630952737,2.26984585223212,0
v6_20260801_183249_opaco_v6_rep1,op_aco,version6,42,9,0.08955365666890375,2.1736806559141497,2.174384284131003,0
v6_20260801_183249_opaco_v6_rep1,op_aco,version6,43,10,0.0640223220723343,2.2899558804512408,2.2890855907566925,0
v6_20260801_183249_opaco_v6_rep1,op_aco,version6,44,7,0.11311079118213577,1.9381284230012354,1.9384058443398957,0
v6_20260801_183249_opaco_v6_rep1,op_aco,version6,45,10,0.1579937537164467,2.298374005022024,2.2994708018607493,0
v6_20260801_183249_opaco_v6_rep1,op_aco,version6,46,10,0.060906116710848245,2.270589387401597,2.2711294062837326,0
v6_20260801_183249_opaco_v6_rep1,op_aco,version6,47,10,0.05998500805214757,2.2742383550471805,2.272534438787098,0
v6_20260801_183249_opaco_v6_rep1,op_aco,version6,48,9,0.1547360242688031,2.188611111873573,2.1883843960035416,0
v6_20260801_183249_opaco_v6_rep1,op_aco,version6,49,9,0.0480951897333811,2.183227977439243,2.18327757155216,0
v6_20260801_183249_opaco_v6_rep1,op_aco,version6,50,10,0.06971149043545259,2.2906384806780644,2.2903133498790433,0
v6_20260801_183249_opaco_v6_rep1,op_aco,version6,51,10,0.08400430152357766,2.2898558540378082,2.288835511487418,0
v6_20260801_183249_opaco_v6_rep1,op_aco,version6,52,10,0.09638589941851208,2.2856962982309765,2.286130724671888,0
v6_20260801_183249_opaco_v6_rep1,op_aco,version6,53,9,0.10275684605214351,2.1710638745301156,2.171841945473387,0
v6_20260801_183249_opaco_v6_rep1,op_aco,version6,54,10,0.09707745748216669,2.2982768645825575,2.2977632694683896,0
v6_20260801_183249_opaco_v6_rep1,op_aco,version6,55,9,0.06889614386933562,2.1808848831569962,2.1804432764008026,0
v6_20260801_183249_opaco_v6_rep1,op_aco,version6,56,10,0.1436838181862829,2.29285817696066,2.292322363505214,0
v6_20260801_183249_opaco_v6_rep1,op_aco,version6,57,10,0.10573850823563317,2.2861125193219562,2.2841834239339116,0
v6_20260801_183249_opaco_v6_rep1,op_aco,version6,58,9,0.11230584482788654,2.1761667209941833,2.17431060601796,0
v6_20260801_183249_opaco_v6_rep1,op_aco,version6,59,8,0.09961996271754084,2.0666858908001737,2.0668728402115897,0
v6_20260801_183249_opaco_v6_rep1,op_aco,version6,60,9,0.12161065988254184,2.17681450292738,2.1771509100411537,0
v6_20260801_183249_opaco_v6_rep1,op_aco,version6,61,10,0.14623338234492422,2.2862447766800726,2.283752978086145,0
v6_20260801_183249_opaco_v6_rep1,op_aco,version6,62,10,0.10850170185106985,2.2978670724517656,2.290706859636679,0
v6_20260801_183249_opaco_v6_rep1,op_aco,version6,63,10,0.1218377854709283,2.295103666490861,2.2950057688745127,0
v6_20260801_183249_opaco_v6_rep1,op_aco,version6,64,10,0.07707363360524425,2.277831441418089,2.273438841291152,0
v6_20260801_183249_opaco_v6_rep1,op_aco,version6,65,10,0.06934145181466435,2.28172614851549,2.273676544427013,0
v6_20260801_183249_opaco_v6_rep1,op_aco,version6,66,9,0.09062991567812366,2.174058285418225,2.1710316736059,0
v6_20260801_183249_opaco_v6_rep1,op_aco,version6,67,10,0.08225279284644801,2.2685214434819914,2.267688423185941,0
v6_20260801_183249_opaco_v6_rep1,op_aco,version6,68,10,0.11530100994212525,2.288938794463751,2.284688914908817,0
v6_20260801_183249_opaco_v6_rep1,op_aco,version6,69,10,0.11438706161420642,2.2750578784181346,2.275280517514401,0
v6_20260801_183249_opaco_v6_rep1,op_aco,version6,70,9,0.08466063526946031,2.1862384867994176,2.1835689719470754,0
v6_20260801_183249_opaco_v6_rep1,op_aco,version6,71,10,0.0856327195970124,2.2929190709244676,2.2911196591401577,0
v6_20260801_183249_opaco_v6_rep1,op_aco,version6,72,9,0.09163931298681477,2.1937499645587266,2.1936607484709776,0
v6_20260801_183249_opaco_v6_rep1,op_aco,version6,73,9,0.12191986543462867,2.190898791231437,2.1902314689129123,0
v6_20260801_183249_opaco_v6_rep1,op_aco,version6,74,10,0.09804661897404675,2.2943767619942568,2.291966357334017,1
v6_20260801_183249_opaco_v6_rep1,op_aco,version6,75,9,0.09696319267319577,2.191365418362129,2.1909906745752097,0
v6_20260801_183249_opaco_v6_rep1,op_aco,version6,76,8,0.12474234260602067,2.055242766167805,2.0449516270437105,0
v6_20260801_183249_opaco_v6_rep1,op_aco,version6,77,10,0.137925423822285,2.3012150048309628,2.3001728886272006,0
v6_20260801_183249_opaco_v6_rep1,op_aco,version6,78,10,0.10348169352701309,2.2991844578091873,2.2983592928570493,0
v6_20260801_183249_opaco_v6_rep1,op_aco,version6,79,9,0.1475407775512118,2.1958588449711005,2.193377716268903,1
v6_20260801_183249_opaco_v6_rep1,op_aco,version6,80,10,0.1793950546147984,2.2959956784835573,2.297194857955497,0
v6_20260801_183249_opaco_v6_rep1,op_aco,version6,81,8,0.12542387818378778,2.0774641801006686,2.078622770519937,0
v6_20260801_183249_opaco_v6_rep1,op_aco,version6,82,9,0.09367348748826737,2.193605678617252,2.1934127154115024,0
v6_20260801_183249_opaco_v6_rep1,op_aco,version6,83,9,0.09338036166386343,2.1924209205295004,2.189626819301369,0
v6_20260801_183249_opaco_v6_rep1,op_aco,version6,84,10,0.09489853584807717,2.290868629904156,2.2865156642716125,0
v6_20260801_183249_opaco_v6_rep1,op_aco,version6,85,9,0.11279150140112654,2.1946578275957322,2.193766289938435,0
v6_20260801_183249_opaco_v6_rep1,op_aco,version6,86,10,0.0794664851909242,2.2777443147112133,2.270655973498567,0
v6_20260801_183249_opaco_v6_rep1,op_aco,version6,87,10,0.11016985288487882,2.293898153440309,2.2896027539393455,0
v6_20260801_183249_opaco_v6_rep1,op_aco,version6,88,10,0.10051403601269167,2.276836077184933,2.2762862361403164,0
v6_20260801_183249_opaco_v6_rep1,op_aco,version6,89,10,0.08950311211203354,2.2946278372397755,2.2929128970043564,0
v6_20260801_183249_opaco_v6_rep1,op_aco,version6,90,8,0.1077657412265583,2.076338582897172,2.0734896139701524,0
v6_20260801_183249_opaco_v6_rep1,op_aco,version6,91,9,0.06350627829621203,2.193106935282066,2.1910476168764017,0
v6_20260801_183249_opaco_v6_rep1,op_aco,version6,92,10,0.08711742498053411,2.2916463157101092,2.288765908963836,0
v6_20260801_183249_opaco_v6_rep1,op_aco,version6,93,10,0.07010390617829185,2.293799291419989,2.292144098142807,0
v6_20260801_183249_opaco_v6_rep1,op_aco,version6,94,10,0.12163890291530496,2.2992920344408256,2.2966071295729784,1
v6_20260801_183249_opaco_v6_rep1,op_aco,version6,95,9,0.08148819863068613,2.192582268742004,2.19138555385241,0
v6_20260801_183249_opaco_v6_rep1,op_aco,version6,96,10,0.0794051715817328,2.2968246637403382,2.2953810094588656,0
v6_20260801_183249_opaco_v6_rep1,op_aco,version6,97,10,0.09837801235724844,2.2969984904169825,2.2928571569531,0
v6_20260801_183249_opaco_v6_rep1,op_aco,version6,98,10,0.10793231289931496,2.2957102341463895,2.2926920221112717,0
v6_20260801_183249_opaco_v6_rep1,op_aco,version6,99,10,0.10783058183961022,2.2992886847506533,2.2969068314966563,0
v6_20260801_183249_opaco_v6_rep1,op_aco,version6,100,9,0.15271560529065767,2.1935107755564185,2.1895282186216685,0
v6_20260801_183249_opaco_v6_rep2,op_aco,version6,1,9,0.3133667373520627,2.195534661878897,2.1952484479210876,0
v6_20260801_183249_opaco_v6_rep2,op_aco,version6,2,10,0.1640215739483416,2.2985213356495127,2.2991555664434555,0
v6_20260801_183249_opaco_v6_rep2,op_aco,version6,3,10,0.151082852771168,2.2972516291450003,2.2982297550123842,0
v6_20260801_183249_opaco_v6_rep2,op_aco,version6,4,9,0.11365908286473575,2.193775785987268,2.194009529778284,1
v6_20260801_183249_opaco_v6_rep2,op_aco,version6,5,10,0.12320953852880642,2.2902656353348685,2.2875708129161927,0
v6_20260801_183249_opaco_v6_rep2,op_aco,version6,6,9,0.16537004206895387,2.1601178993098915,2.1591686387631532,0
v6_20260801_183249_opaco_v6_rep2,op_aco,version6,7,10,0.11507319515529671,2.2974155849063838,2.2951845159234847,0
v6_20260801_183249_opaco_v6_rep2,op_aco,version6,8,10,0.10301793815200713,2.2971258620242296,2.298398682152485,0
v6_20260801_183249_opaco_v6_rep2,op_aco,version6,9,10,0.07693326276443953,2.288260815953808,2.2826145660323163,1
v6_20260801_183249_opaco_v6_rep2,op_aco,version6,10,10,0.07381543673963403,2.291743909868403,2.2860372111036242,0
v6_20260801_183249_opaco_v6_rep2,op_aco,version6,11,10,0.06959239403999887,2.2928318211347305,2.2932034778285977,0
v6_20260801_183249_opaco_v6_rep2,op_aco,version6,12,10,0.10547937295692196,2.262112839254117,2.2632023118564595,0
v6_20260801_183249_opaco_v6_rep2,op_aco,version6,13,10,0.06553844687655595,2.299296615390391,2.296584356870004,0
v6_20260801_183249_opaco_v6_rep2,op_aco,version6,14,9,0.06767747260203304,2.1561675986605704,2.152892484963404,1
v6_20260801_183249_opaco_v6_rep2,op_aco,version6,15,10,0.08511989128110889,2.2905333045926226,2.2900264105194834,0
v6_20260801_183249_opaco_v6_rep2,op_aco,version6,16,9,0.09788342089325441,2.1883502115519993,2.189217771751429,1
v6_20260801_183249_opaco_v6_rep2,op_aco,version6,17,10,0.095667473119912,2.291608330655133,2.2917943134899788,1
v6_20260801_183249_opaco_v6_rep2,op_aco,version6,18,9,0.15078912774974365,2.1828764089699075,2.1827372347481333,0
v6_20260801_183249_opaco_v6_rep2,op_aco,version6,19,10,0.05587959842937753,2.288827001487963,2.2878920535362863,0
v6_20260801_183249_opaco_v6_rep2,op_aco,version6,20,10,0.04461413046505248,2.278870347662488,2.2666570808561857,0
v6_20260801_183249_opaco_v6_rep2,op_aco,version6,21,9,0.0818738852757128,2.180596573338852,2.1567188887635824,1
v6_20260801_183249_opaco_v6_rep2,op_aco,version6,22,8,0.09048684097768447,2.074015254826689,2.0751142933533004,1
v6_20260801_183249_opaco_v6_rep2,op_aco,version6,23,10,0.0976288246017166,2.2831088919384053,2.2828651105041233,1
v6_20260801_183249_opaco_v6_rep2,op_aco,version6,24,8,0.0611828565608796,2.0592892173717687,2.0601510686585036,0
v6_20260801_183249_opaco_v6_rep2,op_aco,version6,25,9,0.08663993770901417,2.1815246358927114,2.179906389573795,0
v6_20260801_183249_opaco_v6_rep2,op_aco,version6,26,8,0.1085591449000187,2.065886798118316,2.0650833824741106,0
v6_20260801_183249_opaco_v6_rep2,op_aco,version6,27,9,0.14096712675220224,2.195354970095357,2.1933034183889575,0
v6_20260801_183249_opaco_v6_rep2,op_aco,version6,28,10,0.07048311143795931,2.2983429190429963,2.2985114551459347,1
v6_20260801_183249_opaco_v6_rep2,op_aco,version6,29,10,0.09515938014478528,2.2966238040187568,2.2965052148230005,0
v6_20260801_183249_opaco_v6_rep2,op_aco,version6,30,10,0.13330679098288736,2.288337565201865,2.2890843855622696,0
v6_20260801_183249_opaco_v6_rep2,op_aco,version6,31,10,0.11317999307781565,2.292416873928982,2.292568788096593,0
v6_20260801_183249_opaco_v6_rep2,op_aco,version6,32,9,0.10814467601267155,2.195575209664736,2.194792179246783,0
v6_20260801_183249_opaco_v6_rep2,op_aco,version6,33,10,0.06670186001064748,2.2929228011094085,2.287268393470976,1
v6_20260801_183249_opaco_v6_rep2,op_aco,version6,34,10,0.0313403350259298,2.2959808427400357,2.2938449728042523,0
v6_20260801_183249_opaco_v6_rep2,op_aco,version6,35,9,0.07865178832882799,2.1655591509689214,2.164845149385653,0
v6_20260801_183249_opaco_v6_rep2,op_aco,version6,36,9,0.09858914666685127,2.182997878464278,2.1821881376609094,0
v6_20260801_183249_opaco_v6_rep2,op_aco,version6,37,10,0.1040636435597578,2.295993005769915,2.2956447731177194,1
v6_20260801_183249_opaco_v6_rep2,op_aco,version6,38,10,0.13467012211986976,2.2944418589503677,2.2939573868399608,0
v6_20260801_183249_opaco_v6_rep2,op_aco,version6,39,10,0.11154359951030698,2.283333523801222,2.2843051155900937,1
v6_20260801_183249_opaco_v6_rep2,op_aco,version6,40,10,0.13637215836547673,2.2854126784470052,2.2853910067083074,0
v6_20260801_183249_opaco_v6_rep2,op_aco,version6,41,10,0.16025341473294788,2.2653712769991943,2.265280916714194,0
v6_20260801_183249_opaco_v6_rep2,op_aco,version6,42,10,0.21344847588627971,2.2977247435810946,2.2981885051834263,0
v6_20260801_183249_opaco_v6_rep2,op_aco,version6,43,10,0.10831287502716935,2.2976430088687807,2.2979023319852434,0
v6_20260801_183249_opaco_v6_rep2,op_aco,version6,44,9,0.0579004993165905,2.192486538386843,2.1922753919677045,0
v6_20260801_183249_opaco_v6_rep2,op_aco,version6,45,10,0.045932558866444935,2.298590636172079,2.2975228903901996,0
v6_20260801_183249_opaco_v6_rep2,op_aco,version6,46,8,0.11522683538676744,2.076800803151267,2.076763094472633,0
v6_20260801_183249_opaco_v6_rep2,op_aco,version6,47,10,0.057025233954482404,2.297174881771526,2.297054765061694,0
v6_20260801_183249_opaco_v6_rep2,op_aco,version6,48,10,0.09496759694003369,2.282558472732865,2.2820536814574544,0
v6_20260801_183249_opaco_v6_rep2,op_aco,version6,49,10,0.13186861435529695,2.287319218126434,2.2834183903841807,0
v6_20260801_183249_opaco_v6_rep2,op_aco,version6,50,8,0.13050272699015983,2.074848480142327,2.073930374726717,0
v6_20260801_183249_opaco_v6_rep2,op_aco,version6,51,9,0.05233946979865659,2.1892127568544457,2.1894203384252586,0
v6_20260801_183249_opaco_v6_rep2,op_aco,version6,52,10,0.10297738992987367,2.288873904794282,2.2887684807014286,0
v6_20260801_183249_opaco_v6_rep2,op_aco,version6,53,10,0.09851658972023421,2.285186682964402,2.285609145993082,0
v6_20260801_183249_opaco_v6_rep2,op_aco,version6,54,10,0.09811766966967064,2.2971327111785893,2.2964845911117706,0
v6_20260801_183249_opaco_v6_rep2,op_aco,version6,55,9,0.0454480880384495,2.173519326126491,2.1720534059267433,0
v6_20260801_183249_opaco_v6_rep2,op_aco,version6,56,9,0.08703833499046942,2.189309445780758,2.1901099220672102,0
v6_20260801_183249_opaco_v6_rep2,op_aco,version6,57,10,0.139878955516543,2.2929646115581637,2.2930442287046944,0
v6_20260801_183249_opaco_v6_rep2,op_aco,version6,58,10,0.13887875016982867,2.28807472395095,2.288595824190332,0
v6_20260801_183249_opaco_v6_rep2,op_aco,version6,59,10,0.08244913644229693,2.285577014971491,2.285327342549847,0
v6_20260801_183249_opaco_v6_rep2,op_aco,version6,60,9,0.11003093219049676,2.155852515693184,2.1512244338979634,0
v6_20260801_183249_opaco_v6_rep2,op_aco,version6,61,9,0.06836306937205576,2.177842494230744,2.1764358305252114,0
v6_20260801_183249_opaco_v6_rep2,op_aco,version6,62,10,0.16303926712053277,2.2961804214576036,2.2959148530667095,0
v6_20260801_183249_opaco_v6_rep2,op_aco,version6,63,10,0.1050731660501785,2.2696830375986408,2.268520907968012,0
v6_20260801_183249_opaco_v6_rep2,op_aco,version6,64,9,0.11878526552029145,2.179995730692937,2.17995554840221,0
v6_20260801_183249_opaco_v6_rep2,op_aco,version6,65,10,0.11240562029418211,2.2858752936324986,2.2854740695255344,0
v6_20260801_183249_opaco_v6_rep2,op_aco,version6,66,10,0.12261842909354456,2.292985560126194,2.2929836885305637,0
v6_20260801_183249_opaco_v6_rep2,op_aco,version6,67,10,0.09647156318398462,2.2868256772406395,2.2868434976261707,0
v6_20260801_183249_opaco_v6_rep2,op_aco,version6,68,10,0.05114198387649066,2.2748690299320344,2.2745246667372694,0
v6_20260801_183249_opaco_v6_rep2,op_aco,version6,69,8,0.10256416664441946,2.067963506691311,2.067963674507405,0
v6_20260801_183249_opaco_v6_rep2,op_aco,version6,70,10,0.1177869040502714,2.275911200877638,2.275861849990377,0
v6_20260801_183249_opaco_v6_rep2,op_aco,version6,71,10,0.07013896053642477,2.275954668758553,2.2759737482672873,0
v6_20260801_183249_opaco_v6_rep2,op_aco,version6,72,10,0.06947585173535448,2.2945824630786675,2.2945755685853566,0
v6_20260801_183249_opaco_v6_rep2,op_aco,version6,73,9,0.07570103502413278,2.188778954343099,2.189006904981091,0
v6_20260801_183249_opaco_v6_rep2,op_aco,version6,74,10,0.06013772420811499,2.276227132033653,2.276288049905268,0
v6_20260801_183249_opaco_v6_rep2,op_aco,version6,75,8,0.10768472376233637,2.0635285264850394,2.0625180902392923,0
v6_20260801_183249_opaco_v6_rep2,op_aco,version6,76,9,0.06416918934005007,2.1636903810575667,2.1622857994093705,0
v6_20260801_183249_opaco_v6_rep2,op_aco,version6,77,10,0.031103279286967284,2.2428433627831126,2.2243965279748483,0
v6_20260801_183249_opaco_v6_rep2,op_aco,version6,78,10,0.10026823393293897,2.256857487447527,2.253641929812484,0
v6_20260801_183249_opaco_v6_rep2,op_aco,version6,79,10,0.05741624895034845,2.2747212442607747,2.2743981112196963,0
v6_20260801_183249_opaco_v6_rep2,op_aco,version6,80,10,0.06561505196769732,2.296787167571333,2.297139903179146,0
v6_20260801_183249_opaco_v6_rep2,op_aco,version6,81,9,0.09021772568014054,2.1731927760830754,2.172453834117512,0
v6_20260801_183249_opaco_v6_rep2,op_aco,version6,82,9,0.06935761531512309,2.1932626963078565,2.1931483092043553,0
v6_20260801_183249_opaco_v6_rep2,op_aco,version6,83,10,0.08833281217118748,2.2905412175864375,2.290763007742018,0
v6_20260801_183249_opaco_v6_rep2,op_aco,version6,84,10,0.1274141560965086,2.272641035697451,2.2679807013671294,0
v6_20260801_183249_opaco_v6_rep2,op_aco,version6,85,10,0.1341576981735195,2.279852516089402,2.279839544303207,0
v6_20260801_183249_opaco_v6_rep2,op_aco,version6,86,10,0.09204311424153502,2.2826915947055952,2.272664590653152,0
v6_20260801_183249_opaco_v6_rep2,op_aco,version6,87,10,0.1583635989257287,2.2694406432370005,2.254743928282511,0
v6_20260801_183249_opaco_v6_rep2,op_aco,version6,88,8,0.14248583076824534,2.0766682302688055,2.0765801083607185,0
v6_20260801_183249_opaco_v6_rep2,op_aco,version6,89,10,0.14059549971448004,2.2619796993733385,2.2624151401072106,0
v6_20260801_183249_opaco_v6_rep2,op_aco,version6,90,10,0.1684996795272985,2.2998211002982347,2.2997729771579296,0
v6_20260801_183249_opaco_v6_rep2,op_aco,version6,91,10,0.16879123653716704,2.293246877163747,2.2930990106649407,0
v6_20260801_183249_opaco_v6_rep2,op_aco,version6,92,9,0.10481277941597342,2.1784443033095546,2.171813927159369,0
v6_20260801_183249_opaco_v6_rep2,op_aco,version6,93,9,0.07717019368240564,2.1780800246481786,2.1780051723804137,1
v6_20260801_183249_opaco_v6_rep2,op_aco,version6,94,10,0.057856378059997694,2.29128942332957,2.2915055488343468,0
v6_20260801_183249_opaco_v6_rep2,op_aco,version6,95,9,0.1405276636665149,2.190038331664344,2.1901390105620697,0
v6_20260801_183249_opaco_v6_rep2,op_aco,version6,96,8,0.047605360124001364,2.076765383270378,2.076740783625671,0
v6_20260801_183249_opaco_v6_rep2,op_aco,version6,97,8,0.15476021284875968,2.075712459359381,2.075365791287368,0
v6_20260801_183249_opaco_v6_rep2,op_aco,version6,98,10,0.04232142610047783,2.2741427800729586,2.273126873306704,0
v6_20260801_183249_opaco_v6_rep2,op_aco,version6,99,10,0.06319938653293271,2.294967799619897,2.2948883719397575,0
v6_20260801_183249_opaco_v6_rep2,op_aco,version6,100,10,0.16025508698008803,2.3006517658183734,2.3003595037818196,0
v6_20260801_183249_opaco_v6_rep3,op_aco,version6,1,10,0.2686274434631112,2.29988293477676,2.3001216892912937,1
v6_20260801_183249_opaco_v6_rep3,op_aco,version6,2,10,0.16389778991354215,2.294730315976569,2.296087003428828,1
v6_20260801_183249_opaco_v6_rep3,op_aco,version6,3,9,0.1520079533069273,2.189023582188535,2.1894001539556487,0
v6_20260801_183249_opaco_v6_rep3,op_aco,version6,4,10,0.1532907012067927,2.2933586502615104,2.293352712684806,0
v6_20260801_183249_opaco_v6_rep3,op_aco,version6,5,10,0.14025587017449298,2.284120494524821,2.2771583850890456,1
v6_20260801_183249_opaco_v6_rep3,op_aco,version6,6,10,0.18095572230943,2.2985539795149714,2.297856391469178,0
v6_20260801_183249_opaco_v6_rep3,op_aco,version6,7,10,0.14757473999918927,2.299906008661643,2.29897559967688,1
v6_20260801_183249_opaco_v6_rep3,op_aco,version6,8,9,0.11541357658668502,2.179844839282195,2.180390953374405,0
v6_20260801_183249_opaco_v6_rep3,op_aco,version6,9,10,0.11715463336495306,2.291750244749409,2.2883350067297537,0
v6_20260801_183249_opaco_v6_rep3,op_aco,version6,10,10,0.09677254016932427,2.274506266538181,2.2754816230003034,0
v6_20260801_183249_opaco_v6_rep3,op_aco,version6,11,10,0.044337853955733156,2.247996810895982,2.2440799704808283,0
v6_20260801_183249_opaco_v6_rep3,op_aco,version6,12,10,0.062361395906029946,2.274894762115773,2.2625983867705406,0
v6_20260801_183249_opaco_v6_rep3,op_aco,version6,13,9,0.10611855537396243,2.192017698051342,2.189453243956287,0
v6_20260801_183249_opaco_v6_rep3,op_aco,version6,14,9,0.14060898230750726,2.187113478743676,2.1865389931512924,0
v6_20260801_183249_opaco_v6_rep3,op_aco,version6,15,9,0.045539227627446985,2.1835913952105863,2.1814208842101657,0
v6_20260801_183249_opaco_v6_rep3,op_aco,version6,16,10,0.09381920666272744,2.28869282414223,2.286385104941851,0
v6_20260801_183249_opaco_v6_rep3,op_aco,version6,17,10,0.10644617021546772,2.2957057647785644,2.2944874747889257,0
v6_20260801_183249_opaco_v6_rep3,op_aco,version6,18,10,0.16408833010236315,2.2962932207882965,2.2939982429236427,0
v6_20260801_183249_opaco_v6_rep3,op_aco,version6,19,10,0.14215745557884027,2.297202002348193,2.297129249584033,0
v6_20260801_183249_opaco_v6_rep3,op_aco,version6,20,10,0.1094266924958748,2.2928211117062314,2.292217586697769,0
v6_20260801_183249_opaco_v6_rep3,op_aco,version6,21,10,0.13701359263521845,2.299636915913674,2.2979076311072,0
v6_20260801_183249_opaco_v6_rep3,op_aco,version6,22,10,0.1377577497287457,2.297489486064043,2.2984618745561884,0
v6_20260801_183249_opaco_v6_rep3,op_aco,version6,23,10,0.1756273767567868,2.290355499747987,2.2891256577441155,0
v6_20260801_183249_opaco_v6_rep3,op_aco,version6,24,10,0.16470528185602512,2.296305786894337,2.295240265450909,0
v6_20260801_183249_opaco_v6_rep3,op_aco,version6,25,10,0.15723228786336313,2.294711514507844,2.2953751897991834,0
v6_20260801_183249_opaco_v6_rep3,op_aco,version6,26,10,0.13884640777430712,2.295801992270202,2.292303104027586,1
v6_20260801_183249_opaco_v6_rep3,op_aco,version6,27,9,0.06885158436430443,2.196557352867589,2.1954498278625225,0
v6_20260801_183249_opaco_v6_rep3,op_aco,version6,28,10,0.09315036413395994,2.292466646225863,2.293653679103415,0
v6_20260801_183249_opaco_v6_rep3,op_aco,version6,29,10,0.06336545191893764,2.2926024009509103,2.2894804786689567,1
v6_20260801_183249_opaco_v6_rep3,op_aco,version6,30,10,0.08218666241820202,2.2823930911204338,2.271560237944913,0
v6_20260801_183249_opaco_v6_rep3,op_aco,version6,31,10,0.051923140541837075,2.249911340294255,2.2489995215747567,1
v6_20260801_183249_opaco_v6_rep3,op_aco,version6,32,9,0.09721111401101869,2.16515355196975,2.1680498101795256,0
v6_20260801_183249_opaco_v6_rep3,op_aco,version6,33,10,0.06624482430573882,2.2740971602747795,2.264941252261988,0
v6_20260801_183249_opaco_v6_rep3,op_aco,version6,34,9,0.020232461671517054,2.1954561528145558,2.195956798411353,0
v6_20260801_183249_opaco_v6_rep3,op_aco,version6,35,9,0.0476597323559651,2.1873191499822897,2.1876654566262554,0
v6_20260801_183249_opaco_v6_rep3,op_aco,version6,36,9,0.044175439582785164,2.1891833394005027,2.187788745709673,0
v6_20260801_183249_opaco_v6_rep3,op_aco,version6,37,10,0.061040048261037594,2.2967272984363687,2.2935257689472888,0
v6_20260801_183249_opaco_v6_rep3,op_aco,version6,38,9,0.062018550056919204,2.1580883174088257,2.1488147815522365,0
v6_20260801_183249_opaco_v6_rep3,op_aco,version6,39,10,0.05166126262075462,2.2805957871118125,2.280286129967738,0
v6_20260801_183249_opaco_v6_rep3,op_aco,version6,40,10,0.05239664069575919,2.2882156256063175,2.2865403834187883,1
v6_20260801_183249_opaco_v6_rep3,op_aco,version6,41,10,0.09734616377528416,2.2851510317507087,2.282486651437653,0
v6_20260801_183249_opaco_v6_rep3,op_aco,version6,42,9,0.04049934480623499,2.18167899102006,2.181394218094092,0
v6_20260801_183249_opaco_v6_rep3,op_aco,version6,43,10,0.08392792601561419,2.277329188496692,2.2714005776919315,0
v6_20260801_183249_opaco_v6_rep3,op_aco,version6,44,10,0.03612837359929215,2.265740033030922,2.2664569138978847,1
v6_20260801_183249_opaco_v6_rep3,op_aco,version6,45,10,0.07285141098354955,2.2816279646039717,2.279846001845405,0
v6_20260801_183249_opaco_v6_rep3,op_aco,version6,46,10,0.10701416248271119,2.287860099457881,2.2876610675296907,0
v6_20260801_183249_opaco_v6_rep3,op_aco,version6,47,10,0.11127023877851532,2.297487648300065,2.297682108202349,0
v6_20260801_183249_opaco_v6_rep3,op_aco,version6,48,10,0.12628197727762638,2.270826042289322,2.2669972774801517,1
v6_20260801_183249_opaco_v6_rep3,op_aco,version6,49,9,0.0625075510775471,2.1781873085093846,2.177349738177621,0
v6_20260801_183249_opaco_v6_rep3,op_aco,version6,50,9,0.04332828391442349,2.1960552572639123,2.1954229728513006,0
v6_20260801_183249_opaco_v6_rep3,op_aco,version6,51,9,0.0944143697105013,2.1933004151536437,2.1927601715377514,0
v6_20260801_183249_opaco_v6_rep3,op_aco,version6,52,8,0.04514313980232258,2.0789971083724765,2.0789988801480557,0
v6_20260801_183249_opaco_v6_rep3,op_aco,version6,53,10,0.10911303199237236,2.271519353906649,2.270096213159937,0
v6_20260801_183249_opaco_v6_rep3,op_aco,version6,54,9,0.06624873582748267,2.1940849083438794,2.1934049554234174,0
v6_20260801_183249_opaco_v6_rep3,op_aco,version6,55,9,0.07583993470460208,2.184385779934137,2.1835412788470547,0
v6_20260801_183249_opaco_v6_rep3,op_aco,version6,56,9,0.051291424173220614,2.1948562931856146,2.1948455613931235,0
v6_20260801_183249_opaco_v6_rep3,op_aco,version6,57,9,0.0993529314398609,2.184319759522131,2.186127439558297,0
v6_20260801_183249_opaco_v6_rep3,op_aco,version6,58,7,0.05652202530699879,1.9342623719006595,1.9336453703038994,0
v6_20260801_183249_opaco_v6_rep3,op_aco,version6,59,10,0.07997525610983981,2.280514528935296,2.2757672008232848,0
v6_20260801_183249_opaco_v6_rep3,op_aco,version6,60,9,0.07596002162659714,2.1809695821790758,2.174648423119156,0
v6_20260801_183249_opaco_v6_rep3,op_aco,version6,61,10,0.07926025312728426,2.288785655471911,2.2884549495737816,0
v6_20260801_183249_opaco_v6_rep3,op_aco,version6,62,10,0.04445386782739786,2.29813457212271,2.296693816607033,0
v6_20260801_183249_opaco_v6_rep3,op_aco,version6,63,9,0.07340393189795212,2.1897112937234313,2.1894044791067837,0
v6_20260801_183249_opaco_v6_rep3,op_aco,version6,64,10,0.10184736578141033,2.283792529914805,2.283686400689353,0
v6_20260801_183249_opaco_v6_rep3,op_aco,version6,65,10,0.08090975809498335,2.293107132067341,2.293435716720833,0
v6_20260801_183249_opaco_v6_rep3,op_aco,version6,66,9,0.09628723760819333,2.1886931879536835,2.1872255778882237,0
v6_20260801_183249_opaco_v6_rep3,op_aco,version6,67,10,0.07106540432002019,2.288297354303096,2.2895092928100165,0
v6_20260801_183249_opaco_v6_rep3,op_aco,version6,68,9,0.06596980111562106,2.187058278195964,2.18653298292655,0
v6_20260801_183249_opaco_v6_rep3,op_aco,version6,69,9,0.0953530767348889,2.191305093684034,2.1916933019536016,0
v6_20260801_183249_opaco_v6_rep3,op_aco,version6,70,10,0.05409556181041127,2.297622510351097,2.2970688869696847,0
v6_20260801_183249_opaco_v6_rep3,op_aco,version6,71,10,0.10850984659528995,2.2850569255808844,2.2841177462755966,0
v6_20260801_183249_opaco_v6_rep3,op_aco,version6,72,10,0.0725842052156111,2.2966245258997007,2.2969307138610313,0
v6_20260801_183249_opaco_v6_rep3,op_aco,version6,73,9,0.09855878445261049,2.185746608418189,2.1865196877631408,0
v6_20260801_183249_opaco_v6_rep3,op_aco,version6,74,9,0.05361894682327527,2.182067292029501,2.1815151408884335,0
v6_20260801_183249_opaco_v6_rep3,op_aco,version6,75,7,0.09705708067718477,1.938931449138449,1.9383534850647317,0
v6_20260801_183249_opaco_v6_rep3,op_aco,version6,76,8,0.06050917979879918,2.0650787445866907,2.068150832791346,0
v6_20260801_183249_opaco_v6_rep3,op_aco,version6,77,10,0.0630702080184887,2.2941460273504934,2.293101104197017,0
v6_20260801_183249_opaco_v6_rep3,op_aco,version6,78,10,0.10696717959591177,2.2976807492126468,2.297783679733218,0
v6_20260801_183249_opaco_v6_rep3,op_aco,version6,79,10,0.08190483226932495,2.297707048664625,2.2961715062435775,0
v6_20260801_183249_opaco_v6_rep3,op_aco,version6,80,10,0.0383664501004818,2.2902487589460834,2.2868810412734892,0
v6_20260801_183249_opaco_v6_rep3,op_aco,version6,81,10,0.06205658050770445,2.2979220597539745,2.2961298499964924,0
v6_20260801_183249_opaco_v6_rep3,op_aco,version6,82,9,0.06053563018481297,2.1786894276966073,2.1778123380921186,0
v6_20260801_183249_opaco_v6_rep3,op_aco,version6,83,10,0.05716985619898146,2.2542866838883153,2.2462610623988644,0
v6_20260801_183249_opaco_v6_rep3,op_aco,version6,84,10,0.05470347613071911,2.2913051133482103,2.291129988138605,0
v6_20260801_183249_opaco_v6_rep3,op_aco,version6,85,10,0.03029857271839142,2.2824611100353898,2.2825686242898593,0
v6_20260801_183249_opaco_v6_rep3,op_aco,version6,86,10,0.08646551508606334,2.2910956298127827,2.2903176721034897,0
v6_20260801_183249_opaco_v6_rep3,op_aco,version6,87,10,0.0692627109469586,2.2693974000557664,2.273815018163748,0
v6_20260801_183249_opaco_v6_rep3,op_aco,version6,88,10,0.07566698478562106,2.285432364145052,2.2850599178687254,0
v6_20260801_183249_opaco_v6_rep3,op_aco,version6,89,9,0.04926672040274897,2.1821622277884027,2.1808690539455595,0
v6_20260801_183249_opaco_v6_rep3,op_aco,version6,90,9,0.09783701549702195,2.188350838121365,2.1876204468685168,0
v6_20260801_183249_opaco_v6_rep3,op_aco,version6,91,10,0.06211859261263708,2.293122234071545,2.2935166821085584,0
v6_20260801_183249_opaco_v6_rep3,op_aco,version6,92,10,0.06752065530548998,2.2811182923612088,2.270365673531165,0
v6_20260801_183249_opaco_v6_rep3,op_aco,version6,93,8,0.07342886783525722,2.0397830231926335,2.0399103912969037,0
v6_20260801_183249_opaco_v6_rep3,op_aco,version6,94,10,0.04261649461141066,2.280884684911793,2.2805037365020118,0
v6_20260801_183249_opaco_v6_rep3,op_aco,version6,95,10,0.0464429016932439,2.292737911160496,2.291681982568013,0
v6_20260801_183249_opaco_v6_rep3,op_aco,version6,96,10,0.05484652777148642,2.262205191466836,2.2636171939245604,0
v6_20260801_183249_opaco_v6_rep3,op_aco,version6,97,10,0.08394705729527249,2.2789481921070527,2.277992394611171,0
v6_20260801_183249_opaco_v6_rep3,op_aco,version6,98,8,0.08181405094555128,2.063640023199288,2.063670079634053,0
v6_20260801_183249_opaco_v6_rep3,op_aco,version6,99,9,0.03259927146004243,2.1913773568958725,2.1911948494629905,0
v6_20260801_183249_opaco_v6_rep3,op_aco,version6,100,10,0.08278182602763746,2.2872151560178957,2.2834052053229374,0
20260723_181743_tspc_v4_rep1,tsp_construct,version4,1,9,0.3708763584997084,2.1943374925821257,2.1938683868432074,1
20260723_181743_tspc_v4_rep1,tsp_construct,version4,2,10,0.2924578374803435,2.3011397699755247,2.300331188236,1
20260723_181743_tspc_v4_rep1,tsp_construct,version4,3,9,0.288302259966867,2.1954827529251784,2.1960456112083544,0
20260723_181743_tspc_v4_rep1,tsp_construct,version4,4,10,0.2723453535276857,2.3006852038486167,2.3001648602160016,1
20260723_181743_tspc_v4_rep1,tsp_construct,version4,5,10,0.11200582933776353,2.3002282745647578,2.3002531256052388,0
20260723_181743_tspc_v4_rep1,tsp_construct,version4,6,10,0.15539405441152004,2.2989726692650767,2.2991034680302027,1
20260723_181743_tspc_v4_rep1,tsp_construct,version4,7,10,0.2364844303918447,2.2983848406697716,2.2985125782962084,0
20260723_181743_tspc_v4_rep1,tsp_construct,version4,8,9,0.21846628161823547,2.1963429347841807,2.1963064200099756,0
20260723_181743_tspc_v4_rep1,tsp_construct,version4,9,10,0.15610928165592802,2.2980217864104278,2.2980611558473183,1
20260723_181743_tspc_v4_rep1,tsp_construct,version4,10,8,0.0647501643087611,2.0736343717852295,2.0733262881136585,0
20260723_181743_tspc_v4_rep1,tsp_construct,version4,11,10,0.12417619492803103,2.29279698941585,2.2941854964507242,0
20260723_181743_tspc_v4_rep1,tsp_construct,version4,12,10,0.13345197472764053,2.3007205840045795,2.2999377451425445,0
20260723_181743_tspc_v4_rep1,tsp_construct,version4,13,10,0.12030806805022523,2.3021324584481735,2.302089538728186,0
20260723_181743_tspc_v4_rep1,tsp_construct,version4,14,10,0.1405463027307858,2.2968796914092713,2.2969624173826606,0
20260723_181743_tspc_v4_rep1,tsp_construct,version4,15,10,0.1803622591752247,2.2998011018264597,2.2997984235286166,0
20260723_181743_tspc_v4_rep1,tsp_construct,version4,16,10,0.10957039388628978,2.298488134666692,2.2982665152110586,1
20260723_181743_tspc_v4_rep1,tsp_construct,version4,17,9,0.1467842865580119,2.192028251946534,2.191867724594134,0
20260723_181743_tspc_v4_rep1,tsp_construct,version4,18,8,0.11553501020768858,2.0738747345495305,2.0734891035951115,0
20260723_181743_tspc_v4_rep1,tsp_construct,version4,19,10,0.08264904561948419,2.300827643102739,2.300765013444166,1
20260723_181743_tspc_v4_rep1,tsp_construct,version4,20,10,0.14807391990913604,2.2920093950848153,2.2917083721772884,0
20260723_181743_tspc_v4_rep1,tsp_construct,version4,21,8,0.10220720650206652,2.06927913960157,2.0689241840326913,1
20260723_181743_tspc_v4_rep1,tsp_construct,version4,22,10,0.11264528933447127,2.297826204362674,2.2977789757510423,0
20260723_181743_tspc_v4_rep1,tsp_construct,version4,23,9,0.15781486012336501,2.195319447900447,2.195030876758714,1
20260723_181743_tspc_v4_rep1,tsp_construct,version4,24,8,0.10611465539520873,2.070518518904863,2.0690392392090686,0
20260723_181743_tspc_v4_rep1,tsp_construct,version4,25,10,0.10237104883439871,2.283436699266604,2.2823732814061066,0
20260723_181743_tspc_v4_rep1,tsp_construct,version4,26,10,0.14279634022503992,2.298393994711351,2.2983818388338477,1
20260723_181743_tspc_v4_rep1,tsp_construct,version4,27,9,0.1027021916826922,2.1847997988422585,2.184574000466038,0
20260723_181743_tspc_v4_rep1,tsp_construct,version4,28,10,0.14906286996621104,2.295190735539239,2.295165236583837,1
20260723_181743_tspc_v4_rep1,tsp_construct,version4,29,9,0.12222879084181769,2.1468202837310084,2.1439524989328906,1
20260723_181743_tspc_v4_rep1,tsp_construct,version4,30,9,0.1541756763614018,2.1893715071669306,2.1893121269377525,1
20260723_181743_tspc_v4_rep1,tsp_construct,version4,31,8,0.13407007542630012,2.0785384665210547,2.0786874932686015,0
20260723_181743_tspc_v4_rep1,tsp_construct,version4,32,10,0.13914568412950282,2.270669481004129,2.2711356833778873,1
20260723_181743_tspc_v4_rep1,tsp_construct,version4,33,9,0.11221079677610797,2.1886042274255995,2.1885782937345652,0
20260723_181743_tspc_v4_rep1,tsp_construct,version4,34,10,0.09679380290287729,2.2988584576911046,2.2988452196432108,1
20260723_181743_tspc_v4_rep1,tsp_construct,version4,35,9,0.1314871104526294,2.1940799635366024,2.1948478268228624,1
20260723_181743_tspc_v4_rep1,tsp_construct,version4,36,9,0.07754912821580201,2.177283688329288,2.175056942607312,0
20260723_181743_tspc_v4_rep1,tsp_construct,version4,37,10,0.061181474789466436,2.2864267070204067,2.28588841559762,0
20260723_181743_tspc_v4_rep1,tsp_construct,version4,38,9,0.08487872384050262,2.1881872629647625,2.1881150056335015,0
20260723_181743_tspc_v4_rep1,tsp_construct,version4,39,9,0.08332853573227225,2.1922200208689833,2.1922323069316136,0
20260723_181743_tspc_v4_rep1,tsp_construct,version4,40,9,0.07518037956096485,2.1921773985446054,2.1925030447105627,0
20260723_181743_tspc_v4_rep1,tsp_construct,version4,41,10,0.09068831757586626,2.2791505349268033,2.272312701491871,0
20260723_181743_tspc_v4_rep1,tsp_construct,version4,42,9,0.10009732484104217,2.1843309301555767,2.1843958804105967,0
20260723_181743_tspc_v4_rep1,tsp_construct,version4,43,10,0.08986208613340776,2.2871194828588677,2.2869844194246776,0
20260723_181743_tspc_v4_rep1,tsp_construct,version4,44,8,0.11841226492932674,2.0738152416852698,2.0734282551525185,0
20260723_181743_tspc_v4_rep1,tsp_construct,version4,45,10,0.05356666527868716,2.2964142655255384,2.2966122650184575,0
20260723_181743_tspc_v4_rep1,tsp_construct,version4,46,9,0.059019735695924815,2.1877387969302458,2.1877412415237063,1
20260723_181743_tspc_v4_rep1,tsp_construct,version4,47,9,0.11393623535352226,2.190282704949503,2.1902915453243956,0
20260723_181743_tspc_v4_rep1,tsp_construct,version4,48,10,0.06876767002223107,2.289515606998044,2.282585198974579,0
20260723_181743_tspc_v4_rep1,tsp_construct,version4,49,10,0.04752921992290456,2.290600548587622,2.2905417743376284,0
20260723_181743_tspc_v4_rep1,tsp_construct,version4,50,10,0.04268779998153508,2.2743563165480096,2.2740685947495978,1
20260723_181743_tspc_v4_rep1,tsp_construct,version4,51,9,0.073234535285591,2.1922229081518974,2.192317191596803,0
20260723_181743_tspc_v4_rep1,tsp_construct,version4,52,10,0.07733389003956029,2.2780631134520943,2.277799176256155,0
20260723_181743_tspc_v4_rep1,tsp_construct,version4,53,9,0.07946699930290041,2.1792899333083358,2.1792148834479432,0
20260723_181743_tspc_v4_rep1,tsp_construct,version4,54,9,0.1038748649392913,2.167822492784831,2.167831484657408,0
20260723_181743_tspc_v4_rep1,tsp_construct,version4,55,10,0.08679617330722253,2.3010303057127373,2.301009222285662,0
20260723_181743_tspc_v4_rep1,tsp_construct,version4,56,10,0.10251018369097165,2.2858532207483573,2.2840704593266157,0
20260723_181743_tspc_v4_rep1,tsp_construct,version4,57,9,0.06681474868967502,2.184729766033624,2.1848299182105446,0
20260723_181743_tspc_v4_rep1,tsp_construct,version4,58,8,0.07067344009842885,2.0703219072916874,2.070321221582551,0
20260723_181743_tspc_v4_rep1,tsp_construct,version4,59,9,0.049391009886583105,2.1893438409549217,2.189402652864795,0
20260723_181743_tspc_v4_rep1,tsp_construct,version4,60,10,0.04977776894853582,2.2816934667545268,2.2814920049783667,0
20260723_181743_tspc_v4_rep1,tsp_construct,version4,61,10,0.04837427389976876,2.3007576184083622,2.300765347472052,0
20260723_181743_tspc_v4_rep1,tsp_construct,version4,62,10,0.03985959787663021,2.2830451090434303,2.28303469795079,1
20260723_181743_tspc_v4_rep1,tsp_construct,version4,63,9,0.07167986607040672,2.187683931148377,2.1877094744607852,1
20260723_181743_tspc_v4_rep1,tsp_construct,version4,64,9,0.06246705899657785,2.1711297010957686,2.171010036732358,0
20260723_181743_tspc_v4_rep1,tsp_construct,version4,65,10,0.10479092487127724,2.29766272623837,2.297594428916988,0
20260723_181743_tspc_v4_rep1,tsp_construct,version4,66,9,0.07998139003392869,2.1725769458806554,2.171804586152541,0
20260723_181743_tspc_v4_rep1,tsp_construct,version4,67,10,0.09845668619904625,2.2886021932878964,2.2880066214053705,0
20260723_181743_tspc_v4_rep1,tsp_construct,version4,68,9,0.08728585960824532,2.184754558683119,2.1843719749206247,0
20260723_181743_tspc_v4_rep1,tsp_construct,version4,69,8,0.07423543610098228,2.074330701000708,2.0744016496312225,0
20260723_181743_tspc_v4_rep1,tsp_construct,version4,70,10,0.09623909102801413,2.279105082887228,2.2781319481508207,0
20260723_181743_tspc_v4_rep1,tsp_construct,version4,71,9,0.1459817445297777,2.1706404254358227,2.1643838448688406,0
20260723_181743_tspc_v4_rep1,tsp_construct,version4,72,9,0.03719151468764536,2.190042782923238,2.191310274321861,0
20260723_181743_tspc_v4_rep1,tsp_construct,version4,73,10,0.034357270502329534,2.297988259577116,2.2979398744652175,0
20260723_181743_tspc_v4_rep1,tsp_construct,version4,74,10,0.04883977317547284,2.2955855805563092,2.295593330478013,0
20260723_181743_tspc_v4_rep1,tsp_construct,version4,75,9,0.047516069113594725,2.186219010994961,2.186285722693637,0
20260723_181743_tspc_v4_rep1,tsp_construct,version4,76,10,0.036404005253775046,2.2789296416995652,2.278978597733948,0
20260723_181743_tspc_v4_rep1,tsp_construct,version4,77,10,0.06810518652753572,2.288210896435296,2.288230123008179,0
20260723_181743_tspc_v4_rep1,tsp_construct,version4,78,10,0.03840294713456696,2.2889684625108027,2.288951577650897,0
20260723_181743_tspc_v4_rep1,tsp_construct,version4,79,10,0.04672366250048922,2.2635056101235276,2.263537553142631,0
20260723_181743_tspc_v4_rep1,tsp_construct,version4,80,9,0.09026356091420303,2.183807306257865,2.1836770644000567,1
20260723_181743_tspc_v4_rep1,tsp_construct,version4,81,10,0.06706518751206467,2.285774162430584,2.2858272206716204,0
20260723_181743_tspc_v4_rep1,tsp_construct,version4,82,10,0.040951041706219694,2.2716682286836027,2.2712362798494072,0
20260723_181743_tspc_v4_rep1,tsp_construct,version4,83,10,0.07555470863194068,2.281161814507028,2.2810079191269614,0
20260723_181743_tspc_v4_rep1,tsp_construct,version4,84,8,0.07475171597311285,2.074817361640841,2.0747449713211403,1
20260723_181743_tspc_v4_rep1,tsp_construct,version4,85,9,0.050442077403506376,2.159921245369011,2.1599281990398986,0
20260723_181743_tspc_v4_rep1,tsp_construct,version4,86,9,0.060248681622537464,2.1777168133551497,2.1777091416559835,1
20260723_181743_tspc_v4_rep1,tsp_construct,version4,87,8,0.05038362764998189,2.0248500390641535,2.025066917277,0
20260723_181743_tspc_v4_rep1,tsp_construct,version4,88,10,0.037209910574398306,2.294286916796702,2.2942798807633227,1
20260723_181743_tspc_v4_rep1,tsp_construct,version4,89,9,0.04374069949580398,2.1879943735982903,2.1879986047916775,1
20260723_181743_tspc_v4_rep1,tsp_construct,version4,90,10,0.05176543758193155,2.2863670221707926,2.2858378560422423,0
20260723_181743_tspc_v4_rep1,tsp_construct,version4,91,10,0.06256330170896184,2.2973691794926028,2.29737559853064,0
20260723_181743_tspc_v4_rep1,tsp_construct,version4,92,9,0.06879028736916139,2.190638252559537,2.190416156113211,0
20260723_181743_tspc_v4_rep1,tsp_construct,version4,93,10,0.03912464407130259,2.294563035868742,2.2945692035370793,0
20260723_181743_tspc_v4_rep1,tsp_construct,version4,94,10,0.047415671759756715,2.291448587332459,2.291288600799884,0
20260723_181743_tspc_v4_rep1,tsp_construct,version4,95,9,0.06127785771147772,2.188480967182938,2.188492944508174,0
20260723_181743_tspc_v4_rep1,tsp_construct,version4,96,9,0.07440225978150346,2.1946125537643955,2.194669682750434,0
20260723_181743_tspc_v4_rep1,tsp_construct,version4,97,10,0.06416153010331005,2.3001806768826256,2.3002650506071305,0
20260723_181743_tspc_v4_rep1,tsp_construct,version4,98,10,0.0683630850642628,2.3003204071106813,2.3003199037826048,1
20260723_181743_tspc_v4_rep1,tsp_construct,version4,99,10,0.03376920249884482,2.2875711129122487,2.2879809641849107,0
20260723_181743_tspc_v4_rep1,tsp_construct,version4,100,10,0.05353249521686023,2.2750846087920964,2.275042099818358,0
20260723_181743_tspc_v4_rep2,tsp_construct,version4,1,10,0.46892686203742573,2.3017132849335775,2.3017619449375584,1
20260723_181743_tspc_v4_rep2,tsp_construct,version4,2,10,0.37913434509471805,2.301253708842647,2.301147202538493,1
20260723_181743_tspc_v4_rep2,tsp_construct,version4,3,10,0.2897538943466773,2.3008191619514817,2.3010056515399664,0
20260723_181743_tspc_v4_rep2,tsp_construct,version4,4,10,0.09349445123553146,2.300969633477101,2.300773920453865,0
20260723_181743_tspc_v4_rep2,tsp_construct,version4,5,10,0.13347020659446257,2.284920507922061,2.284223539719581,0
20260723_181743_tspc_v4_rep2,tsp_construct,version4,6,10,0.12607264329552154,2.3014290099998465,2.301325672597223,0
20260723_181743_tspc_v4_rep2,tsp_construct,version4,7,10,0.12244367454652993,2.2904124953321077,2.290886728435768,0
20260723_181743_tspc_v4_rep2,tsp_construct,version4,8,9,0.14164886186901376,2.194835237402949,2.1945308641968846,0
20260723_181743_tspc_v4_rep2,tsp_construct,version4,9,10,0.21009005293190675,2.3013436304923816,2.2995401505801802,0
20260723_181743_tspc_v4_rep2,tsp_construct,version4,10,10,0.10499315533082135,2.300554236277084,2.3006041711207645,0
20260723_181743_tspc_v4_rep2,tsp_construct,version4,11,10,0.12769704077913754,2.299861864662277,2.2998170962900684,0
20260723_181743_tspc_v4_rep2,tsp_construct,version4,12,10,0.07163608187942934,2.300642903298528,2.2994931717877916,0
20260723_181743_tspc_v4_rep2,tsp_construct,version4,13,10,0.1523913186229117,2.2985647319198907,2.2987239995197504,0
20260723_181743_tspc_v4_rep2,tsp_construct,version4,14,9,0.15959933548355096,2.195226749794368,2.1952511060764093,0
20260723_181743_tspc_v4_rep2,tsp_construct,version4,15,10,0.12758679523576613,2.3019476274856023,2.301921088719115,0
20260723_181743_tspc_v4_rep2,tsp_construct,version4,16,10,0.17146374924597677,2.300045850710012,2.2999397137255198,0
20260723_181743_tspc_v4_rep2,tsp_construct,version4,17,10,0.14197795945574287,2.2988665667268764,2.299046860278141,0
20260723_181743_tspc_v4_rep2,tsp_construct,version4,18,10,0.14075475173584756,2.299320446185076,2.298983913402915,0
20260723_181743_tspc_v4_rep2,tsp_construct,version4,19,10,0.06228174905385166,2.2665065645533433,2.2619307336455097,0
20260723_181743_tspc_v4_rep2,tsp_construct,version4,20,7,0.12716957591033745,1.9371414571325112,1.937112489858575,1
20260723_181743_tspc_v4_rep2,tsp_construct,version4,21,9,0.10987309319489096,2.189780569365616,2.1897231852836594,1
20260723_181743_tspc_v4_rep2,tsp_construct,version4,22,10,0.06930215420738806,2.288313999466935,2.2878806259230093,0
20260723_181743_tspc_v4_rep2,tsp_construct,version4,23,10,0.07490592780421497,2.2838342185271374,2.2834898550073723,0
20260723_181743_tspc_v4_rep2,tsp_construct,version4,24,10,0.07124821940634071,2.2843390734132436,2.2844701039383963,0
20260723_181743_tspc_v4_rep2,tsp_construct,version4,25,10,0.07730973328941015,2.29308243172565,2.293027663767313,0
20260723_181743_tspc_v4_rep2,tsp_construct,version4,26,10,0.0778122618787567,2.295206274807447,2.2951969828536862,1
20260723_181743_tspc_v4_rep2,tsp_construct,version4,27,9,0.0967801230796553,2.1853319848372683,2.1853764029859706,0
20260723_181743_tspc_v4_rep2,tsp_construct,version4,28,10,0.0816908996064623,2.294395723443116,2.2943554625919713,0
20260723_181743_tspc_v4_rep2,tsp_construct,version4,29,10,0.0814216873279705,2.2944371061037168,2.294427470821497,0
20260723_181743_tspc_v4_rep2,tsp_construct,version4,30,10,0.07522718130996822,2.289036190110375,2.288847449678334,0
20260723_181743_tspc_v4_rep2,tsp_construct,version4,31,10,0.078552080540557,2.2954667405704345,2.2954885530066056,1
20260723_181743_tspc_v4_rep2,tsp_construct,version4,32,9,0.07256731825584219,2.193311062314482,2.193222849367425,1
20260723_181743_tspc_v4_rep2,tsp_construct,version4,33,7,0.08987697094878645,1.9453870372950846,1.9453869434210644,1
20260723_181743_tspc_v4_rep2,tsp_construct,version4,34,10,0.10190917370774141,2.2987945282202027,2.2987768398939714,0
20260723_181743_tspc_v4_rep2,tsp_construct,version4,35,10,0.057929116549949033,2.292557165555219,2.2922397428039263,0
20260723_181743_tspc_v4_rep2,tsp_construct,version4,36,10,0.06470630826412038,2.2973343178476515,2.297341739659506,0
20260723_181743_tspc_v4_rep2,tsp_construct,version4,37,10,0.057079016367330274,2.2979480384192636,2.297891175909007,0
20260723_181743_tspc_v4_rep2,tsp_construct,version4,38,10,0.08181961383457664,2.2939084748613556,2.2941646716188684,0
20260723_181743_tspc_v4_rep2,tsp_construct,version4,39,10,0.06252520145091078,2.2763641400359984,2.2746388069780186,0
20260723_181743_tspc_v4_rep2,tsp_construct,version4,40,10,0.05473006304967524,2.2963326179143646,2.296328646238786,0
20260723_181743_tspc_v4_rep2,tsp_construct,version4,41,10,0.07623285119573506,2.2591147868224275,2.259053063991535,1
20260723_181743_tspc_v4_rep2,tsp_construct,version4,42,10,0.0469885575448087,2.2882188459141637,2.288189872707322,0
20260723_181743_tspc_v4_rep2,tsp_construct,version4,43,9,0.05696469074375638,2.1943419136924898,2.1942879245504696,0
20260723_181743_tspc_v4_rep2,tsp_construct,version4,44,9,0.056062313216399304,2.194190136543422,2.194149900455211,0
20260723_181743_tspc_v4_rep2,tsp_construct,version4,45,9,0.04415969729738097,2.1602061994331496,2.1601486464446515,1
20260723_181743_tspc_v4_rep2,tsp_construct,version4,46,9,0.07074157614743935,2.1892328637952088,2.1893718910815325,0
20260723_181743_tspc_v4_rep2,tsp_construct,version4,47,10,0.0660003310354907,2.2979271998054926,2.2979712941694825,0
20260723_181743_tspc_v4_rep2,tsp_construct,version4,48,10,0.0679259200105049,2.2469062896093632,2.2445699344008303,0
20260723_181743_tspc_v4_rep2,tsp_construct,version4,49,10,0.04564190054837676,2.287946097451198,2.2879591000644863,0
20260723_181743_tspc_v4_rep2,tsp_construct,version4,50,10,0.05195358944726679,2.262036398049231,2.2619088096447664,0
20260723_181743_tspc_v4_rep2,tsp_construct,version4,51,10,0.0490031751059394,2.2839775853159012,2.284126270499981,0
20260723_181743_tspc_v4_rep2,tsp_construct,version4,52,9,0.05329606069042097,2.191602174876363,2.191599105836033,0
20260723_181743_tspc_v4_rep2,tsp_construct,version4,53,10,0.05438074536688821,2.282501911576194,2.2826079070231313,0
20260723_181743_tspc_v4_rep2,tsp_construct,version4,54,9,0.04277643693498404,2.1822329730599144,2.1822726942958273,0
20260723_181743_tspc_v4_rep2,tsp_construct,version4,55,10,0.04304639299532791,2.2760057561165636,2.2748164061420852,0
20260723_181743_tspc_v4_rep2,tsp_construct,version4,56,9,0.12173103449081199,2.1754541458265875,2.174275453044894,1
20260723_181743_tspc_v4_rep2,tsp_construct,version4,57,10,0.05482783637520977,2.2826896365371123,2.282776009104521,0
20260723_181743_tspc_v4_rep2,tsp_construct,version4,58,9,0.05646026459500711,2.1870290422064422,2.186252282075487,0
20260723_181743_tspc_v4_rep2,tsp_construct,version4,59,8,0.0334820035912715,2.0718378105962136,2.0717313254141034,0
20260723_181743_tspc_v4_rep2,tsp_construct,version4,60,8,0.034034750548296744,2.0693467990938403,2.0692482268743904,0
20260723_181743_tspc_v4_rep2,tsp_construct,version4,61,9,0.04630587187965085,2.188521785145133,2.1885691403367455,0
20260723_181743_tspc_v4_rep2,tsp_construct,version4,62,10,0.07899722614844282,2.2967921348124443,2.2970677467929868,1
20260723_181743_tspc_v4_rep2,tsp_construct,version4,63,9,0.051969015277623785,2.195440707398737,2.195368007788336,0
20260723_181743_tspc_v4_rep2,tsp_construct,version4,64,8,0.050378874212599,2.043776642473908,2.0436489486946927,0
20260723_181743_tspc_v4_rep2,tsp_construct,version4,65,10,0.04577530541159776,2.256500281437856,2.2553953612661233,0
20260723_181743_tspc_v4_rep2,tsp_construct,version4,66,10,0.06865347886810722,2.2754159704995636,2.2748020285190167,0
20260723_181743_tspc_v4_rep2,tsp_construct,version4,67,10,0.04424018981048056,2.2783920831610605,2.2785093371496083,0
20260723_181743_tspc_v4_rep2,tsp_construct,version4,68,10,0.06750669342213102,2.2860387252860876,2.285915116018874,1
20260723_181743_tspc_v4_rep2,tsp_construct,version4,69,10,0.03235708853489004,2.280961935469441,2.2809333321916965,1
20260723_181743_tspc_v4_rep2,tsp_construct,version4,70,9,0.03422135684804681,2.188605586682956,2.1885827584900523,0
20260723_181743_tspc_v4_rep2,tsp_construct,version4,71,9,0.05203643181178301,2.1825300239478556,2.182470500119268,0
20260723_181743_tspc_v4_rep2,tsp_construct,version4,72,9,0.07913096542434724,2.1662484546261194,2.1524237800277835,0
20260723_181743_tspc_v4_rep2,tsp_construct,version4,73,10,0.03117519014205638,2.297052266092814,2.297057356484137,0
20260723_181743_tspc_v4_rep2,tsp_construct,version4,74,9,0.0631654802653333,2.170202626758333,2.1702654259757876,0
20260723_181743_tspc_v4_rep2,tsp_construct,version4,75,9,0.05680947291843181,2.186986167972329,2.1869078934494444,0
20260723_181743_tspc_v4_rep2,tsp_construct,version4,76,10,0.05986458476668947,2.2788718488775186,2.278793978012308,0
20260723_181743_tspc_v4_rep2,tsp_construct,version4,77,9,0.04457578689346686,2.1906585677181667,2.1906271757876996,0
20260723_181743_tspc_v4_rep2,tsp_construct,version4,78,10,0.05736492498661574,2.2911927532398764,2.292158302935063,0
20260723_181743_tspc_v4_rep2,tsp_construct,version4,79,8,0.05121279932726564,2.0226207474772515,2.022357322542176,0
20260723_181743_tspc_v4_rep2,tsp_construct,version4,80,10,0.0814199024575207,2.2975165425513433,2.297740999163504,0
20260723_181743_tspc_v4_rep2,tsp_construct,version4,81,10,0.05107330536493711,2.2925025315794163,2.292324080474411,0
20260723_181743_tspc_v4_rep2,tsp_construct,version4,82,9,0.04359849461882383,2.1854391955754644,2.1854637664373193,0
20260723_181743_tspc_v4_rep2,tsp_construct,version4,83,9,0.06753886595617936,2.1866189922573183,2.186565228235718,0
20260723_181743_tspc_v4_rep2,tsp_construct,version4,84,7,0.041727392094826246,1.9439889432509503,1.9440016565570397,0
20260723_181743_tspc_v4_rep2,tsp_construct,version4,85,10,0.03539274232218585,2.273515463706258,2.2733690649522855,0
20260723_181743_tspc_v4_rep2,tsp_construct,version4,86,10,0.0529381655171174,2.2419323143851955,2.240991100933967,0
20260723_181743_tspc_v4_rep2,tsp_construct,version4,87,10,0.050027226593767696,2.2897182586351246,2.2896844883317113,0
20260723_181743_tspc_v4_rep2,tsp_construct,version4,88,10,0.038983823521656684,2.268020805200792,2.267887432143123,0
20260723_181743_tspc_v4_rep2,tsp_construct,version4,89,9,0.09941487246573108,2.18479800969762,2.184436833846959,0
20260723_181743_tspc_v4_rep2,tsp_construct,version4,90,10,0.060090834614580056,2.2935109764229074,2.2934157277562575,0
20260723_181743_tspc_v4_rep2,tsp_construct,version4,91,7,0.04100796321243094,1.934835999107861,1.9348262323784025,0
20260723_181743_tspc_v4_rep2,tsp_construct,version4,92,8,0.09544915724488955,2.0143370117129917,2.0056804901195875,0
20260723_181743_tspc_v4_rep2,tsp_construct,version4,93,9,0.11174783097794519,2.1766190753670354,2.1761747767881117,0
20260723_181743_tspc_v4_rep2,tsp_construct,version4,94,8,0.053420712308974,2.0167379218689208,2.0165113851639713,0
20260723_181743_tspc_v4_rep2,tsp_construct,version4,95,8,0.0560654416897719,2.0741627543174985,2.0741777559556085,0
20260723_181743_tspc_v4_rep2,tsp_construct,version4,96,10,0.04217527695644613,2.2879840993946243,2.287971732806482,0
20260723_181743_tspc_v4_rep2,tsp_construct,version4,97,9,0.06493269706042586,2.143796238063193,2.140744230700624,0
20260723_181743_tspc_v4_rep2,tsp_construct,version4,98,9,0.06517041730661242,2.1467117880901325,2.145642769509271,0
20260723_181743_tspc_v4_rep2,tsp_construct,version4,99,10,0.08492376911663566,2.2552634037249306,2.252883103689035,0
20260723_181743_tspc_v4_rep2,tsp_construct,version4,100,10,0.04245402697575254,2.2746310734144184,2.274443778186991,1
20260723_181743_tspc_v4_rep3,tsp_construct,version4,1,10,0.37275629449184294,2.292527490278589,2.2919239265226445,1
20260723_181743_tspc_v4_rep3,tsp_construct,version4,2,9,0.294817951642713,2.1956255427537714,2.195400253598531,0
20260723_181743_tspc_v4_rep3,tsp_construct,version4,3,9,0.28903015606055404,2.1966597523110467,2.196595337234868,0
20260723_181743_tspc_v4_rep3,tsp_construct,version4,4,10,0.1255652766352198,2.290744705262096,2.2909421110733557,0
20260723_181743_tspc_v4_rep3,tsp_construct,version4,5,10,0.15086854439296457,2.2942182782041685,2.2937593449117855,1
20260723_181743_tspc_v4_rep3,tsp_construct,version4,6,10,0.1405138305534654,2.2926098937416883,2.290851416645317,1
20260723_181743_tspc_v4_rep3,tsp_construct,version4,7,10,0.08995164586281316,2.2996959487715256,2.2995151543379304,0
20260723_181743_tspc_v4_rep3,tsp_construct,version4,8,10,0.141379745829977,2.2959613258154823,2.2950189044482796,1
20260723_181743_tspc_v4_rep3,tsp_construct,version4,9,10,0.20039555215025645,2.3015199214109354,2.3012927655475703,1
20260723_181743_tspc_v4_rep3,tsp_construct,version4,10,10,0.14908558918957532,2.299400941067417,2.2990445829376127,1
20260723_181743_tspc_v4_rep3,tsp_construct,version4,11,10,0.17157881590584798,2.2956896265771958,2.296548261808534,0
20260723_181743_tspc_v4_rep3,tsp_construct,version4,12,10,0.15818701926049733,2.301265900233884,2.300064006581174,0
20260723_181743_tspc_v4_rep3,tsp_construct,version4,13,10,0.16207441804241274,2.2897812437827856,2.2893900197216377,0
20260723_181743_tspc_v4_rep3,tsp_construct,version4,14,10,0.2160877160766594,2.298560380686825,2.297783286568804,1
20260723_181743_tspc_v4_rep3,tsp_construct,version4,15,10,0.12667132251821406,2.294101472056676,2.2943045061903704,0
20260723_181743_tspc_v4_rep3,tsp_construct,version4,16,10,0.14219735558265084,2.29912987276478,2.2991063683621347,0
20260723_181743_tspc_v4_rep3,tsp_construct,version4,17,10,0.11760612117401521,2.290675468279659,2.2907283434639565,0
20260723_181743_tspc_v4_rep3,tsp_construct,version4,18,9,0.12129544480478713,2.1930682630284504,2.1928758062133524,0
20260723_181743_tspc_v4_rep3,tsp_construct,version4,19,10,0.14196251790914277,2.2927921981994217,2.292537834719533,0
20260723_181743_tspc_v4_rep3,tsp_construct,version4,20,10,0.09938752937094583,2.279601169850512,2.279571996082265,0
20260723_181743_tspc_v4_rep3,tsp_construct,version4,21,9,0.10532346791580778,2.1953586865784755,2.1953223473984194,0
20260723_181743_tspc_v4_rep3,tsp_construct,version4,22,9,0.1448953539683982,2.1878369884392,2.1873174631251078,1
20260723_181743_tspc_v4_rep3,tsp_construct,version4,23,9,0.09548745675228347,2.190975024331017,2.190767576628715,1
20260723_181743_tspc_v4_rep3,tsp_construct,version4,24,9,0.11525273428471038,2.18283545279283,2.1825508946807703,1
20260723_181743_tspc_v4_rep3,tsp_construct,version4,25,10,0.08712657402141563,2.2879173049252324,2.2871943052671067,0
20260723_181743_tspc_v4_rep3,tsp_construct,version4,26,10,0.1272898208367685,2.2866856496484607,2.2862985510983256,0
20260723_181743_tspc_v4_rep3,tsp_construct,version4,27,10,0.07867138190856024,2.2877055125056214,2.2876329373163107,1
20260723_181743_tspc_v4_rep3,tsp_construct,version4,28,9,0.10191482168119181,2.1831090402575395,2.1824781483048796,0
20260723_181743_tspc_v4_rep3,tsp_construct,version4,29,10,0.14333790408518007,2.2946887155410782,2.294567367603127,0
20260723_181743_tspc_v4_rep3,tsp_construct,version4,30,10,0.13356706557967957,2.2953038847279124,2.2950842452322404,1
20260723_181743_tspc_v4_rep3,tsp_construct,version4,31,10,0.14940998697617452,2.2851491338127663,2.2849706445407247,1
20260723_181743_tspc_v4_rep3,tsp_construct,version4,32,8,0.12039978715411699,2.0750559908481163,2.074958505542952,1
20260723_181743_tspc_v4_rep3,tsp_construct,version4,33,10,0.11886726676906352,2.294333193915788,2.2932694540645704,0
20260723_181743_tspc_v4_rep3,tsp_construct,version4,34,10,0.09660942137067557,2.276875597157089,2.277432485963542,0
20260723_181743_tspc_v4_rep3,tsp_construct,version4,35,10,0.12498638160734317,2.2920496929994036,2.291733412655713,0
20260723_181743_tspc_v4_rep3,tsp_construct,version4,36,10,0.12015872821768443,2.2980256383546753,2.2980012740028974,0
20260723_181743_tspc_v4_rep3,tsp_construct,version4,37,8,0.0964889131840346,2.0743148208225852,2.0743336929260794,0
20260723_181743_tspc_v4_rep3,tsp_construct,version4,38,9,0.08327348489797506,2.193282973751502,2.1931547094889177,0
20260723_181743_tspc_v4_rep3,tsp_construct,version4,39,10,0.09256451315831879,2.2924038423744113,2.291357183403889,0
20260723_181743_tspc_v4_rep3,tsp_construct,version4,40,9,0.08051991597999605,2.1954273933368538,2.1954730344226125,0
20260723_181743_tspc_v4_rep3,tsp_construct,version4,41,10,0.155069508906924,2.2960630735367134,2.296169517080717,0
20260723_181743_tspc_v4_rep3,tsp_construct,version4,42,9,0.1453340445351817,2.185094444218986,2.1849562690668396,1
20260723_181743_tspc_v4_rep3,tsp_construct,version4,43,10,0.14758083884282355,2.2971700333511365,2.2967133524126004,0
20260723_181743_tspc_v4_rep3,tsp_construct,version4,44,10,0.09362125417002393,2.2880900083075715,2.285033802234838,1
20260723_181743_tspc_v4_rep3,tsp_construct,version4,45,10,0.1052237480238833,2.289898427496182,2.2898833788557513,1
20260723_181743_tspc_v4_rep3,tsp_construct,version4,46,10,0.09536947562377632,2.2957548788683924,2.2958329194387064,0
20260723_181743_tspc_v4_rep3,tsp_construct,version4,47,10,0.07706248813869851,2.2890183327917897,2.2907510502161843,1
20260723_181743_tspc_v4_rep3,tsp_construct,version4,48,10,0.15750133756544582,2.2903994803369745,2.2904998695768546,0
20260723_181743_tspc_v4_rep3,tsp_construct,version4,49,9,0.0884519014531808,2.186778477342332,2.1867209632699014,1
20260723_181743_tspc_v4_rep3,tsp_construct,version4,50,10,0.10074357092489325,2.288423245378981,2.2885440177461103,0
20260723_181743_tspc_v4_rep3,tsp_construct,version4,51,10,0.06769912465400943,2.293361920835517,2.293270228620656,0
20260723_181743_tspc_v4_rep3,tsp_construct,version4,52,9,0.12396923615988698,2.1949044647871596,2.1949086969243363,0
20260723_181743_tspc_v4_rep3,tsp_construct,version4,53,10,0.08945567955544541,2.2919220286811313,2.2916132050054134,0
20260723_181743_tspc_v4_rep3,tsp_construct,version4,54,10,0.11863214808355367,2.296834426110907,2.2968314650029753,1
20260723_181743_tspc_v4_rep3,tsp_construct,version4,55,9,0.15805912769697286,2.1931181590084408,2.1932176121717784,0
20260723_181743_tspc_v4_rep3,tsp_construct,version4,56,10,0.19144149471374944,2.2943892878392673,2.2941247036933774,0
20260723_181743_tspc_v4_rep3,tsp_construct,version4,57,10,0.12988294724515853,2.299666810538203,2.2996672211484417,0
20260723_181743_tspc_v4_rep3,tsp_construct,version4,58,10,0.12907653504078226,2.297679864202053,2.297689728531947,1
20260723_181743_tspc_v4_rep3,tsp_construct,version4,59,10,0.1152734825832237,2.297593616632816,2.2960127240364256,1
20260723_181743_tspc_v4_rep3,tsp_construct,version4,60,10,0.1432144372183034,2.2930971968048324,2.2921437063088774,0
20260723_181743_tspc_v4_rep3,tsp_construct,version4,61,9,0.12287428632172298,2.1918021694597103,2.1917884899368465,0
20260723_181743_tspc_v4_rep3,tsp_construct,version4,62,10,0.09598100114283004,2.2956588911278866,2.294932093293909,0
20260723_181743_tspc_v4_rep3,tsp_construct,version4,63,10,0.11174407594963527,2.291369960050919,2.291139569730197,0
20260723_181743_tspc_v4_rep3,tsp_construct,version4,64,9,0.060892386738729605,2.184201226273335,2.1839054357602192,0
20260723_181743_tspc_v4_rep3,tsp_construct,version4,65,9,0.07519456182795116,2.1893821147084,2.1887319239570666,1
20260723_181743_tspc_v4_rep3,tsp_construct,version4,66,9,0.10552820263297985,2.1945107436340754,2.1939940457560434,0
20260723_181743_tspc_v4_rep3,tsp_construct,version4,67,10,0.1511322408890042,2.300975385104308,2.300618076074377,0
20260723_181743_tspc_v4_rep3,tsp_construct,version4,68,10,0.09500123579776844,2.2959088376315235,2.2966500845991025,0
20260723_181743_tspc_v4_rep3,tsp_construct,version4,69,10,0.13593476825101533,2.2879098236016553,2.287352089174906,0
20260723_181743_tspc_v4_rep3,tsp_construct,version4,70,8,0.10899437368791881,2.0782793083113544,2.078268797621111,0
20260723_181743_tspc_v4_rep3,tsp_construct,version4,71,9,0.08714622479032445,2.16625911095094,2.1649074689609904,0
20260723_181743_tspc_v4_rep3,tsp_construct,version4,72,10,0.07330429125998945,2.2773451054276417,2.277567964488735,0
20260723_181743_tspc_v4_rep3,tsp_construct,version4,73,10,0.12446199683640928,2.294231263323124,2.292655538046104,0
20260723_181743_tspc_v4_rep3,tsp_construct,version4,74,10,0.13437460201084062,2.2977153475281393,2.297755523369562,0
20260723_181743_tspc_v4_rep3,tsp_construct,version4,75,10,0.06749397772103038,2.2758407885925136,2.2755244814298146,0
20260723_181743_tspc_v4_rep3,tsp_construct,version4,76,10,0.0795036998389509,2.282236987886138,2.282042717374985,0
20260723_181743_tspc_v4_rep3,tsp_construct,version4,77,10,0.07213774746779393,2.288955104621312,2.2890541392614634,0
20260723_181743_tspc_v4_rep3,tsp_construct,version4,78,10,0.07951707260851594,2.2830209933943335,2.28272389256869,0
20260723_181743_tspc_v4_rep3,tsp_construct,version4,79,10,0.09117364023401431,2.2781199291017646,2.278217869752509,0
20260723_181743_tspc_v4_rep3,tsp_construct,version4,80,10,0.09888408612806057,2.2944878070488133,2.295024090819009,0
20260723_181743_tspc_v4_rep3,tsp_construct,version4,81,9,0.09813887582105202,2.1883998772620723,2.1883800843909436,0
20260723_181743_tspc_v4_rep3,tsp_construct,version4,82,10,0.10122355318605152,2.287876410540584,2.2879803747209473,0
20260723_181743_tspc_v4_rep3,tsp_construct,version4,83,9,0.1051836481411465,2.1853947072880313,2.185300904772597,0
20260723_181743_tspc_v4_rep3,tsp_construct,version4,84,9,0.11600644250576903,2.193261144518358,2.1933351266711307,0
20260723_181743_tspc_v4_rep3,tsp_construct,version4,85,8,0.0923159114408415,2.061192788061529,2.06119161181737,0
20260723_181743_tspc_v4_rep3,tsp_construct,version4,86,10,0.14550036571769964,2.296343711673714,2.2961243362837327,0
20260723_181743_tspc_v4_rep3,tsp_construct,version4,87,10,0.07414071636977984,2.29208685970525,2.2918013745620787,0
20260723_181743_tspc_v4_rep3,tsp_construct,version4,88,10,0.07968899995200196,2.2962232993744323,2.2959826227285918,1
20260723_181743_tspc_v4_rep3,tsp_construct,version4,89,9,0.07110115900237829,2.183124134400136,2.183003679317451,0
20260723_181743_tspc_v4_rep3,tsp_construct,version4,90,10,0.09432813900402506,2.294416646621952,2.2944001597007326,1
20260723_181743_tspc_v4_rep3,tsp_construct,version4,91,10,0.09966746119522134,2.2937904052627127,2.2939838593903445,0
20260723_181743_tspc_v4_rep3,tsp_construct,version4,92,10,0.09597828910182299,2.295394677855657,2.2955189085029097,0
20260723_181743_tspc_v4_rep3,tsp_construct,version4,93,10,0.10959636865032023,2.2921825601344117,2.292267652702127,0
20260723_181743_tspc_v4_rep3,tsp_construct,version4,94,10,0.1002923638857508,2.286908785669424,2.2869353625819615,0
20260723_181743_tspc_v4_rep3,tsp_construct,version4,95,10,0.07476971328894211,2.2943019562707483,2.2939134929963685,0
20260723_181743_tspc_v4_rep3,tsp_construct,version4,96,10,0.07299930700351584,2.2947592510430597,2.294673897416233,0
20260723_181743_tspc_v4_rep3,tsp_construct,version4,97,10,0.11704433632018892,2.264882010018458,2.264334161806402,0
20260723_181743_tspc_v4_rep3,tsp_construct,version4,98,10,0.1003440957273292,2.2801170539964977,2.2796634545311925,0
20260723_181743_tspc_v4_rep3,tsp_construct,version4,99,10,0.0951777357929388,2.29378516892313,2.2937127473002192,0
20260723_181743_tspc_v4_rep3,tsp_construct,version4,100,10,0.13830520987905387,2.2938160830632297,2.292131267434269,0
20260728_151736_tspc_v5_rep1,tsp_construct,version5,1,10,0.3855078692419781,2.297425807307075,2.2982476183523395,1
20260728_151736_tspc_v5_rep1,tsp_construct,version5,2,10,0.31384117238975207,2.300811807991326,2.3007507722373806,0
20260728_151736_tspc_v5_rep1,tsp_construct,version5,3,10,0.3246222348158755,2.3003647087103607,2.3003632373511747,0
20260728_151736_tspc_v5_rep1,tsp_construct,version5,4,9,0.23060374726663957,2.1942170427970202,2.1925194254017777,0
20260728_151736_tspc_v5_rep1,tsp_construct,version5,5,9,0.19927962535409924,2.196448730580556,2.1951265339687627,0
20260728_151736_tspc_v5_rep1,tsp_construct,version5,6,9,0.13851787194031043,2.1423023375151637,2.1405407051118965,0
20260728_151736_tspc_v5_rep1,tsp_construct,version5,7,9,0.15760229301498266,2.1803611462589156,2.179967338121512,0
20260728_151736_tspc_v5_rep1,tsp_construct,version5,8,9,0.22081950490390306,2.196668545610603,2.1929918875063756,0
20260728_151736_tspc_v5_rep1,tsp_construct,version5,9,10,0.13095833437515672,2.3004877756479054,2.2991704841279597,0
20260728_151736_tspc_v5_rep1,tsp_construct,version5,10,8,0.13382831723727728,2.0731946633279605,2.0731656365373263,0
20260728_151736_tspc_v5_rep1,tsp_construct,version5,11,9,0.14054843616877033,2.1953108891290265,2.1953846719438213,0
20260728_151736_tspc_v5_rep1,tsp_construct,version5,12,10,0.14444211087856576,2.2983253429202466,2.297734010266957,0
20260728_151736_tspc_v5_rep1,tsp_construct,version5,13,10,0.17102810953777184,2.2977278783662904,2.2973386106001854,0
20260728_151736_tspc_v5_rep1,tsp_construct,version5,14,8,0.19620957165169595,2.0661784855074057,2.0659204698188285,0
20260728_151736_tspc_v5_rep1,tsp_construct,version5,15,9,0.15936705604538684,2.188266121539045,2.188698734551066,0
20260728_151736_tspc_v5_rep1,tsp_construct,version5,16,10,0.1931445717352665,2.2967945753099186,2.29740982391264,0
20260728_151736_tspc_v5_rep1,tsp_construct,version5,17,8,0.23700824407403748,2.0748974157664,2.073157841641306,1
20260728_151736_tspc_v5_rep1,tsp_construct,version5,18,9,0.12858838119732946,2.1887126527554503,2.1877811909483365,0
20260728_151736_tspc_v5_rep1,tsp_construct,version5,19,7,0.19077546332121822,1.943084758347426,1.9440208013576372,0
20260728_151736_tspc_v5_rep1,tsp_construct,version5,20,9,0.08686208316202314,2.1797584631078504,2.1794797597341535,1
20260728_151736_tspc_v5_rep1,tsp_construct,version5,21,10,0.12735198626163308,2.282350196427987,2.277058915736112,1
20260728_151736_tspc_v5_rep1,tsp_construct,version5,22,10,0.13656602438758822,2.2855164973735462,2.2847914255534683,1
20260728_151736_tspc_v5_rep1,tsp_construct,version5,23,6,0.198516725447064,1.7878691843920085,1.7876923994155665,0
20260728_151736_tspc_v5_rep1,tsp_construct,version5,24,9,0.26511633221517333,2.180789361272414,2.177425781862951,0
20260728_151736_tspc_v5_rep1,tsp_construct,version5,25,8,0.13104244824067918,2.0755926717876747,2.0755707713684703,0
20260728_151736_tspc_v5_rep1,tsp_construct,version5,26,10,0.14175246648743403,2.2918384581439035,2.288254708402129,0
20260728_151736_tspc_v5_rep1,tsp_construct,version5,27,10,0.1342866301197626,2.297590882086574,2.2972135720578137,0
20260728_151736_tspc_v5_rep1,tsp_construct,version5,28,10,0.10957245877301025,2.2954680257962603,2.295339018362473,1
20260728_151736_tspc_v5_rep1,tsp_construct,version5,29,10,0.15160626393619317,2.278148484828316,2.2787297112653655,0
20260728_151736_tspc_v5_rep1,tsp_construct,version5,30,10,0.07026844194538207,2.2977367001498226,2.297075509718172,1
20260728_151736_tspc_v5_rep1,tsp_construct,version5,31,9,0.048278639254623404,2.192037323947369,2.1920549488590777,0
20260728_151736_tspc_v5_rep1,tsp_construct,version5,32,9,0.1668238943347503,2.1858145533296054,2.1813575487660652,0
20260728_151736_tspc_v5_rep1,tsp_construct,version5,33,10,0.11331421982899528,2.2785545179495275,2.277380063933902,0
20260728_151736_tspc_v5_rep1,tsp_construct,version5,34,10,0.1905251458616791,2.2877670039340234,2.2856455648117677,0
20260728_151736_tspc_v5_rep1,tsp_construct,version5,35,10,0.03592925082507921,2.250272271174527,2.24512992628471,0
20260728_151736_tspc_v5_rep1,tsp_construct,version5,36,10,0.07294883066849693,2.2915821350918137,2.291572990494948,0
20260728_151736_tspc_v5_rep1,tsp_construct,version5,37,9,0.10397169421431099,2.129301270039914,2.129475903959397,0
20260728_151736_tspc_v5_rep1,tsp_construct,version5,38,9,0.06891081531985592,2.1705527998710283,2.1709746720416536,0
20260728_151736_tspc_v5_rep1,tsp_construct,version5,39,10,0.12160014090298059,2.2750367992904867,2.2649766414088233,0
20260728_151736_tspc_v5_rep1,tsp_construct,version5,40,10,0.1194353795748283,2.2869438250125746,2.286164690846447,0
20260728_151736_tspc_v5_rep1,tsp_construct,version5,41,10,0.03183974235886374,2.2778619761082246,2.27877749305842,0
20260728_151736_tspc_v5_rep1,tsp_construct,version5,42,8,0.09249553060988919,2.03223484748911,2.0187772889630153,0
20260728_151736_tspc_v5_rep1,tsp_construct,version5,43,10,0.08972168628040036,2.258251272806558,2.2558817650219334,1
20260728_151736_tspc_v5_rep1,tsp_construct,version5,44,10,0.11026908659681116,2.266713958679956,2.2622971882771097,0
20260728_151736_tspc_v5_rep1,tsp_construct,version5,45,10,0.05565579341440223,2.2578034848666952,2.2535152745271994,0
20260728_151736_tspc_v5_rep1,tsp_construct,version5,46,10,0.08422701007354075,2.242224072612446,2.2374871913661685,0
20260728_151736_tspc_v5_rep1,tsp_construct,version5,47,9,0.0397646510938339,2.1537513590923947,2.1537841939648144,0
20260728_151736_tspc_v5_rep1,tsp_construct,version5,48,9,0.055391404171807934,2.1357618155747864,2.1348269423551223,0
20260728_151736_tspc_v5_rep1,tsp_construct,version5,49,9,0.031606267697631196,2.1741044821155007,2.1739204595755752,0
20260728_151736_tspc_v5_rep1,tsp_construct,version5,50,10,0.0811149622323535,2.2572159966486813,2.255289490598731,0
20260728_151736_tspc_v5_rep1,tsp_construct,version5,51,10,0.027546311274764944,2.2876515768201737,2.2876402970020036,0
20260728_151736_tspc_v5_rep1,tsp_construct,version5,52,10,0.06695696481522075,2.279200850627119,2.279561317622628,0
20260728_151736_tspc_v5_rep1,tsp_construct,version5,53,10,0.04585968393102108,2.2544049888615607,2.254470553877047,0
20260728_151736_tspc_v5_rep1,tsp_construct,version5,54,9,0.0711282355299908,2.145187706775219,2.1442855004167916,0
20260728_151736_tspc_v5_rep1,tsp_construct,version5,55,10,0.033285372078253335,2.242895247752544,2.2377897381780283,0
20260728_151736_tspc_v5_rep1,tsp_construct,version5,56,9,0.07338009547806042,2.1427604661651443,2.1410452540609035,0
20260728_151736_tspc_v5_rep1,tsp_construct,version5,57,9,0.025186043547715697,2.15073164594531,2.1507756119691877,0
20260728_151736_tspc_v5_rep1,tsp_construct,version5,58,10,0.05437597000191853,2.249106430291642,2.2488758650993232,0
20260728_151736_tspc_v5_rep1,tsp_construct,version5,59,9,0.09211196263066207,2.174810904632379,2.173175551905224,0
20260728_151736_tspc_v5_rep1,tsp_construct,version5,60,9,0.050817391984513655,2.1691568385110562,2.1674685110918026,0
20260728_151736_tspc_v5_rep1,tsp_construct,version5,61,9,0.04264079001175344,2.1299233828670987,2.12809391540438,1
20260728_151736_tspc_v5_rep1,tsp_construct,version5,62,10,0.008038812083965329,2.292651821943254,2.292653180839245,0
20260728_151736_tspc_v5_rep1,tsp_construct,version5,63,9,0.0940244799605194,2.132863684340188,2.1301743746895174,0
20260728_151736_tspc_v5_rep1,tsp_construct,version5,64,10,0.0532502848247416,2.2409053111031616,2.2404335991382824,0
20260728_151736_tspc_v5_rep1,tsp_construct,version5,65,10,0.048066727066593165,2.2872659713755548,2.285505654758028,1
20260728_151736_tspc_v5_rep1,tsp_construct,version5,66,10,0.07426562981694033,2.2460914428739325,2.245406153214115,1
20260728_151736_tspc_v5_rep1,tsp_construct,version5,67,10,0.038782582707016254,2.2775616141593376,2.277987651247554,0
20260728_151736_tspc_v5_rep1,tsp_construct,version5,68,10,0.05791927177385322,2.2472315488309507,2.2453284882528015,0
20260728_151736_tspc_v5_rep1,tsp_construct,version5,69,10,0.06422572082944629,2.243720970334763,2.2434651105626684,1
20260728_151736_tspc_v5_rep1,tsp_construct,version5,70,10,0.05130344658918542,2.2693441422612777,2.2684375783854165,0
20260728_151736_tspc_v5_rep1,tsp_construct,version5,71,10,0.10590926846207935,2.2761234988718315,2.2762253575588023,0
20260728_151736_tspc_v5_rep1,tsp_construct,version5,72,9,0.0363824752638365,2.1510716530950913,2.150069600067366,1
20260728_151736_tspc_v5_rep1,tsp_construct,version5,73,10,0.05454699504998015,2.2809626766335045,2.2810334962808305,0
20260728_151736_tspc_v5_rep1,tsp_construct,version5,74,9,0.08175929127147828,2.1829760786247703,2.1828519694214368,0
20260728_151736_tspc_v5_rep1,tsp_construct,version5,75,9,0.07871200456149069,2.141179022212057,2.1411715419504116,0
20260728_151736_tspc_v5_rep1,tsp_construct,version5,76,9,0.04028419575411286,2.149675615444561,2.1500285806264756,0
20260728_151736_tspc_v5_rep1,tsp_construct,version5,77,10,0.04766998318546933,2.2796531263934825,2.2794058007693923,0
20260728_151736_tspc_v5_rep1,tsp_construct,version5,78,9,0.05749615293629587,2.1839919295105195,2.1839719028437057,1
20260728_151736_tspc_v5_rep1,tsp_construct,version5,79,10,0.0642076748435183,2.2381310637198255,2.2381271628541706,0
20260728_151736_tspc_v5_rep1,tsp_construct,version5,80,9,0.022898654715876036,2.1331166334041973,2.1329922081497004,0
20260728_151736_tspc_v5_rep1,tsp_construct,version5,81,10,0.0387691895230714,2.2852475761040383,2.2852109759763697,0
20260728_151736_tspc_v5_rep1,tsp_construct,version5,82,8,0.053223959673150405,2.024093527812057,2.0197920782982797,0
20260728_151736_tspc_v5_rep1,tsp_construct,version5,83,10,0.05049494998723294,2.238355675582765,2.234830964135914,0
20260728_151736_tspc_v5_rep1,tsp_construct,version5,84,10,0.03731236767749075,2.2782635255299857,2.2765441637227664,0
20260728_151736_tspc_v5_rep1,tsp_construct,version5,85,10,0.06625586047627088,2.258488456214973,2.257843708151345,0
20260728_151736_tspc_v5_rep1,tsp_construct,version5,86,10,0.053277855702088796,2.2659381915642,2.26620312640376,1
20260728_151736_tspc_v5_rep1,tsp_construct,version5,87,9,0.04817640993652864,2.186093604458673,2.1854138078945127,0
20260728_151736_tspc_v5_rep1,tsp_construct,version5,88,10,0.030090375979244736,2.2898229276396522,2.2898376309746302,1
20260728_151736_tspc_v5_rep1,tsp_construct,version5,89,10,0.04311757296286167,2.290361920715217,2.2903748948800295,0
20260728_151736_tspc_v5_rep1,tsp_construct,version5,90,10,0.0596157370017225,2.2766999818679445,2.2757205677294414,0
20260728_151736_tspc_v5_rep1,tsp_construct,version5,91,10,0.017069129024056367,2.272137142098659,2.2721766425651935,0
20260728_151736_tspc_v5_rep1,tsp_construct,version5,92,9,0.036867894361605154,2.176930348061245,2.1773434660371875,0
20260728_151736_tspc_v5_rep1,tsp_construct,version5,93,10,0.0678115732340199,2.2749490897447195,2.274834099409401,1
20260728_151736_tspc_v5_rep1,tsp_construct,version5,94,9,0.012169374139805312,2.1763835090711816,2.176577453015559,1
20260728_151736_tspc_v5_rep1,tsp_construct,version5,95,10,0.026601076404438716,2.2487060999573445,2.249563795424465,0
20260728_151736_tspc_v5_rep1,tsp_construct,version5,96,9,0.013290680063319946,2.156959995510074,2.1572710307799103,0
20260728_151736_tspc_v5_rep1,tsp_construct,version5,97,10,0.07025857743091815,2.2506601213825617,2.250589011910522,1
20260728_151736_tspc_v5_rep1,tsp_construct,version5,98,8,0.13608962620682888,2.0351966944789526,2.0346099357500327,0
20260728_151736_tspc_v5_rep1,tsp_construct,version5,99,10,0.10200192142166309,2.2437348919598796,2.2418395351683262,0
20260728_151736_tspc_v5_rep1,tsp_construct,version5,100,9,0.11822512647485962,2.132815215083565,2.130820876376769,0
20260728_151736_tspc_v5_rep2,tsp_construct,version5,1,9,0.36916257582959405,2.191038418504344,2.1909073806408466,1
20260728_151736_tspc_v5_rep2,tsp_construct,version5,2,10,0.30812093792718687,2.2980751233316563,2.298528791847603,1
20260728_151736_tspc_v5_rep2,tsp_construct,version5,3,10,0.2596586190931277,2.2959574328364796,2.2962923270785107,1
20260728_151736_tspc_v5_rep2,tsp_construct,version5,4,7,0.2775741083065156,1.9415410417058694,1.9387634824535025,0
20260728_151736_tspc_v5_rep2,tsp_construct,version5,5,10,0.25723773178238535,2.3001033573400655,2.3012200833312266,0
20260728_151736_tspc_v5_rep2,tsp_construct,version5,6,10,0.11893994145650155,2.2918140147237804,2.291919022996208,1
20260728_151736_tspc_v5_rep2,tsp_construct,version5,7,8,0.1796515964152349,2.0734509343343834,2.072017993661757,0
20260728_151736_tspc_v5_rep2,tsp_construct,version5,8,9,0.21311667067649875,2.19265556135303,2.1927323553805764,0
20260728_151736_tspc_v5_rep2,tsp_construct,version5,9,9,0.2516045936066748,2.1950262054127427,2.195052530935224,0
20260728_151736_tspc_v5_rep2,tsp_construct,version5,10,8,0.19812089284007225,2.078387626496744,2.078263651415902,1
20260728_151736_tspc_v5_rep2,tsp_construct,version5,11,8,0.21977043985869138,2.075613452341237,2.075850402505795,1
20260728_151736_tspc_v5_rep2,tsp_construct,version5,12,9,0.144057742369721,2.189856170844632,2.189474569098888,0
20260728_151736_tspc_v5_rep2,tsp_construct,version5,13,10,0.26189538852774963,2.2906817723767645,2.2897058373724914,0
20260728_151736_tspc_v5_rep2,tsp_construct,version5,14,9,0.2132286369723021,2.1876667190717085,2.188338045000277,0
20260728_151736_tspc_v5_rep2,tsp_construct,version5,15,10,0.16089745204336428,2.2926034617271522,2.2931764138587503,0
20260728_151736_tspc_v5_rep2,tsp_construct,version5,16,10,0.05507463329634969,2.2663411681060186,2.2661331839950636,0
20260728_151736_tspc_v5_rep2,tsp_construct,version5,17,10,0.15820922087279882,2.2988637627457775,2.2984897262310304,0
20260728_151736_tspc_v5_rep2,tsp_construct,version5,18,9,0.16062311664220857,2.1890151289939204,2.1886713469083015,0
20260728_151736_tspc_v5_rep2,tsp_construct,version5,19,10,0.09516775194030941,2.2790903793903787,2.278991831677959,0
20260728_151736_tspc_v5_rep2,tsp_construct,version5,20,9,0.19243431725355528,2.186740238241483,2.1868512813758745,0
20260728_151736_tspc_v5_rep2,tsp_construct,version5,21,10,0.14897851166557852,2.29023357733084,2.290719342084699,1
20260728_151736_tspc_v5_rep2,tsp_construct,version5,22,10,0.06180076313032097,2.284717331828266,2.2846685266884776,1
20260728_151736_tspc_v5_rep2,tsp_construct,version5,23,9,0.12385779773206543,2.187052026546983,2.1869359610204793,0
20260728_151736_tspc_v5_rep2,tsp_construct,version5,24,8,0.12168985291308311,2.0731241015187063,2.0732816543698798,1
20260728_151736_tspc_v5_rep2,tsp_construct,version5,25,10,0.04734638123673457,2.3014499028516022,2.3014851089672783,1
20260728_151736_tspc_v5_rep2,tsp_construct,version5,26,7,0.09615168825475777,1.9256749024471913,1.9251022668878068,0
20260728_151736_tspc_v5_rep2,tsp_construct,version5,27,9,0.1662609187349565,2.1922892072239994,2.192795800904954,0
20260728_151736_tspc_v5_rep2,tsp_construct,version5,28,9,0.04997849472984605,2.1853926200917284,2.1851019624995955,0
20260728_151736_tspc_v5_rep2,tsp_construct,version5,29,8,0.10178114430219132,2.0583063019626486,2.055895642265332,0
20260728_151736_tspc_v5_rep2,tsp_construct,version5,30,10,0.10699954667257235,2.2943406854654564,2.293593339485,1
20260728_151736_tspc_v5_rep2,tsp_construct,version5,31,8,0.13009012904730066,2.068440961181282,2.0686745696898017,0
20260728_151736_tspc_v5_rep2,tsp_construct,version5,32,7,0.15747888608681043,1.940937599395641,1.9406333880018103,0
20260728_151736_tspc_v5_rep2,tsp_construct,version5,33,9,0.13855838444132335,2.1376031727182707,2.1375480548017918,1
20260728_151736_tspc_v5_rep2,tsp_construct,version5,34,8,0.15184499656537537,2.0267686906404467,2.028082192572851,0
20260728_151736_tspc_v5_rep2,tsp_construct,version5,35,8,0.14812593000013471,2.0687692902630825,2.068921961842036,0
20260728_151736_tspc_v5_rep2,tsp_construct,version5,36,8,0.0485351781502876,2.041312861875819,2.041346321142803,0
20260728_151736_tspc_v5_rep2,tsp_construct,version5,37,8,0.053778947566882285,2.0549383450828147,2.0549958470832372,0
20260728_151736_tspc_v5_rep2,tsp_construct,version5,38,10,0.0531627477088914,2.2885619132152186,2.2884493041605913,0
20260728_151736_tspc_v5_rep2,tsp_construct,version5,39,9,0.054035018545528245,2.1920572728439285,2.191849431414778,0
20260728_151736_tspc_v5_rep2,tsp_construct,version5,40,10,0.0485567158163087,2.2769128263238065,2.277934224547631,1
20260728_151736_tspc_v5_rep2,tsp_construct,version5,41,10,0.04992503658817048,2.2594717098169874,2.2593038411774167,0
20260728_151736_tspc_v5_rep2,tsp_construct,version5,42,10,0.14129880744707235,2.274512122549637,2.273845399292244,0
20260728_151736_tspc_v5_rep2,tsp_construct,version5,43,10,0.0517825313734346,2.2400051085723685,2.2378380578716066,0
20260728_151736_tspc_v5_rep2,tsp_construct,version5,44,8,0.07968257602832444,2.056285812814221,2.0546831398730356,0
20260728_151736_tspc_v5_rep2,tsp_construct,version5,45,9,0.12206854322498116,2.175244212113051,2.1755894003121377,0
20260728_151736_tspc_v5_rep2,tsp_construct,version5,46,7,0.07586165356501826,1.9195736253731557,1.9201634094050688,0
20260728_151736_tspc_v5_rep2,tsp_construct,version5,47,10,0.13713370857358326,2.2960475062437484,2.2950028888296754,0
20260728_151736_tspc_v5_rep2,tsp_construct,version5,48,8,0.10601968886723555,2.0546715796803054,2.0546904005939552,0
20260728_151736_tspc_v5_rep2,tsp_construct,version5,49,10,0.1096318925808057,2.2895511279704888,2.290521729617833,0
20260728_151736_tspc_v5_rep2,tsp_construct,version5,50,7,0.12335116022752671,1.940989945634962,1.9417438708669388,0
20260728_151736_tspc_v5_rep2,tsp_construct,version5,51,10,0.11509096210347876,2.2808054471113004,2.2797409899806835,0
20260728_151736_tspc_v5_rep2,tsp_construct,version5,52,9,0.07857065803195132,2.155853849647205,2.155973339965916,1
20260728_151736_tspc_v5_rep2,tsp_construct,version5,53,9,0.08800506851928461,2.1760978946181946,2.1760194055261763,1
20260728_151736_tspc_v5_rep2,tsp_construct,version5,54,9,0.05663308079218329,2.1614209773014124,2.161244807284521,0
20260728_151736_tspc_v5_rep2,tsp_construct,version5,55,9,0.09360812654343503,2.1719585795876926,2.171880912680988,1
20260728_151736_tspc_v5_rep2,tsp_construct,version5,56,7,0.13371949087441332,1.904395714425643,1.9047702494975034,0
20260728_151736_tspc_v5_rep2,tsp_construct,version5,57,9,0.056964804167827614,2.1663421233725995,2.166340801570622,1
20260728_151736_tspc_v5_rep2,tsp_construct,version5,58,10,0.08237190069331932,2.2501348812117365,2.2468037048112306,0
20260728_151736_tspc_v5_rep2,tsp_construct,version5,59,9,0.08105546380067702,2.162097016959416,2.1637311906145467,1
20260728_151736_tspc_v5_rep2,tsp_construct,version5,60,8,0.09088185763061818,2.0647541353300483,2.064284341895843,0
20260728_151736_tspc_v5_rep2,tsp_construct,version5,61,9,0.1386649048852535,2.1749110536323837,2.174874288940248,0
20260728_151736_tspc_v5_rep2,tsp_construct,version5,62,9,0.13230286382088696,2.1621425756265613,2.162063760507882,0
20260728_151736_tspc_v5_rep2,tsp_construct,version5,63,9,0.159876337744729,2.1869437384368466,2.1871351290646928,0
20260728_151736_tspc_v5_rep2,tsp_construct,version5,64,9,0.0688077743347532,2.165379386856574,2.165420568495929,0
20260728_151736_tspc_v5_rep2,tsp_construct,version5,65,9,0.12303036747840995,2.171488535717586,2.1702299494149613,0
20260728_151736_tspc_v5_rep2,tsp_construct,version5,66,9,0.10317287834889352,2.1605671996731193,2.1599661189599626,0
20260728_151736_tspc_v5_rep2,tsp_construct,version5,67,10,0.1287225748695479,2.290380779132893,2.2892696410104687,0
20260728_151736_tspc_v5_rep2,tsp_construct,version5,68,10,0.0872737523245684,2.2919427300048083,2.2922580636576155,0
20260728_151736_tspc_v5_rep2,tsp_construct,version5,69,10,0.059245524002351876,2.2730812381458008,2.273081270262826,1
20260728_151736_tspc_v5_rep2,tsp_construct,version5,70,9,0.10158857632266925,2.1877608110227027,2.187768108279678,0
20260728_151736_tspc_v5_rep2,tsp_construct,version5,71,7,0.058584539229142675,1.9439901582128591,1.9439912592423536,0
20260728_151736_tspc_v5_rep2,tsp_construct,version5,72,9,0.09747019641091778,2.1639144779894632,2.163821815273558,0
20260728_151736_tspc_v5_rep2,tsp_construct,version5,73,9,0.07230098942467787,2.1755361377309153,2.1742057639874264,0
20260728_151736_tspc_v5_rep2,tsp_construct,version5,74,10,0.0754196649935716,2.2793592103949525,2.279689979598434,0
20260728_151736_tspc_v5_rep2,tsp_construct,version5,75,7,0.0792282506804733,1.9223657558926965,1.9224053887129622,0
20260728_151736_tspc_v5_rep2,tsp_construct,version5,76,10,0.12013294956321527,2.2783523518570035,2.276644833161107,0
20260728_151736_tspc_v5_rep2,tsp_construct,version5,77,8,0.11341134096904892,2.0703728612404,2.0702490151325397,0
20260728_151736_tspc_v5_rep2,tsp_construct,version5,78,8,0.08381278682912635,2.0502596028994238,2.050260406596696,0
20260728_151736_tspc_v5_rep2,tsp_construct,version5,79,9,0.06707919132448106,2.1575267747597984,2.1578663277768024,0
20260728_151736_tspc_v5_rep2,tsp_construct,version5,80,9,0.07663352501175207,2.1514921840804404,2.152749721528305,0
20260728_151736_tspc_v5_rep2,tsp_construct,version5,81,9,0.11076284360671035,2.185787263159495,2.185873892025036,0
20260728_151736_tspc_v5_rep2,tsp_construct,version5,82,10,0.10661197281424088,2.278977335001587,2.278991722775678,0
20260728_151736_tspc_v5_rep2,tsp_construct,version5,83,9,0.09973433029548238,2.1625236284560003,2.1630044498182133,0
20260728_151736_tspc_v5_rep2,tsp_construct,version5,84,9,0.10071196693057306,2.1548147301955276,2.148783607915644,0
20260728_151736_tspc_v5_rep2,tsp_construct,version5,85,9,0.08759290616624266,2.1777553583537483,2.1785241095989294,1
20260728_151736_tspc_v5_rep2,tsp_construct,version5,86,8,0.09701800827695575,2.067383899734261,2.067397162860942,0
20260728_151736_tspc_v5_rep2,tsp_construct,version5,87,8,0.18720246093583626,2.065390863857921,2.0641295490083063,1
20260728_151736_tspc_v5_rep2,tsp_construct,version5,88,10,0.10223786098622933,2.2981609778665786,2.298004753986382,1
20260728_151736_tspc_v5_rep2,tsp_construct,version5,89,10,0.1038782342014547,2.2548433336577687,2.2551756057597943,0
20260728_151736_tspc_v5_rep2,tsp_construct,version5,90,8,0.13410071339537777,2.063048765246643,2.0625238354739994,0
20260728_151736_tspc_v5_rep2,tsp_construct,version5,91,10,0.08734991324116662,2.298004528414724,2.2979606490396502,0
20260728_151736_tspc_v5_rep2,tsp_construct,version5,92,9,0.1127265975970875,2.1868977275504813,2.186954200403733,0
20260728_151736_tspc_v5_rep2,tsp_construct,version5,93,10,0.05186197225119611,2.2695622443832453,2.2695615292578726,0
20260728_151736_tspc_v5_rep2,tsp_construct,version5,94,10,0.07047067326811887,2.258039393329435,2.2577716764990923,0
20260728_151736_tspc_v5_rep2,tsp_construct,version5,95,8,0.10500944344126945,2.071109246325661,2.0711100051367364,0
20260728_151736_tspc_v5_rep2,tsp_construct,version5,96,7,0.12542679229149648,1.902135206785442,1.9015777564655674,0
20260728_151736_tspc_v5_rep2,tsp_construct,version5,97,9,0.051089109824174805,2.1354230278028887,2.134978003445337,1
20260728_151736_tspc_v5_rep2,tsp_construct,version5,98,8,0.04805845560208267,2.058171954645009,2.0582021506425656,0
20260728_151736_tspc_v5_rep2,tsp_construct,version5,99,8,0.04032163535000772,2.062631951137458,2.06205109089437,1
20260728_151736_tspc_v5_rep2,tsp_construct,version5,100,9,0.04354994820514954,2.167112680095035,2.167126291842378,0
20260728_151736_tspc_v5_rep3,tsp_construct,version5,1,10,0.41820447382342996,2.300799094017408,2.3009922527168127,1
20260728_151736_tspc_v5_rep3,tsp_construct,version5,2,10,0.2983089018800346,2.3003647201546973,2.3002593140574987,0
20260728_151736_tspc_v5_rep3,tsp_construct,version5,3,10,0.23989823953536407,2.3016683260714075,2.3014127503291246,1
20260728_151736_tspc_v5_rep3,tsp_construct,version5,4,8,0.1427307936266594,2.0761055161239,2.0764974514898946,0
20260728_151736_tspc_v5_rep3,tsp_construct,version5,5,10,0.20036815627126678,2.2960576222043656,2.2961044000217057,0
20260728_151736_tspc_v5_rep3,tsp_construct,version5,6,9,0.125809229123288,2.1953958171959695,2.1954448543100513,0
20260728_151736_tspc_v5_rep3,tsp_construct,version5,7,10,0.11209642944022494,2.28502823749719,2.2840850952680336,0
20260728_151736_tspc_v5_rep3,tsp_construct,version5,8,10,0.16125106424411878,2.301368793717875,2.3014241820671453,0
20260728_151736_tspc_v5_rep3,tsp_construct,version5,9,10,0.16840367700801923,2.2944891099477727,2.2937129684792157,0
20260728_151736_tspc_v5_rep3,tsp_construct,version5,10,9,0.19577395180209461,2.196902418088979,2.1968941867321403,0
20260728_151736_tspc_v5_rep3,tsp_construct,version5,11,10,0.11251836871371587,2.299386805972599,2.299265498732716,1
20260728_151736_tspc_v5_rep3,tsp_construct,version5,12,10,0.16826595467509836,2.293680533333483,2.293608326567434,0
20260728_151736_tspc_v5_rep3,tsp_construct,version5,13,10,0.18932044753288937,2.2909144427859567,2.290510968754232,0
20260728_151736_tspc_v5_rep3,tsp_construct,version5,14,10,0.1263855649294983,2.2966902669766815,2.296629875816755,0
20260728_151736_tspc_v5_rep3,tsp_construct,version5,15,10,0.11952492568657418,2.2501309463026127,2.2261730807729387,1
20260728_151736_tspc_v5_rep3,tsp_construct,version5,16,10,0.0633294957910093,2.2948413389916777,2.2947806072811368,0
20260728_151736_tspc_v5_rep3,tsp_construct,version5,17,10,0.09255191821693563,2.2997006650886798,2.2984584728841195,0
20260728_151736_tspc_v5_rep3,tsp_construct,version5,18,9,0.08321994912984661,2.1913234330207416,2.191221434054593,0
20260728_151736_tspc_v5_rep3,tsp_construct,version5,19,9,0.13538916127558823,2.1937850705783077,2.1934907554710987,0
20260728_151736_tspc_v5_rep3,tsp_construct,version5,20,10,0.05595160158451166,2.263805247802336,2.2637634477636923,0
20260728_151736_tspc_v5_rep3,tsp_construct,version5,21,10,0.030504369717036274,2.263705749548625,2.2635941789902807,1
20260728_151736_tspc_v5_rep3,tsp_construct,version5,22,10,0.04488015652047926,2.277478173388488,2.276957078335712,0
20260728_151736_tspc_v5_rep3,tsp_construct,version5,23,10,0.0014084507042239416,2.277335932910528,2.277327820854353,0
20260728_151736_tspc_v5_rep3,tsp_construct,version5,24,10,0.11249259972371348,2.2560237193397095,2.2549185338972233,0
20260728_151736_tspc_v5_rep3,tsp_construct,version5,25,9,0.12274664221647197,2.145313336382809,2.1446103754049037,0
20260728_151736_tspc_v5_rep3,tsp_construct,version5,26,10,0.020111565755381262,2.2702523678783866,2.2698178705816248,0
20260728_151736_tspc_v5_rep3,tsp_construct,version5,27,9,0.004807913503560853,2.166322330077995,2.166419751044372,0
20260728_151736_tspc_v5_rep3,tsp_construct,version5,28,10,0.013613412101784425,2.2729682710487333,2.272349650803587,0
20260728_151736_tspc_v5_rep3,tsp_construct,version5,29,10,0.010738979330517881,2.27882026938968,2.2787919214735157,0
20260728_151736_tspc_v5_rep3,tsp_construct,version5,30,10,0.027642772055189224,2.23919441704346,2.2362136040030514,0
20260728_151736_tspc_v5_rep3,tsp_construct,version5,31,10,0.02832838831215692,2.281609060362934,2.2815914966264725,0
20260728_151736_tspc_v5_rep3,tsp_construct,version5,32,10,0.044857788410375125,2.284577366735305,2.284396368491083,0
20260728_151736_tspc_v5_rep3,tsp_construct,version5,33,10,0.04761664418039109,2.2761727310078257,2.2753827640399673,0
20260728_151736_tspc_v5_rep3,tsp_construct,version5,34,10,0.03319020397772683,2.2780563613934683,2.2779477926888396,1
20260728_151736_tspc_v5_rep3,tsp_construct,version5,35,10,0.048231161929808676,2.2903044676878115,2.290313812347842,0
20260728_151736_tspc_v5_rep3,tsp_construct,version5,36,10,0.0803102842230855,2.2807866798165235,2.2805728819416613,0
20260728_151736_tspc_v5_rep3,tsp_construct,version5,37,10,0.013153977309974373,2.2559380906791944,2.2558806756192538,0
20260728_151736_tspc_v5_rep3,tsp_construct,version5,38,10,0.11814745054472667,2.2611352809157483,2.261080848058013,0
20260728_151736_tspc_v5_rep3,tsp_construct,version5,39,10,0.018764439649034577,2.2649835999665227,2.2650326806184684,0
20260728_151736_tspc_v5_rep3,tsp_construct,version5,40,10,0.030220044907093672,2.2846858311358296,2.284624048849529,0
20260728_151736_tspc_v5_rep3,tsp_construct,version5,41,10,0.07407815779219205,2.23470400508405,2.234376994416221,0
20260728_151736_tspc_v5_rep3,tsp_construct,version5,42,8,0.022410125377359633,2.0321813732991005,2.030213030993933,0
20260728_151736_tspc_v5_rep3,tsp_construct,version5,43,10,0.047022292314420476,2.2723988068751546,2.270662713981671,1
20260728_151736_tspc_v5_rep3,tsp_construct,version5,44,9,0.035779753629294225,2.159953210255545,2.15995674304769,0
20260728_151736_tspc_v5_rep3,tsp_construct,version5,45,10,0.05941136420127491,2.296093695181613,2.2960471725543026,0
20260728_151736_tspc_v5_rep3,tsp_construct,version5,46,10,0.019279490758344724,2.2935184760376557,2.2935169358495586,0
20260728_151736_tspc_v5_rep3,tsp_construct,version5,47,10,0.03958882145126512,2.291997759299802,2.291935011473922,0
20260728_151736_tspc_v5_rep3,tsp_construct,version5,48,10,0.039395997392383204,2.299307832787472,2.2991407668794603,0
20260728_151736_tspc_v5_rep3,tsp_construct,version5,49,10,0.04429730240891751,2.276759097533906,2.276249031722182,0
20260728_151736_tspc_v5_rep3,tsp_construct,version5,50,10,0.06620755349339535,2.263045311274635,2.261696433102123,0
20260728_151736_tspc_v5_rep3,tsp_construct,version5,51,10,0.06501975705498372,2.260048381192248,2.259681805727719,0
20260728_151736_tspc_v5_rep3,tsp_construct,version5,52,10,0.07792799913072865,2.2470984276759793,2.2472777714887058,1
20260728_151736_tspc_v5_rep3,tsp_construct,version5,53,10,0.03515959966874792,2.2851087350410824,2.285044312267723,1
20260728_151736_tspc_v5_rep3,tsp_construct,version5,54,10,0.05987484073128907,2.2315792573682747,2.2264728859292235,0
20260728_151736_tspc_v5_rep3,tsp_construct,version5,55,10,0.05068412562575304,2.2378523032213815,2.2375063484704163,0
20260728_151736_tspc_v5_rep3,tsp_construct,version5,56,10,0.03392312699119823,2.215846214550184,2.2140082092136253,1
20260728_151736_tspc_v5_rep3,tsp_construct,version5,57,10,0.017261904761887492,2.2944208753773925,2.294403021461779,0
20260728_151736_tspc_v5_rep3,tsp_construct,version5,58,10,0.012454875761825347,2.2807158752431906,2.2807098976396656,0
20260728_151736_tspc_v5_rep3,tsp_construct,version5,59,10,0.01703935122983035,2.2747776639936466,2.2746972415645805,0
20260728_151736_tspc_v5_rep3,tsp_construct,version5,60,10,0.026960946156634642,2.2646813478943364,2.262875933528937,0
20260728_151736_tspc_v5_rep3,tsp_construct,version5,61,10,0.0171660852987207,2.2669458448469375,2.2669400462024814,0
20260728_151736_tspc_v5_rep3,tsp_construct,version5,62,9,0.04505619657054955,2.161780210101577,2.161697575198813,0
20260728_151736_tspc_v5_rep3,tsp_construct,version5,63,10,0.018224986019683247,2.274684799080355,2.2711950355376986,0
20260728_151736_tspc_v5_rep3,tsp_construct,version5,64,10,0.021257747174931334,2.274238235995384,2.2741699223420775,0
20260728_151736_tspc_v5_rep3,tsp_construct,version5,65,10,0.05578514437521911,2.250533651833515,2.2511955088868443,0
20260728_151736_tspc_v5_rep3,tsp_construct,version5,66,10,0.05848211300981563,2.248937077385951,2.246253719522423,0
20260728_151736_tspc_v5_rep3,tsp_construct,version5,67,10,0.02343524051034688,2.2604770336741384,2.260533709193209,0
20260728_151736_tspc_v5_rep3,tsp_construct,version5,68,10,0.042699795282451804,2.2360401987098895,2.235772216230975,0
20260728_151736_tspc_v5_rep3,tsp_construct,version5,69,10,0.0617824045477474,2.285432609729167,2.2679349288064734,0
20260728_151736_tspc_v5_rep3,tsp_construct,version5,70,10,0.06331581866785739,2.2423451746064442,2.242173412912778,0
20260728_151736_tspc_v5_rep3,tsp_construct,version5,71,9,0.10619607711428974,2.128406763005293,2.1259341860085863,0
20260728_151736_tspc_v5_rep3,tsp_construct,version5,72,10,0.0687580114579787,2.272538239708997,2.271303063630628,0
20260728_151736_tspc_v5_rep3,tsp_construct,version5,73,10,0.03250741619032893,2.275855292888752,2.2756777687816467,0
20260728_151736_tspc_v5_rep3,tsp_construct,version5,74,10,0.0699500258934398,2.2786624354115212,2.2785696616692945,0
20260728_151736_tspc_v5_rep3,tsp_construct,version5,75,10,0.049061917498507523,2.2748864951259047,2.2743121983582926,0
20260728_151736_tspc_v5_rep3,tsp_construct,version5,76,10,0.013328601539970333,2.2797498943682157,2.279749682444825,0
20260728_151736_tspc_v5_rep3,tsp_construct,version5,77,10,0.06608878659854006,2.263779259226531,2.263489181193042,0
20260728_151736_tspc_v5_rep3,tsp_construct,version5,78,10,0.02057221012062721,2.275573644982353,2.2753887347937236,0
20260728_151736_tspc_v5_rep3,tsp_construct,version5,79,10,0.01477077687442065,2.2957399704684898,2.2955974872523273,0
20260728_151736_tspc_v5_rep3,tsp_construct,version5,80,10,0.026032049101128774,2.239551334939029,2.2389954210011247,0
20260728_151736_tspc_v5_rep3,tsp_construct,version5,81,10,0.04309210325542524,2.242774994414744,2.2428558383489103,0
20260728_151736_tspc_v5_rep3,tsp_construct,version5,82,10,0.021863062004092153,2.2467234809627046,2.2455118356626906,0
20260728_151736_tspc_v5_rep3,tsp_construct,version5,83,10,0.038381449632152,2.264617277974242,2.264286273295084,1
20260728_151736_tspc_v5_rep3,tsp_construct,version5,84,10,0.015252881444461852,2.250744589548524,2.2506411123152104,0
20260728_151736_tspc_v5_rep3,tsp_construct,version5,85,9,0.09238577180892206,2.145980932989213,2.145607490585958,0
20260728_151736_tspc_v5_rep3,tsp_construct,version5,86,9,0.05049325227308141,2.159954423006369,2.159520545727683,0
20260728_151736_tspc_v5_rep3,tsp_construct,version5,87,9,0.033322692541911725,2.1599411383380316,2.159634364823785,0
20260728_151736_tspc_v5_rep3,tsp_construct,version5,88,10,0.02616128937093499,2.291074923696338,2.2910067904972964,0
20260728_151736_tspc_v5_rep3,tsp_construct,version5,89,9,0.06025737424436902,2.138666062550145,2.136463641175084,0
20260728_151736_tspc_v5_rep3,tsp_construct,version5,90,8,0.009184887698934734,2.070053663328075,2.069950932535676,0
20260728_151736_tspc_v5_rep3,tsp_construct,version5,91,8,0.042078717570759386,2.0081018420652956,2.007965727358937,0
20260728_151736_tspc_v5_rep3,tsp_construct,version5,92,9,0.018923662128168636,2.185561569935895,2.1855458200893807,0
20260728_151736_tspc_v5_rep3,tsp_construct,version5,93,10,0.008611863896408136,2.2863467101647537,2.2863611498043133,1
20260728_151736_tspc_v5_rep3,tsp_construct,version5,94,10,0.016515741858129453,2.269259392781967,2.269028204218716,0
20260728_151736_tspc_v5_rep3,tsp_construct,version5,95,10,0.06611486467075765,2.2372638176293145,2.237211346209586,0
20260728_151736_tspc_v5_rep3,tsp_construct,version5,96,10,0.03472144897536145,2.259944600671374,2.259800121639301,0
20260728_151736_tspc_v5_rep3,tsp_construct,version5,97,10,0.045509346012924105,2.2683272354487545,2.2669038834521085,0
20260728_151736_tspc_v5_rep3,tsp_construct,version5,98,10,0.04204760084521779,2.287429244606371,2.2870550335699553,0
20260728_151736_tspc_v5_rep3,tsp_construct,version5,99,10,0.040278953359514064,2.252266892634819,2.255126495581507,0
20260728_151736_tspc_v5_rep3,tsp_construct,version5,100,9,0.024420687396392582,2.1644671427303903,2.164407257124635,0
v6_20260801_183249_tspc_v6_rep1,tsp_construct,version6,1,10,0.41588468755513014,2.2998888086740332,2.2999400739793137,1
v6_20260801_183249_tspc_v6_rep1,tsp_construct,version6,2,10,0.3402724468544012,2.3015471633795794,2.3015001548544594,1
v6_20260801_183249_tspc_v6_rep1,tsp_construct,version6,3,10,0.3278407725061667,2.3003857572971675,2.300349034725192,0
v6_20260801_183249_tspc_v6_rep1,tsp_construct,version6,4,8,0.2790434062032665,2.0762874081966136,2.0739390423432704,0
v6_20260801_183249_tspc_v6_rep1,tsp_construct,version6,5,10,0.26856491949016253,2.298786973900234,2.299012650365287,0
v6_20260801_183249_tspc_v6_rep1,tsp_construct,version6,6,9,0.3188588472511537,2.193247195979801,2.1926198822928087,0
v6_20260801_183249_tspc_v6_rep1,tsp_construct,version6,7,9,0.3289377303571033,2.192006442277239,2.1889749745024227,0
v6_20260801_183249_tspc_v6_rep1,tsp_construct,version6,8,9,0.27929181472609366,2.1901655077978504,2.1910912735567094,1
v6_20260801_183249_tspc_v6_rep1,tsp_construct,version6,9,10,0.2850801625095679,2.2968700595632208,2.290726691232139,0
v6_20260801_183249_tspc_v6_rep1,tsp_construct,version6,10,8,0.2141352642287509,2.07112810943896,2.0716484314094004,0
v6_20260801_183249_tspc_v6_rep1,tsp_construct,version6,11,9,0.26870446186774016,2.1924326082181933,2.19227322979601,0
v6_20260801_183249_tspc_v6_rep1,tsp_construct,version6,12,10,0.2331816027227791,2.2982368674743974,2.297893911298521,0
v6_20260801_183249_tspc_v6_rep1,tsp_construct,version6,13,8,0.2007126711356942,2.0739692889701504,2.074258556393594,0
v6_20260801_183249_tspc_v6_rep1,tsp_construct,version6,14,9,0.2102343963199563,2.1767976621011553,2.165826600668547,0
v6_20260801_183249_tspc_v6_rep1,tsp_construct,version6,15,6,0.25980894676074173,1.791182525526278,1.7911969744043663,0
v6_20260801_183249_tspc_v6_rep1,tsp_construct,version6,16,10,0.32288084496284414,2.298564966376606,2.298343367530304,0
v6_20260801_183249_tspc_v6_rep1,tsp_construct,version6,17,9,0.21572762572102014,2.1935022778446136,2.1953853453808123,0
v6_20260801_183249_tspc_v6_rep1,tsp_construct,version6,18,10,0.26629902735892685,2.299954607961287,2.2996089931585653,0
v6_20260801_183249_tspc_v6_rep1,tsp_construct,version6,19,10,0.2631293910447543,2.298382701914892,2.298312816751943,0
v6_20260801_183249_tspc_v6_rep1,tsp_construct,version6,20,10,0.23530179712135882,2.296396911076137,2.2962924224534316,0
v6_20260801_183249_tspc_v6_rep1,tsp_construct,version6,21,8,0.2452093493230032,2.0771165676612178,2.0772512939556718,1
v6_20260801_183249_tspc_v6_rep1,tsp_construct,version6,22,9,0.24434967399815177,2.191052054098173,2.1897584043831846,0
v6_20260801_183249_tspc_v6_rep1,tsp_construct,version6,23,7,0.1517232682685556,1.9380477861172987,1.938312231238841,0
v6_20260801_183249_tspc_v6_rep1,tsp_construct,version6,24,8,0.14597509146349955,2.077305825302232,2.077671488525812,1
v6_20260801_183249_tspc_v6_rep1,tsp_construct,version6,25,8,0.3170123421072861,2.07183172052334,2.0711651916034564,0
v6_20260801_183249_tspc_v6_rep1,tsp_construct,version6,26,9,0.2386787006730058,2.1935025953899627,2.194107972804944,1
v6_20260801_183249_tspc_v6_rep1,tsp_construct,version6,27,9,0.26278346075477826,2.1957771168540106,2.1959139133873773,0
v6_20260801_183249_tspc_v6_rep1,tsp_construct,version6,28,9,0.1311706873313761,2.1961995599729955,2.1946594500592913,0
v6_20260801_183249_tspc_v6_rep1,tsp_construct,version6,29,9,0.20823275290228122,2.1969072096092863,2.196608118027544,0
v6_20260801_183249_tspc_v6_rep1,tsp_construct,version6,30,10,0.23713298363230234,2.293831235075051,2.2918011090978077,1
v6_20260801_183249_tspc_v6_rep1,tsp_construct,version6,31,10,0.18722017791358708,2.2899347286279204,2.289375387496586,0
v6_20260801_183249_tspc_v6_rep1,tsp_construct,version6,32,9,0.19491927717797564,2.194213901881935,2.194000789717059,0
v6_20260801_183249_tspc_v6_rep1,tsp_construct,version6,33,9,0.15277416777189548,2.192077092222331,2.1913548201452535,0
v6_20260801_183249_tspc_v6_rep1,tsp_construct,version6,34,8,0.08725614980608888,2.0753981699393584,2.0749645674974038,1
v6_20260801_183249_tspc_v6_rep1,tsp_construct,version6,35,10,0.22737892706822455,2.2957441628757804,2.2933922246125817,1
v6_20260801_183249_tspc_v6_rep1,tsp_construct,version6,36,10,0.15538901133212138,2.3006256434662182,2.3004537111860506,0
v6_20260801_183249_tspc_v6_rep1,tsp_construct,version6,37,10,0.21890896237960894,2.3008628679643093,2.300928347843895,0
v6_20260801_183249_tspc_v6_rep1,tsp_construct,version6,38,10,0.11947709656238117,2.292310222499901,2.2921816021944794,0
v6_20260801_183249_tspc_v6_rep1,tsp_construct,version6,39,10,0.2077659024020253,2.2969687848834095,2.296795530014569,0
v6_20260801_183249_tspc_v6_rep1,tsp_construct,version6,40,9,0.16155229162111517,2.192680577674397,2.1924074719818902,1
v6_20260801_183249_tspc_v6_rep1,tsp_construct,version6,41,10,0.13771388070944054,2.299988848901312,2.299911471136222,0
v6_20260801_183249_tspc_v6_rep1,tsp_construct,version6,42,8,0.28577901680145945,2.0768317732500288,2.0769803732573546,0
v6_20260801_183249_tspc_v6_rep1,tsp_construct,version6,43,8,0.1290146007370327,2.0760513683334567,2.075103330923351,0
v6_20260801_183249_tspc_v6_rep1,tsp_construct,version6,44,8,0.2345765140248186,2.063278446562947,2.062612561609516,0
v6_20260801_183249_tspc_v6_rep1,tsp_construct,version6,45,10,0.16112037667706686,2.300623288116902,2.300638249812227,0
v6_20260801_183249_tspc_v6_rep1,tsp_construct,version6,46,7,0.2738170804206607,1.9410035750352799,1.9410199054368498,0
v6_20260801_183249_tspc_v6_rep1,tsp_construct,version6,47,9,0.19084985743831268,2.19192373836511,2.191603851255799,0
v6_20260801_183249_tspc_v6_rep1,tsp_construct,version6,48,10,0.2704679013062691,2.2882652187509556,2.2874163502021494,0
v6_20260801_183249_tspc_v6_rep1,tsp_construct,version6,49,10,0.2592005240560898,2.2939587622327124,2.293775017989858,0
v6_20260801_183249_tspc_v6_rep1,tsp_construct,version6,50,10,0.159554388613031,2.2885083110683753,2.2881375528929517,0
v6_20260801_183249_tspc_v6_rep1,tsp_construct,version6,51,8,0.17022122224938152,2.0608336280072774,2.060402916927924,0
v6_20260801_183249_tspc_v6_rep1,tsp_construct,version6,52,9,0.13196888696716977,2.1837210584146245,2.18339837292672,0
v6_20260801_183249_tspc_v6_rep1,tsp_construct,version6,53,9,0.1887141932456416,2.1909702777480207,2.1908298774802497,0
v6_20260801_183249_tspc_v6_rep1,tsp_construct,version6,54,10,0.11919631410080656,2.268246878810168,2.267961862503012,0
v6_20260801_183249_tspc_v6_rep1,tsp_construct,version6,55,9,0.16161160715748418,2.182996946557473,2.1826421468240085,0
v6_20260801_183249_tspc_v6_rep1,tsp_construct,version6,56,9,0.16264178059903367,2.1869437933946823,2.1866376348989918,0
v6_20260801_183249_tspc_v6_rep1,tsp_construct,version6,57,8,0.1385457729066587,2.0763468335983455,2.0768762364434945,0
v6_20260801_183249_tspc_v6_rep1,tsp_construct,version6,58,9,0.23461321797114756,2.1820149538303824,2.180426192809101,0
v6_20260801_183249_tspc_v6_rep1,tsp_construct,version6,59,10,0.16975272599747518,2.2978711779988865,2.2981540635168867,0
v6_20260801_183249_tspc_v6_rep1,tsp_construct,version6,60,10,0.14181460163914386,2.2593651747741377,2.2588447975441035,1
v6_20260801_183249_tspc_v6_rep1,tsp_construct,version6,61,9,0.3108555334818648,2.18990341576749,2.1835699221675022,0
v6_20260801_183249_tspc_v6_rep1,tsp_construct,version6,62,10,0.2539276105339172,2.290594721869164,2.2684209994878066,0
v6_20260801_183249_tspc_v6_rep1,tsp_construct,version6,63,10,0.2523476716591132,2.2928210262330686,2.293488231491128,0
v6_20260801_183249_tspc_v6_rep1,tsp_construct,version6,64,10,0.2523084288696573,2.2969465208725026,2.2969536927467225,0
v6_20260801_183249_tspc_v6_rep1,tsp_construct,version6,65,8,0.2014216234879076,2.0787350323289573,2.078763382134256,0
v6_20260801_183249_tspc_v6_rep1,tsp_construct,version6,66,8,0.14216146630957516,2.0569463590994275,2.0497669689473272,0
v6_20260801_183249_tspc_v6_rep1,tsp_construct,version6,67,8,0.17690158879395135,2.0680891727140476,2.0677362244891317,0
v6_20260801_183249_tspc_v6_rep1,tsp_construct,version6,68,9,0.1885305798776765,2.1860417951358966,2.185759043741832,0
v6_20260801_183249_tspc_v6_rep1,tsp_construct,version6,69,9,0.14863374605574348,2.1862469025809985,2.186049059541255,0
v6_20260801_183249_tspc_v6_rep1,tsp_construct,version6,70,9,0.167457846706979,2.193518192698959,2.193370526800301,0
v6_20260801_183249_tspc_v6_rep1,tsp_construct,version6,71,9,0.10659622828909061,2.1868771814948826,2.1868506584617156,0
v6_20260801_183249_tspc_v6_rep1,tsp_construct,version6,72,8,0.23066362885789773,2.0693923673215675,2.069345579310126,0
v6_20260801_183249_tspc_v6_rep1,tsp_construct,version6,73,9,0.19389819845219514,2.183998287490114,2.182298506367943,0
v6_20260801_183249_tspc_v6_rep1,tsp_construct,version6,74,10,0.15274736073377423,2.2944564813172295,2.2940936014214035,0
v6_20260801_183249_tspc_v6_rep1,tsp_construct,version6,75,10,0.13072023987519354,2.2728029807885406,2.2762764228091434,1
v6_20260801_183249_tspc_v6_rep1,tsp_construct,version6,76,8,0.17448854460363628,2.059405605874583,2.058995392242727,0
v6_20260801_183249_tspc_v6_rep1,tsp_construct,version6,77,8,0.22565126736195198,2.056334617643977,2.055996526388317,0
v6_20260801_183249_tspc_v6_rep1,tsp_construct,version6,78,9,0.216965539998377,2.186810297924173,2.182670125623786,1
v6_20260801_183249_tspc_v6_rep1,tsp_construct,version6,79,9,0.07821803606875517,2.186369958872139,2.1857824823464043,0
v6_20260801_183249_tspc_v6_rep1,tsp_construct,version6,80,10,0.12751637665578,2.2976193243238794,2.2974084888545354,1
v6_20260801_183249_tspc_v6_rep1,tsp_construct,version6,81,9,0.16506341441816252,2.192002513708457,2.191937737256919,1
v6_20260801_183249_tspc_v6_rep1,tsp_construct,version6,82,10,0.1787089241601872,2.2890917426744846,2.288985756996263,0
v6_20260801_183249_tspc_v6_rep1,tsp_construct,version6,83,9,0.15359703220965698,2.1815958527970283,2.1813827990184427,0
v6_20260801_183249_tspc_v6_rep1,tsp_construct,version6,84,10,0.11755455048361182,2.288277919312239,2.287970512550265,0
v6_20260801_183249_tspc_v6_rep1,tsp_construct,version6,85,8,0.07670877140368891,2.0761055503179975,2.0760763211563793,1
v6_20260801_183249_tspc_v6_rep1,tsp_construct,version6,86,10,0.08754051429337327,2.2980165203658736,2.2979913553250353,0
v6_20260801_183249_tspc_v6_rep1,tsp_construct,version6,87,8,0.1031981266383965,2.061925161113933,2.05829691993847,0
v6_20260801_183249_tspc_v6_rep1,tsp_construct,version6,88,8,0.09813587426229654,2.0722782451107404,2.0723460059377574,1
v6_20260801_183249_tspc_v6_rep1,tsp_construct,version6,89,8,0.09554111400954832,2.060839026614129,2.060819046789488,1
v6_20260801_183249_tspc_v6_rep1,tsp_construct,version6,90,9,0.11013595478342214,2.1835255998919423,2.1835808359947846,0
v6_20260801_183249_tspc_v6_rep1,tsp_construct,version6,91,9,0.1314020000425081,2.1876001979460344,2.1874061286541906,0
v6_20260801_183249_tspc_v6_rep1,tsp_construct,version6,92,9,0.11114621467469421,2.1825133187832524,2.18232815019493,0
v6_20260801_183249_tspc_v6_rep1,tsp_construct,version6,93,10,0.09700475073042997,2.2811369211128363,2.2807369046743027,0
v6_20260801_183249_tspc_v6_rep1,tsp_construct,version6,94,10,0.07015803276258926,2.2609057152019703,2.2609025662333355,0
v6_20260801_183249_tspc_v6_rep1,tsp_construct,version6,95,9,0.15645557762774337,2.186388049405207,2.186152787809969,0
v6_20260801_183249_tspc_v6_rep1,tsp_construct,version6,96,10,0.15096795978577843,2.2577166427122846,2.2518569694060093,0
v6_20260801_183249_tspc_v6_rep1,tsp_construct,version6,97,9,0.10915063628252009,2.1815837330325363,2.1814146003890635,0
v6_20260801_183249_tspc_v6_rep1,tsp_construct,version6,98,9,0.12591192625466313,2.1759720333271897,2.1760269308003175,0
v6_20260801_183249_tspc_v6_rep1,tsp_construct,version6,99,10,0.1769012924861299,2.294079700383252,2.2940924685634796,0
v6_20260801_183249_tspc_v6_rep1,tsp_construct,version6,100,7,0.19353038142735945,1.9199452435364734,1.9183491203672511,0
v6_20260801_183249_tspc_v6_rep2,tsp_construct,version6,1,9,0.5019683030401094,2.1956161135782133,2.1953345741831694,0
v6_20260801_183249_tspc_v6_rep2,tsp_construct,version6,2,10,0.3273071655564705,2.301246066930018,2.301179427167085,1
v6_20260801_183249_tspc_v6_rep2,tsp_construct,version6,3,10,0.321884764699063,2.299549593376174,2.2991845298439357,0
v6_20260801_183249_tspc_v6_rep2,tsp_construct,version6,4,10,0.24457645632167152,2.3008761984239423,2.300719945890196,0
v6_20260801_183249_tspc_v6_rep2,tsp_construct,version6,5,9,0.23352144526955232,2.191292590707349,2.1914780472333937,0
v6_20260801_183249_tspc_v6_rep2,tsp_construct,version6,6,10,0.200079473418238,2.3015242670302283,2.3015243198298947,0
v6_20260801_183249_tspc_v6_rep2,tsp_construct,version6,7,10,0.20618761686596665,2.2942359788243354,2.297022154958264,0
v6_20260801_183249_tspc_v6_rep2,tsp_construct,version6,8,10,0.20583174592508663,2.3008629564240124,2.3008064714601044,0
v6_20260801_183249_tspc_v6_rep2,tsp_construct,version6,9,9,0.26517602681662855,2.1916143853510186,2.1917068591225517,0
v6_20260801_183249_tspc_v6_rep2,tsp_construct,version6,10,10,0.28083367660433445,2.298408191201128,2.298396332712432,1
v6_20260801_183249_tspc_v6_rep2,tsp_construct,version6,11,9,0.2162068146047881,2.1955143946489084,2.1947946250506756,1
v6_20260801_183249_tspc_v6_rep2,tsp_construct,version6,12,9,0.21550778003809026,2.191923226630989,2.1911383545997465,0
v6_20260801_183249_tspc_v6_rep2,tsp_construct,version6,13,9,0.1334758567813499,2.171692081242372,2.171924825933778,1
v6_20260801_183249_tspc_v6_rep2,tsp_construct,version6,14,9,0.18720660370383052,2.1727443895856537,2.1662931718964975,1
v6_20260801_183249_tspc_v6_rep2,tsp_construct,version6,15,7,0.24086005103377567,1.9403436089061095,1.9398363070364173,0
v6_20260801_183249_tspc_v6_rep2,tsp_construct,version6,16,8,0.28806227381689276,2.07296929889767,2.073623701444034,1
v6_20260801_183249_tspc_v6_rep2,tsp_construct,version6,17,6,0.13145445675659753,1.7681618928633511,1.7674239631224302,1
v6_20260801_183249_tspc_v6_rep2,tsp_construct,version6,18,10,0.06644611143530496,2.2866339533688005,2.2906213267158435,0
v6_20260801_183249_tspc_v6_rep2,tsp_construct,version6,19,9,0.2512839183880717,2.1851649231588186,2.1843480411535,0
v6_20260801_183249_tspc_v6_rep2,tsp_construct,version6,20,7,0.08558046481944936,1.9243552587455823,1.9222145303387506,1
v6_20260801_183249_tspc_v6_rep2,tsp_construct,version6,21,9,0.13842371539364723,2.1884449893481346,2.186041464787098,0
v6_20260801_183249_tspc_v6_rep2,tsp_construct,version6,22,8,0.04462330988603583,2.0261292652379703,2.025420119387163,0
v6_20260801_183249_tspc_v6_rep2,tsp_construct,version6,23,9,0.09998755242046284,2.147599658303262,2.141909321296449,0
v6_20260801_183249_tspc_v6_rep2,tsp_construct,version6,24,9,0.15133886476733385,2.1716338672551307,2.144390489354565,0
v6_20260801_183249_tspc_v6_rep2,tsp_construct,version6,25,9,0.14786127651015568,2.15311298367073,2.155080531132841,0
v6_20260801_183249_tspc_v6_rep2,tsp_construct,version6,26,9,0.08979488073500044,2.1820525976526883,2.181453327409556,1
v6_20260801_183249_tspc_v6_rep2,tsp_construct,version6,27,6,0.1503583679192236,1.7880008872514406,1.788257054764616,0
v6_20260801_183249_tspc_v6_rep2,tsp_construct,version6,28,8,0.17424772985954023,2.0597284554093633,2.060990287372495,0
v6_20260801_183249_tspc_v6_rep2,tsp_construct,version6,29,6,0.15321730036731765,1.7798651854496623,1.7804793372878909,0
v6_20260801_183249_tspc_v6_rep2,tsp_construct,version6,30,9,0.12814953399768264,2.1814737879087347,2.1807843695753744,1
v6_20260801_183249_tspc_v6_rep2,tsp_construct,version6,31,8,0.08507761798129415,2.073449810655524,2.073288625760292,0
v6_20260801_183249_tspc_v6_rep2,tsp_construct,version6,32,7,0.08637044548660512,1.9448794260314597,1.944834239335366,0
v6_20260801_183249_tspc_v6_rep2,tsp_construct,version6,33,9,0.11397027176815176,2.1728062887373034,2.1731246814988694,1
v6_20260801_183249_tspc_v6_rep2,tsp_construct,version6,34,10,0.1931727593413291,2.2672355028712294,2.2652002064077075,0
v6_20260801_183249_tspc_v6_rep2,tsp_construct,version6,35,9,0.18762134454384563,2.1905030016930414,2.1895178285982415,0
v6_20260801_183249_tspc_v6_rep2,tsp_construct,version6,36,9,0.05061358700208522,2.187043914870766,2.1870357315203974,0
v6_20260801_183249_tspc_v6_rep2,tsp_construct,version6,37,7,0.1323865411280283,1.9362941686367177,1.935989461266237,0
v6_20260801_183249_tspc_v6_rep2,tsp_construct,version6,38,8,0.1356482585587475,2.0362609348828276,2.0359258773563202,0
v6_20260801_183249_tspc_v6_rep2,tsp_construct,version6,39,10,0.0632497208966129,2.237758749797778,2.2363933292202844,1
v6_20260801_183249_tspc_v6_rep2,tsp_construct,version6,40,5,0.2256775012333093,1.5954534475016424,1.5958438227113858,0
v6_20260801_183249_tspc_v6_rep2,tsp_construct,version6,41,8,0.15060637296245313,2.068581012776508,2.067641700422593,0
v6_20260801_183249_tspc_v6_rep2,tsp_construct,version6,42,9,0.07163733151765476,2.184547206656921,2.184552683136909,0
v6_20260801_183249_tspc_v6_rep2,tsp_construct,version6,43,9,0.08212542127708634,2.189764101978997,2.188105145469653,0
v6_20260801_183249_tspc_v6_rep2,tsp_construct,version6,44,9,0.07133695051200466,2.1900399699667616,2.190170013538027,1
v6_20260801_183249_tspc_v6_rep2,tsp_construct,version6,45,10,0.14523264868093522,2.2642246838855975,2.2638276701153712,0
v6_20260801_183249_tspc_v6_rep2,tsp_construct,version6,46,6,0.1001000350302619,1.7872669412325686,1.7874459497466921,0
v6_20260801_183249_tspc_v6_rep2,tsp_construct,version6,47,7,0.06536765212428651,1.9413461695906515,1.9413426867701502,0
v6_20260801_183249_tspc_v6_rep2,tsp_construct,version6,48,5,0.05993021179779233,1.5984675060789086,1.5989922676267796,0
v6_20260801_183249_tspc_v6_rep2,tsp_construct,version6,49,10,0.0756854468864089,2.253636872460729,2.253483442305276,0
v6_20260801_183249_tspc_v6_rep2,tsp_construct,version6,50,9,0.07751685198760239,2.185381841148769,2.184510514723286,0
v6_20260801_183249_tspc_v6_rep2,tsp_construct,version6,51,8,0.09705482447997081,2.0692977166017297,2.0689620038356935,0
v6_20260801_183249_tspc_v6_rep2,tsp_construct,version6,52,8,0.09208289096857525,2.060302046046072,2.060528894158937,0
v6_20260801_183249_tspc_v6_rep2,tsp_construct,version6,53,8,0.0934142810800746,2.066204706340696,2.0667962167483385,0
v6_20260801_183249_tspc_v6_rep2,tsp_construct,version6,54,5,0.0621723163230685,1.6066846926770382,1.6066852329517596,0
v6_20260801_183249_tspc_v6_rep2,tsp_construct,version6,55,7,0.13245919882811028,1.9071987497452465,1.906640262849859,0
v6_20260801_183249_tspc_v6_rep2,tsp_construct,version6,56,3,0.11444570365892746,1.0878308407672739,1.087039827524062,0
v6_20260801_183249_tspc_v6_rep2,tsp_construct,version6,57,7,0.048015367479596775,1.937900281849518,1.9378677418756496,1
v6_20260801_183249_tspc_v6_rep2,tsp_construct,version6,58,10,0.05168974125630699,2.291439734856501,2.2914394366782305,0
v6_20260801_183249_tspc_v6_rep2,tsp_construct,version6,59,8,0.10157786924365592,2.075707923573214,2.075354681411085,0
v6_20260801_183249_tspc_v6_rep2,tsp_construct,version6,60,9,0.11769467899192672,2.1911100594741497,2.1907919464540764,1
v6_20260801_183249_tspc_v6_rep2,tsp_construct,version6,61,6,0.08748070262852348,1.7898848990673821,1.7899560830882293,0
v6_20260801_183249_tspc_v6_rep2,tsp_construct,version6,62,6,0.09237279207869646,1.7891816634767863,1.789103277083581,0
v6_20260801_183249_tspc_v6_rep2,tsp_construct,version6,63,6,0.11043491928550427,1.7882823112661759,1.7879218843519786,0
v6_20260801_183249_tspc_v6_rep2,tsp_construct,version6,64,7,0.10290821762603576,1.9436705356450563,1.9437530342627338,0
v6_20260801_183249_tspc_v6_rep2,tsp_construct,version6,65,7,0.11763637494003776,1.9412410436556036,1.9412237802290053,0
v6_20260801_183249_tspc_v6_rep2,tsp_construct,version6,66,8,0.06542813389404312,2.067844068983986,2.067889159649317,0
v6_20260801_183249_tspc_v6_rep2,tsp_construct,version6,67,9,0.08507002067182269,2.190840272943498,2.190942309647109,0
v6_20260801_183249_tspc_v6_rep2,tsp_construct,version6,68,10,0.11068574129797563,2.299387188760566,2.299267501756485,0
v6_20260801_183249_tspc_v6_rep2,tsp_construct,version6,69,10,0.10832216543669412,2.297053753344262,2.2970606064268426,0
v6_20260801_183249_tspc_v6_rep2,tsp_construct,version6,70,10,0.11147577034006426,2.2895534977331033,2.289847006905291,0
v6_20260801_183249_tspc_v6_rep2,tsp_construct,version6,71,10,0.11890620094841613,2.259104880568109,2.2587244624265423,0
v6_20260801_183249_tspc_v6_rep2,tsp_construct,version6,72,10,0.09916113532319717,2.2935261950080776,2.2934914651432527,0
v6_20260801_183249_tspc_v6_rep2,tsp_construct,version6,73,9,0.14480256588376575,2.190689882764503,2.190295018675252,0
v6_20260801_183249_tspc_v6_rep2,tsp_construct,version6,74,9,0.09832829506335568,2.1647927574728154,2.1655036273255956,0
v6_20260801_183249_tspc_v6_rep2,tsp_construct,version6,75,9,0.09252305236530983,2.1842540368444276,2.1835347597433605,0
v6_20260801_183249_tspc_v6_rep2,tsp_construct,version6,76,9,0.135118255272254,2.1736699257761845,2.173550706443097,1
v6_20260801_183249_tspc_v6_rep2,tsp_construct,version6,77,10,0.1198442440089813,2.294403132452971,2.2944027684896025,0
v6_20260801_183249_tspc_v6_rep2,tsp_construct,version6,78,9,0.08438424066781075,2.1682139581038165,2.168119847900891,0
v6_20260801_183249_tspc_v6_rep2,tsp_construct,version6,79,8,0.15152997245760633,2.0422622788486984,2.0400422264873095,0
v6_20260801_183249_tspc_v6_rep2,tsp_construct,version6,80,10,0.14213729450832766,2.267587560964322,2.2671273319683047,0
v6_20260801_183249_tspc_v6_rep2,tsp_construct,version6,81,8,0.08132113411701805,2.066644232294848,2.066670477054733,0
v6_20260801_183249_tspc_v6_rep2,tsp_construct,version6,82,10,0.04249893609041636,2.298934165009283,2.2989347385933527,1
v6_20260801_183249_tspc_v6_rep2,tsp_construct,version6,83,10,0.10271242083449603,2.2736976574110024,2.273519090135463,1
v6_20260801_183249_tspc_v6_rep2,tsp_construct,version6,84,9,0.08771652782621195,2.1786865448273396,2.1786410600715036,0
v6_20260801_183249_tspc_v6_rep2,tsp_construct,version6,85,10,0.16568451773489384,2.2662657480774238,2.2657741694768427,0
v6_20260801_183249_tspc_v6_rep2,tsp_construct,version6,86,10,0.12400176442404762,2.2961771247628375,2.296198022449093,0
v6_20260801_183249_tspc_v6_rep2,tsp_construct,version6,87,10,0.17901934021300916,2.2688660482533547,2.267089010122103,1
v6_20260801_183249_tspc_v6_rep2,tsp_construct,version6,88,10,0.14518267941124768,2.2731189116766384,2.2723363893184536,0
v6_20260801_183249_tspc_v6_rep2,tsp_construct,version6,89,10,0.14902975732367926,2.263375318394017,2.258931762909251,0
v6_20260801_183249_tspc_v6_rep2,tsp_construct,version6,90,10,0.12216981030628778,2.2920560074615435,2.2918491213989234,0
v6_20260801_183249_tspc_v6_rep2,tsp_construct,version6,91,9,0.11424116658601285,2.1615052332462814,2.1496499489040164,0
v6_20260801_183249_tspc_v6_rep2,tsp_construct,version6,92,10,0.1383698316906699,2.271028429474521,2.270544129345709,0
v6_20260801_183249_tspc_v6_rep2,tsp_construct,version6,93,9,0.19218288879720372,2.178704276177128,2.1775840307043537,0
v6_20260801_183249_tspc_v6_rep2,tsp_construct,version6,94,9,0.19667892757807048,2.1625843547806625,2.1623303228157615,0
v6_20260801_183249_tspc_v6_rep2,tsp_construct,version6,95,10,0.11962214282837684,2.2953383558340024,2.29522184953184,1
v6_20260801_183249_tspc_v6_rep2,tsp_construct,version6,96,10,0.16761514837653232,2.2766403690567016,2.2760092824496523,1
v6_20260801_183249_tspc_v6_rep2,tsp_construct,version6,97,9,0.18380163599328533,2.168887400668418,2.1687795336486166,0
v6_20260801_183249_tspc_v6_rep2,tsp_construct,version6,98,10,0.1574427987317254,2.2768364593930945,2.2765160223104304,0
v6_20260801_183249_tspc_v6_rep2,tsp_construct,version6,99,10,0.19359203121590807,2.2766924084764657,2.276011924823346,0
v6_20260801_183249_tspc_v6_rep2,tsp_construct,version6,100,8,0.09206158196173635,2.0312602973271954,2.02976006776207,0
v6_20260801_183249_tspc_v6_rep3,tsp_construct,version6,1,9,0.3400230649558491,2.194199850085136,2.194884476362475,1
v6_20260801_183249_tspc_v6_rep3,tsp_construct,version6,2,10,0.2898259083662548,2.3012720852458455,2.301277804709166,1
v6_20260801_183249_tspc_v6_rep3,tsp_construct,version6,3,8,0.2820438420199326,2.0744492266101706,2.074548433978123,1
v6_20260801_183249_tspc_v6_rep3,tsp_construct,version6,4,10,0.19304407211453842,2.2975742766657596,2.2966123916913723,0
v6_20260801_183249_tspc_v6_rep3,tsp_construct,version6,5,10,0.17483753709801725,2.292286170969709,2.292627982088217,0
v6_20260801_183249_tspc_v6_rep3,tsp_construct,version6,6,10,0.23575734704126275,2.2914619306907573,2.291770501321359,0
v6_20260801_183249_tspc_v6_rep3,tsp_construct,version6,7,9,0.25646060277850835,2.1902502640204533,2.189191107639469,1
v6_20260801_183249_tspc_v6_rep3,tsp_construct,version6,8,9,0.21126473915926472,2.1933540910945695,2.193269615065012,0
v6_20260801_183249_tspc_v6_rep3,tsp_construct,version6,9,9,0.19652514093512402,2.195359238796157,2.195424636700407,0
v6_20260801_183249_tspc_v6_rep3,tsp_construct,version6,10,9,0.22134785138261515,2.192071113653714,2.192033862173536,0
v6_20260801_183249_tspc_v6_rep3,tsp_construct,version6,11,9,0.14030668708620958,2.1827224623495267,2.179182891387604,0
v6_20260801_183249_tspc_v6_rep3,tsp_construct,version6,12,8,0.18449083054725132,2.0787474402045136,2.0787081957422213,0
v6_20260801_183249_tspc_v6_rep3,tsp_construct,version6,13,9,0.25747338363961025,2.193706151179066,2.1940312879610246,0
v6_20260801_183249_tspc_v6_rep3,tsp_construct,version6,14,10,0.2192819821386111,2.298953318316123,2.2994109736433965,0
v6_20260801_183249_tspc_v6_rep3,tsp_construct,version6,15,10,0.20575243288874087,2.299866472085829,2.300900569537264,0
v6_20260801_183249_tspc_v6_rep3,tsp_construct,version6,16,9,0.08583488819125557,2.1928494576569997,2.1923179375816106,0
v6_20260801_183249_tspc_v6_rep3,tsp_construct,version6,17,9,0.12884582057200167,2.1923827784639855,2.1882407353055418,0
v6_20260801_183249_tspc_v6_rep3,tsp_construct,version6,18,8,0.24870529893068735,2.0754746794934933,2.0750109637150698,1
v6_20260801_183249_tspc_v6_rep3,tsp_construct,version6,19,10,0.1620649404257799,2.277978374700164,2.276517154553117,0
v6_20260801_183249_tspc_v6_rep3,tsp_construct,version6,20,8,0.13380029301821156,2.0739275837353564,2.0724157886885557,0
v6_20260801_183249_tspc_v6_rep3,tsp_construct,version6,21,8,0.09370729624811028,2.0740244487659965,2.073707558950598,0
v6_20260801_183249_tspc_v6_rep3,tsp_construct,version6,22,8,0.16299563992144092,2.075672258954109,2.0752272554267837,0
v6_20260801_183249_tspc_v6_rep3,tsp_construct,version6,23,10,0.20808802023572298,2.2833825412908704,2.2828927246434954,0
v6_20260801_183249_tspc_v6_rep3,tsp_construct,version6,24,10,0.09471298608693288,2.285162893824688,2.2850161761361214,0
v6_20260801_183249_tspc_v6_rep3,tsp_construct,version6,25,10,0.18444667269174547,2.2977874758906167,2.2987139723232373,0
v6_20260801_183249_tspc_v6_rep3,tsp_construct,version6,26,9,0.15769240909748683,2.1713458078344288,2.1707251793184392,0
v6_20260801_183249_tspc_v6_rep3,tsp_construct,version6,27,8,0.23769705456722778,2.0773203491101393,2.0773844806822193,0
v6_20260801_183249_tspc_v6_rep3,tsp_construct,version6,28,10,0.16831210316588954,2.2808755182155753,2.279840005597736,1
v6_20260801_183249_tspc_v6_rep3,tsp_construct,version6,29,10,0.19058144866648502,2.279168579125453,2.2787627708341667,0
v6_20260801_183249_tspc_v6_rep3,tsp_construct,version6,30,10,0.12449705803685931,2.2654197697146574,2.2570364506945784,0
v6_20260801_183249_tspc_v6_rep3,tsp_construct,version6,31,10,0.21441192745711826,2.277812190825766,2.270168575147957,1
v6_20260801_183249_tspc_v6_rep3,tsp_construct,version6,32,10,0.15357827324358078,2.2967365601840144,2.2959803286615728,0
v6_20260801_183249_tspc_v6_rep3,tsp_construct,version6,33,10,0.15983286422886428,2.2892298907412907,2.288894601454883,0
v6_20260801_183249_tspc_v6_rep3,tsp_construct,version6,34,9,0.11694624800880556,2.1809834963552905,2.1810239342523374,0
v6_20260801_183249_tspc_v6_rep3,tsp_construct,version6,35,10,0.1558017016835832,2.2838103936584497,2.2839425694666367,0
v6_20260801_183249_tspc_v6_rep3,tsp_construct,version6,36,9,0.13287069524817843,2.1846675175110084,2.1825729224732244,0
v6_20260801_183249_tspc_v6_rep3,tsp_construct,version6,37,7,0.16284116542503455,1.9333004470392783,1.9324969851614804,0
v6_20260801_183249_tspc_v6_rep3,tsp_construct,version6,38,8,0.055189301755379554,2.0769579085687857,2.076410866489014,0
v6_20260801_183249_tspc_v6_rep3,tsp_construct,version6,39,10,0.16809665735549523,2.290095385198875,2.289731161063419,0
v6_20260801_183249_tspc_v6_rep3,tsp_construct,version6,40,10,0.06100382115157428,2.2937513828628626,2.2934015814110205,1
v6_20260801_183249_tspc_v6_rep3,tsp_construct,version6,41,10,0.08815136804360932,2.297203017573875,2.297462009110576,0
v6_20260801_183249_tspc_v6_rep3,tsp_construct,version6,42,9,0.1226555273309238,2.1889736366269914,2.1871854860847666,0
v6_20260801_183249_tspc_v6_rep3,tsp_construct,version6,43,8,0.200331209756284,2.0550230710186588,2.048809070846131,0
v6_20260801_183249_tspc_v6_rep3,tsp_construct,version6,44,9,0.1147802670564949,2.1895001944800443,2.1870713033389726,0
v6_20260801_183249_tspc_v6_rep3,tsp_construct,version6,45,9,0.1765663395591925,2.189242891419201,2.1876495131629903,0
v6_20260801_183249_tspc_v6_rep3,tsp_construct,version6,46,10,0.16875311652191677,2.2889127202480366,2.2904346433909373,0
v6_20260801_183249_tspc_v6_rep3,tsp_construct,version6,47,10,0.1704612895735555,2.2854523160553604,2.285688661683115,0
v6_20260801_183249_tspc_v6_rep3,tsp_construct,version6,48,8,0.11115086558319115,2.0584528522428105,2.0587599630374616,0
v6_20260801_183249_tspc_v6_rep3,tsp_construct,version6,49,9,0.15674266270589007,2.1523776750710515,2.1495169294519325,0
v6_20260801_183249_tspc_v6_rep3,tsp_construct,version6,50,7,0.1593769006257951,1.9347474474054422,1.9345120668647,0
v6_20260801_183249_tspc_v6_rep3,tsp_construct,version6,51,9,0.07905193457581149,2.1832563241268166,2.182827971531974,0
v6_20260801_183249_tspc_v6_rep3,tsp_construct,version6,52,8,0.1655392395354033,2.075356097012775,2.075240044388113,0
v6_20260801_183249_tspc_v6_rep3,tsp_construct,version6,53,10,0.18175174210050082,2.29113117999764,2.2906309196806425,0
v6_20260801_183249_tspc_v6_rep3,tsp_construct,version6,54,10,0.13834670771918856,2.2959913435813277,2.295546361140459,0
v6_20260801_183249_tspc_v6_rep3,tsp_construct,version6,55,8,0.11809752686927547,2.064240504007394,2.0632395961588674,1
v6_20260801_183249_tspc_v6_rep3,tsp_construct,version6,56,9,0.17680880688259937,2.1846538372029833,2.1842893105471655,0
v6_20260801_183249_tspc_v6_rep3,tsp_construct,version6,57,9,0.1205354241518341,2.1896790488336517,2.1881414623746553,0
v6_20260801_183249_tspc_v6_rep3,tsp_construct,version6,58,8,0.17805933173767718,2.076080890306396,2.0716255996298707,0
v6_20260801_183249_tspc_v6_rep3,tsp_construct,version6,59,8,0.13738190037105838,2.064969273456819,2.065070792892721,0
v6_20260801_183249_tspc_v6_rep3,tsp_construct,version6,60,9,0.112104296313,2.1930964140861997,2.19208092224664,1
v6_20260801_183249_tspc_v6_rep3,tsp_construct,version6,61,10,0.10896376562813201,2.298197794789203,2.298655473836159,0
v6_20260801_183249_tspc_v6_rep3,tsp_construct,version6,62,9,0.12555425038993556,2.1938794223206433,2.193610993984713,1
v6_20260801_183249_tspc_v6_rep3,tsp_construct,version6,63,8,0.08090849281583871,2.0342183889313885,2.0237753278395827,1
v6_20260801_183249_tspc_v6_rep3,tsp_construct,version6,64,9,0.1085733096510252,2.1694489722628476,2.1629125375182596,0
v6_20260801_183249_tspc_v6_rep3,tsp_construct,version6,65,9,0.17686496366556165,2.192310776287577,2.1914247006204994,0
v6_20260801_183249_tspc_v6_rep3,tsp_construct,version6,66,8,0.1640101715433405,2.0761034040611284,2.075682887819744,0
v6_20260801_183249_tspc_v6_rep3,tsp_construct,version6,67,6,0.07948088637134518,1.7909692360398526,1.7902773659136857,0
v6_20260801_183249_tspc_v6_rep3,tsp_construct,version6,68,10,0.14897050742594847,2.2930824483883514,2.2932688183023657,0
v6_20260801_183249_tspc_v6_rep3,tsp_construct,version6,69,9,0.08226397949108342,2.1700154311984217,2.170296254233536,1
v6_20260801_183249_tspc_v6_rep3,tsp_construct,version6,70,8,0.0955294987069761,2.0432673444658582,2.042996554395546,0
v6_20260801_183249_tspc_v6_rep3,tsp_construct,version6,71,7,0.07109688609527282,1.9285381359441784,1.923943772873991,0
v6_20260801_183249_tspc_v6_rep3,tsp_construct,version6,72,8,0.07020462001940703,2.0642344707393985,2.065331350144822,0
v6_20260801_183249_tspc_v6_rep3,tsp_construct,version6,73,9,0.12894295578294146,2.1620078962057057,2.1625485790985772,0
v6_20260801_183249_tspc_v6_rep3,tsp_construct,version6,74,10,0.08471704507859777,2.267881059969765,2.2641312980935897,1
v6_20260801_183249_tspc_v6_rep3,tsp_construct,version6,75,10,0.029330488698166346,2.2756641021053503,2.2756567357345614,0
v6_20260801_183249_tspc_v6_rep3,tsp_construct,version6,76,9,0.08730826372622286,2.165238590365573,2.165349502899877,0
v6_20260801_183249_tspc_v6_rep3,tsp_construct,version6,77,10,0.05965012235096118,2.2641124388134872,2.263187771973086,0
v6_20260801_183249_tspc_v6_rep3,tsp_construct,version6,78,9,0.07861073082779771,2.1830442676430937,2.1824737447480187,0
v6_20260801_183249_tspc_v6_rep3,tsp_construct,version6,79,10,0.025146462282478542,2.290203809498473,2.2911778848707223,0
v6_20260801_183249_tspc_v6_rep3,tsp_construct,version6,80,8,0.03066253782292496,2.066138388748695,2.0649644014808013,0
v6_20260801_183249_tspc_v6_rep3,tsp_construct,version6,81,9,0.0891208689362565,2.1511175391802406,2.1491985648950416,1
v6_20260801_183249_tspc_v6_rep3,tsp_construct,version6,82,9,0.06357730592458427,2.1376113556680547,2.137952385150582,0
v6_20260801_183249_tspc_v6_rep3,tsp_construct,version6,83,9,0.09974091484228727,2.1409849527055456,2.1386545290645453,0
v6_20260801_183249_tspc_v6_rep3,tsp_construct,version6,84,10,0.04509290460056562,2.2882495358811563,2.2885313370238096,0
v6_20260801_183249_tspc_v6_rep3,tsp_construct,version6,85,10,0.05666841504290332,2.2625819728702767,2.2610866544971158,1
v6_20260801_183249_tspc_v6_rep3,tsp_construct,version6,86,9,0.04598315464139877,2.1922728882971687,2.1924598073450228,0
v6_20260801_183249_tspc_v6_rep3,tsp_construct,version6,87,9,0.06088120838352526,2.1816654232955366,2.182203853355749,1
v6_20260801_183249_tspc_v6_rep3,tsp_construct,version6,88,10,0.050019843428895025,2.293977835106863,2.2939414709353976,1
v6_20260801_183249_tspc_v6_rep3,tsp_construct,version6,89,10,0.05973265070920323,2.2594558508551823,2.2584184445389277,1
v6_20260801_183249_tspc_v6_rep3,tsp_construct,version6,90,10,0.08497278286500096,2.2522212494140565,2.2525540924751457,0
v6_20260801_183249_tspc_v6_rep3,tsp_construct,version6,91,9,0.05922400837050168,2.1632412233259664,2.162578291609412,1
v6_20260801_183249_tspc_v6_rep3,tsp_construct,version6,92,10,0.05443458190550501,2.2923839604959144,2.292295940733476,0
v6_20260801_183249_tspc_v6_rep3,tsp_construct,version6,93,10,0.04343463943204911,2.2732189454543494,2.2730349054931724,0
v6_20260801_183249_tspc_v6_rep3,tsp_construct,version6,94,9,0.07734761210306135,2.16193599665458,2.161268002246185,0
v6_20260801_183249_tspc_v6_rep3,tsp_construct,version6,95,10,0.03509890506951928,2.2930092851273303,2.2931653313273648,0
v6_20260801_183249_tspc_v6_rep3,tsp_construct,version6,96,8,0.1296828272323617,2.041465260743593,2.0411790166452155,0
v6_20260801_183249_tspc_v6_rep3,tsp_construct,version6,97,10,0.07321595743789466,2.2701641884892036,2.270175455362176,0
v6_20260801_183249_tspc_v6_rep3,tsp_construct,version6,98,8,0.09996259049195344,2.067553395233534,2.0675310944219403,0
v6_20260801_183249_tspc_v6_rep3,tsp_construct,version6,99,9,0.05714096181284921,2.156946959320176,2.1569229604033247,0
v6_20260801_183249_tspc_v6_rep3,tsp_construct,version6,100,9,0.04851514311462029,2.145633729413763,2.1335866901133644,0
